/*
Navicat MySQL Data Transfer

Source Server         : localhost_3308
Source Server Version : 80028
Source Host           : localhost:3308
Source Database       : guli

Target Server Type    : MYSQL
Target Server Version : 80028
File Encoding         : 65001

Date: 2023-06-15 19:47:13
*/

SET FOREIGN_KEY_CHECKS=0;

-- ----------------------------
-- Table structure for acl_permission
-- ----------------------------
DROP TABLE IF EXISTS `acl_permission`;
CREATE TABLE `acl_permission` (
  `id` char(19) NOT NULL DEFAULT '' COMMENT '编号',
  `pid` char(19) NOT NULL DEFAULT '' COMMENT '所属上级',
  `name` varchar(20) NOT NULL DEFAULT '' COMMENT '名称',
  `type` tinyint NOT NULL DEFAULT '0' COMMENT '类型(1:菜单,2:按钮)',
  `permission_value` varchar(50) DEFAULT NULL COMMENT '权限值',
  `path` varchar(100) DEFAULT NULL COMMENT '访问路径',
  `component` varchar(100) DEFAULT NULL COMMENT '组件路径',
  `icon` varchar(50) DEFAULT NULL COMMENT '图标',
  `status` tinyint DEFAULT NULL COMMENT '状态(0:禁止,1:正常)',
  `is_deleted` tinyint unsigned NOT NULL DEFAULT '0' COMMENT '逻辑删除 1（true）已删除， 0（false）未删除',
  `gmt_create` datetime DEFAULT NULL COMMENT '创建时间',
  `gmt_modified` datetime DEFAULT NULL COMMENT '更新时间',
  PRIMARY KEY (`id`),
  KEY `idx_pid` (`pid`)
) ENGINE=InnoDB DEFAULT CHARSET=utf8mb4 COLLATE=utf8mb4_0900_ai_ci COMMENT='权限';

-- ----------------------------
-- Records of acl_permission
-- ----------------------------
INSERT INTO `acl_permission` VALUES ('1', '0', '全部数据', '0', '', '', '', '', null, '0', '2019-11-15 17:13:06', '2019-11-15 17:13:06');
INSERT INTO `acl_permission` VALUES ('1195268474480156673', '1', '权限管理', '1', null, '/acl', 'Layout', 'openeye', null, '0', '2019-11-15 17:13:06', '2019-11-18 13:54:25');
INSERT INTO `acl_permission` VALUES ('1195268616021139457', '1195268474480156673', '用户管理', '1', null, 'user/list', '/acl/user/list', 'eye', null, '0', '2019-11-15 17:13:40', '2019-11-18 13:53:12');
INSERT INTO `acl_permission` VALUES ('1195268788138598401', '1195268474480156673', '角色管理', '1', null, 'role/list', '/acl/role/list', 'user-tie', null, '0', '2019-11-15 17:14:21', '2019-11-15 17:14:21');
INSERT INTO `acl_permission` VALUES ('1195268893830864898', '1195268474480156673', '菜单管理', '1', null, 'menu/list', '/acl/menu/list', 'list', null, '0', '2019-11-15 17:14:46', '2019-11-15 17:14:46');
INSERT INTO `acl_permission` VALUES ('1195269143060602882', '1195268616021139457', '查看', '2', 'user.list', '', '', null, null, '0', '2019-11-15 17:15:45', '2019-11-17 21:57:16');
INSERT INTO `acl_permission` VALUES ('1195269295926206466', '1195268616021139457', '添加', '2', 'user.add', 'user/add', '/acl/user/form', null, null, '0', '2019-11-15 17:16:22', '2019-11-15 17:16:22');
INSERT INTO `acl_permission` VALUES ('1195269473479483394', '1195268616021139457', '修改', '2', 'user.update', 'user/update/:id', '/acl/user/form', null, null, '0', '2019-11-15 17:17:04', '2019-11-15 17:17:04');
INSERT INTO `acl_permission` VALUES ('1195269547269873666', '1195268616021139457', '删除', '2', 'user.remove', '', '', null, null, '0', '2019-11-15 17:17:22', '2019-11-15 17:17:22');
INSERT INTO `acl_permission` VALUES ('1195269821262782465', '1195268788138598401', '修改', '2', 'role.update', 'role/update/:id', '/acl/role/form', null, null, '0', '2019-11-15 17:18:27', '2019-11-15 17:19:53');
INSERT INTO `acl_permission` VALUES ('1195269903542444034', '1195268788138598401', '查看', '2', 'role.list', '', '', null, null, '0', '2019-11-15 17:18:47', '2019-11-15 17:18:47');
INSERT INTO `acl_permission` VALUES ('1195270037005197313', '1195268788138598401', '添加', '2', 'role.add', 'role/add', '/acl/role/form', null, null, '0', '2019-11-15 17:19:19', '2019-11-18 11:05:42');
INSERT INTO `acl_permission` VALUES ('1195270442602782721', '1195268788138598401', '删除', '2', 'role.remove', '', '', null, null, '0', '2019-11-15 17:20:55', '2019-11-15 17:20:55');
INSERT INTO `acl_permission` VALUES ('1195270621548568578', '1195268788138598401', '角色权限', '2', 'role.acl', 'role/distribution/:id', '/acl/role/roleForm', null, null, '0', '2019-11-15 17:21:38', '2019-11-15 17:21:38');
INSERT INTO `acl_permission` VALUES ('1195270744097742849', '1195268893830864898', '查看', '2', 'permission.list', '', '', null, null, '0', '2019-11-15 17:22:07', '2019-11-15 17:22:07');
INSERT INTO `acl_permission` VALUES ('1195270810560684034', '1195268893830864898', '添加', '2', 'permission.add', '', '', null, null, '0', '2019-11-15 17:22:23', '2019-11-15 17:22:23');
INSERT INTO `acl_permission` VALUES ('1195270862100291586', '1195268893830864898', '修改', '2', 'permission.update', '', '', null, null, '0', '2019-11-15 17:22:35', '2019-11-15 17:22:35');
INSERT INTO `acl_permission` VALUES ('1195270887933009922', '1195268893830864898', '删除', '2', 'permission.remove', '', '', null, null, '0', '2019-11-15 17:22:41', '2019-11-15 17:22:41');
INSERT INTO `acl_permission` VALUES ('1195349439240048642', '1', '讲师管理', '1', '', '/teacher', 'Layout', 'user', null, '0', '2019-11-15 22:34:49', '2019-11-15 22:34:49');
INSERT INTO `acl_permission` VALUES ('1195349699995734017', '1195349439240048642', '讲师列表', '1', null, 'table', '/edu/teacher/list', 'eye', null, '0', '2019-11-15 22:35:52', '2019-11-15 22:35:52');
INSERT INTO `acl_permission` VALUES ('1195349810561781761', '1195349439240048642', '添加讲师', '1', null, 'save', '/edu/teacher/save', 'user-plus', null, '0', '2019-11-15 22:36:18', '2019-11-15 22:36:18');
INSERT INTO `acl_permission` VALUES ('1195349876252971010', '1195349810561781761', '添加', '2', 'teacher.add', '', '', null, null, '0', '2019-11-15 22:36:34', '2019-11-15 22:36:34');
INSERT INTO `acl_permission` VALUES ('1195349979797753857', '1195349699995734017', '查看', '2', 'teacher.list', '', '', null, null, '0', '2019-11-15 22:36:58', '2019-11-15 22:36:58');
INSERT INTO `acl_permission` VALUES ('1195350117270261762', '1195349699995734017', '修改', '2', 'teacher.update', 'edit/:id', '/edu/teacher/save', null, null, '0', '2019-11-15 22:37:31', '2019-11-15 22:37:31');
INSERT INTO `acl_permission` VALUES ('1195350188359520258', '1195349699995734017', '删除', '2', 'teacher.remove', '', '', null, null, '0', '2019-11-15 22:37:48', '2019-11-15 22:37:48');
INSERT INTO `acl_permission` VALUES ('1195350299365969922', '1', '课程分类', '1', null, '/subject', 'Layout', 'tree', null, '0', '2019-11-15 22:38:15', '2019-11-15 22:38:15');
INSERT INTO `acl_permission` VALUES ('1195350397751758850', '1195350299365969922', '课程分类列表', '1', null, 'list', '/edu/subject/list', 'list', null, '0', '2019-11-15 22:38:38', '2019-11-15 22:38:38');
INSERT INTO `acl_permission` VALUES ('1195350500512206850', '1195350299365969922', '导入课程分类', '1', null, 'save', '/edu/subject/save', 'cog', null, '0', '2019-11-15 22:39:03', '2019-11-15 22:39:03');
INSERT INTO `acl_permission` VALUES ('1195350612172967938', '1195350397751758850', '查看', '2', 'subject.list', '', '', null, null, '0', '2019-11-15 22:39:29', '2019-11-15 22:39:29');
INSERT INTO `acl_permission` VALUES ('1195350687590748161', '1195350500512206850', '导入', '2', 'subject.import', '', '', null, null, '0', '2019-11-15 22:39:47', '2019-11-15 22:39:47');
INSERT INTO `acl_permission` VALUES ('1195350831744782337', '1', '课程管理', '1', null, '/course', 'Layout', 'book', null, '0', '2019-11-15 22:40:21', '2019-11-15 22:40:21');
INSERT INTO `acl_permission` VALUES ('1195350919074385921', '1195350831744782337', '课程列表', '1', null, 'list', '/edu/course/list', 'books', null, '0', '2019-11-15 22:40:42', '2019-11-15 22:40:42');
INSERT INTO `acl_permission` VALUES ('1195351020463296513', '1195350831744782337', '发布课程', '1', null, 'info', '/edu/course/info', 'stack', null, '0', '2019-11-15 22:41:06', '2019-11-15 22:41:06');
INSERT INTO `acl_permission` VALUES ('1195351159672246274', '1195351020463296513', '完成发布', '2', 'course.publish', 'publish/:id', '/edu/course/publish', null, null, '0', '2023-04-29 22:48:21', '2023-04-29 22:48:24');
INSERT INTO `acl_permission` VALUES ('1195351326706208770', '1195351020463296513', '编辑课程信息', '2', 'course.update', 'info/:id', '/edu/course/info', null, null, '0', '2019-11-15 22:42:19', '2019-11-15 22:42:19');
INSERT INTO `acl_permission` VALUES ('1195351566221938690', '1195351020463296513', '编辑课程大纲', '2', 'chapter.update', 'chapter/:id', '/edu/course/chapter', null, null, '0', '2019-11-15 22:43:17', '2019-11-15 22:43:17');
INSERT INTO `acl_permission` VALUES ('1195351862889254913', '1', '统计分析', '1', null, '/sta', 'Layout', 'omega', null, '0', '2019-11-15 22:44:27', '2019-11-15 22:44:27');
INSERT INTO `acl_permission` VALUES ('1195351968841568257', '1195351862889254913', '生成统计', '1', null, 'create', '/edu/sta/create', 'sigma', null, '0', '2019-11-15 22:44:53', '2019-11-15 22:44:53');
INSERT INTO `acl_permission` VALUES ('1195352054917074946', '1195351862889254913', '统计图表', '1', null, 'show', '/edu/sta/show', 'table', null, '0', '2019-11-15 22:45:13', '2019-11-15 22:45:13');
INSERT INTO `acl_permission` VALUES ('1195352127734386690', '1195352054917074946', '查看', '2', 'daily.list', '', '', null, null, '0', '2019-11-15 22:45:30', '2019-11-15 22:45:30');
INSERT INTO `acl_permission` VALUES ('1195352215768633346', '1195351968841568257', '生成', '2', 'daily.add', '', '', null, null, '0', '2019-11-15 22:45:51', '2019-11-15 22:45:51');
INSERT INTO `acl_permission` VALUES ('1195352547621965825', '1', 'CMS管理', '1', null, '/cms', 'Layout', null, null, '1', '2019-11-15 22:47:11', '2019-11-18 10:51:46');
INSERT INTO `acl_permission` VALUES ('1195352856645701633', '1195353513549205505', '查看', '2', 'banner.list', '', null, null, null, '0', '2019-11-15 22:48:24', '2019-11-15 22:48:24');
INSERT INTO `acl_permission` VALUES ('1195352909401657346', '1195353513549205505', '添加', '2', 'banner.add', 'banner/add', '/cms/banner/form', null, null, '0', '2019-11-15 22:48:37', '2019-11-18 10:52:10');
INSERT INTO `acl_permission` VALUES ('1195353051395624961', '1195353513549205505', '修改', '2', 'banner.update', 'banner/update/:id', '/cms/banner/form', null, null, '0', '2019-11-15 22:49:11', '2019-11-18 10:52:05');
INSERT INTO `acl_permission` VALUES ('1195353513549205505', '1195352547621965825', 'Bander列表', '1', null, 'banner/list', '/cms/banner/list', null, null, '1', '2019-11-15 22:51:01', '2019-11-18 10:51:29');
INSERT INTO `acl_permission` VALUES ('1195353672110673921', '1195353513549205505', '删除', '2', 'banner.remove', '', '', null, null, '0', '2019-11-15 22:51:39', '2019-11-15 22:51:39');
INSERT INTO `acl_permission` VALUES ('1195354076890370050', '1', '订单管理', '1', null, '/order', 'Layout', null, null, '1', '2019-11-15 22:53:15', '2019-11-15 22:53:15');
INSERT INTO `acl_permission` VALUES ('1195354153482555393', '1195354076890370050', '订单列表', '1', null, 'list', '/order/list', null, null, '1', '2019-11-15 22:53:33', '2019-11-15 22:53:58');
INSERT INTO `acl_permission` VALUES ('1195354315093282817', '1195354153482555393', '查看', '2', 'order.list', '', '', null, null, '0', '2019-11-15 22:54:12', '2019-11-15 22:54:12');
INSERT INTO `acl_permission` VALUES ('1196301740985311234', '1195268616021139457', '分配角色', '2', 'user.assgin', 'user/role/:id', '/acl/user/roleForm', null, null, '0', '2019-11-18 13:38:56', '2019-11-18 13:38:56');
INSERT INTO `acl_permission` VALUES ('1234567854654564095', '1', '幻灯片管理', '1', null, '/banner', 'Layout', 'chart', null, '0', '2023-06-13 16:18:28', '2023-06-13 16:18:34');
INSERT INTO `acl_permission` VALUES ('1234567854654564096', '1234567854654564095', '幻灯片列表', '1', null, 'list', '/edu/banner/list', null, null, '0', '2023-06-13 16:18:31', '2023-06-13 16:18:35');
INSERT INTO `acl_permission` VALUES ('1234567854654564097', '1234567854654564095', '添加幻灯片', '1', null, 'save', '/edu/banner/save', null, null, '0', '2023-06-13 16:19:13', '2023-06-13 16:19:16');
INSERT INTO `acl_permission` VALUES ('1234567854654564100', '1234567854654564096', '删除', '2', 'banner.remove', null, null, null, null, '0', '2023-06-13 16:22:15', '2023-06-13 16:22:17');
INSERT INTO `acl_permission` VALUES ('1234567854654564101', '1234567854654564096', '修改', '2', 'banner.update', 'edit/:id', '/edu/banner/save', null, null, '0', '2023-06-13 16:21:41', '2023-06-13 16:21:43');
INSERT INTO `acl_permission` VALUES ('1234567854654564102', '1234567854654564096', '查看', '2', 'banner.list', null, null, null, null, '0', '2023-06-13 16:20:46', '2023-06-13 16:20:49');
INSERT INTO `acl_permission` VALUES ('1234567854654564103', '1234567854654564097', '添加', '2', 'banner.save', null, null, null, null, '0', '2023-06-13 16:20:14', '2023-06-13 16:20:16');
INSERT INTO `acl_permission` VALUES ('1234567854654564788', '1', '文章管理', '1', null, '/article', 'Layout', 'newspaper', null, '0', '2023-06-11 20:13:32', '2023-06-11 20:13:34');
INSERT INTO `acl_permission` VALUES ('1234567854654564791', '1234567854654564788', '文章列表', '1', null, 'list', '/edu/article/list', null, null, '0', '2023-06-11 20:15:53', '2023-06-11 20:15:56');
INSERT INTO `acl_permission` VALUES ('1234567854654564799', '1234567854654564788', '添加文章', '1', null, 'save', '/edu/article/save', null, null, '0', '2023-06-11 20:20:12', '2023-06-11 20:20:15');
INSERT INTO `acl_permission` VALUES ('1234567854654565111', '1', '评论管理', '1', null, '/comment', 'Layout', 'bubble', null, '0', '2023-06-14 08:40:59', '2023-06-14 08:41:02');
INSERT INTO `acl_permission` VALUES ('1234567854654565112', '1234567854654565111', '评论列表', '1', '', 'list', '/edu/comment/list', null, null, '0', '2023-06-14 08:41:46', '2023-06-14 08:41:48');
INSERT INTO `acl_permission` VALUES ('1234567854654565113', '1234567854654565112', '删除', '2', 'comment.remove', null, null, null, null, '0', '2023-06-14 08:43:20', '2023-06-14 08:43:22');
INSERT INTO `acl_permission` VALUES ('1234567854654565114', '1234567854654565111', '举报处理', '1', '', 'deal', '/edu/comment/deal', null, null, '0', '2023-06-14 09:05:56', '2023-06-14 09:05:58');
INSERT INTO `acl_permission` VALUES ('1234567854654656220', '1234567854654564799', '添加', '2', 'article.save', null, null, null, null, '0', '2023-06-12 14:57:41', '2023-06-12 14:57:45');
INSERT INTO `acl_permission` VALUES ('1234567854654656237', '1234567854654564791', '查看', '2', 'article.list', null, null, null, null, '0', '2023-06-12 14:58:41', '2023-06-12 14:58:43');
INSERT INTO `acl_permission` VALUES ('1234567854654656238', '1234567854654564791', '修改', '2', 'article.update', 'edit/:id', '/edu/article/save', null, null, '0', '2023-06-11 20:26:34', '2023-06-11 20:26:36');
INSERT INTO `acl_permission` VALUES ('1234567854678451322', '1234567854654564791', '删除', '2', 'article.remove', null, null, null, null, '0', '2023-06-11 20:27:11', '2023-06-11 20:27:14');
INSERT INTO `acl_permission` VALUES ('2222', '1195350919074385921', '编辑课程信息', '2', 'course.update', 'info/:id', '/edu/course/info', null, null, '0', '2023-04-29 22:51:00', '2023-04-29 22:51:03');
INSERT INTO `acl_permission` VALUES ('22222', '1195350919074385921', '编辑课程大纲', '2', 'chapter.update', 'chapter/:id', '/edu/course/chapter', null, null, '0', '2023-04-29 22:53:16', '2023-04-29 22:53:19');
INSERT INTO `acl_permission` VALUES ('222222', '1195350919074385921', '删除课程', '2', 'couse.remove', null, null, null, null, '0', '2023-04-29 22:55:42', '2023-04-29 22:55:45');

-- ----------------------------
-- Table structure for acl_role
-- ----------------------------
DROP TABLE IF EXISTS `acl_role`;
CREATE TABLE `acl_role` (
  `id` char(19) NOT NULL DEFAULT '' COMMENT '角色id',
  `role_name` varchar(20) NOT NULL DEFAULT '' COMMENT '角色名称',
  `role_code` varchar(20) DEFAULT NULL COMMENT '角色编码',
  `remark` varchar(255) DEFAULT NULL COMMENT '备注',
  `is_deleted` tinyint unsigned NOT NULL DEFAULT '0' COMMENT '逻辑删除 1（true）已删除， 0（false）未删除',
  `gmt_create` datetime NOT NULL COMMENT '创建时间',
  `gmt_modified` datetime NOT NULL COMMENT '更新时间',
  PRIMARY KEY (`id`)
) ENGINE=InnoDB DEFAULT CHARSET=utf8mb3;

-- ----------------------------
-- Records of acl_role
-- ----------------------------
INSERT INTO `acl_role` VALUES ('1', '超级管理员', null, null, '0', '2023-06-11 13:09:32', '2023-06-11 11:59:37');
INSERT INTO `acl_role` VALUES ('1193757683205607426', '课程管理员', null, null, '0', '2023-06-11 13:09:45', '2023-06-11 10:25:44');
INSERT INTO `acl_role` VALUES ('1296656642959503361', '讲师管理员', null, null, '0', '2023-06-11 11:53:29', '2023-06-11 11:59:51');
INSERT INTO `acl_role` VALUES ('1296658571068469249', '普通管理员', null, null, '0', '2023-06-11 12:01:09', '2023-06-11 12:01:09');
INSERT INTO `acl_role` VALUES ('1651911202911555586', '蓝蓝角色', null, null, '1', '2023-04-28 19:28:16', '2023-05-02 10:52:45');
INSERT INTO `acl_role` VALUES ('1667868555972464641', '777', null, null, '1', '2023-06-11 20:17:06', '2023-06-11 20:17:39');

-- ----------------------------
-- Table structure for acl_role_permission
-- ----------------------------
DROP TABLE IF EXISTS `acl_role_permission`;
CREATE TABLE `acl_role_permission` (
  `id` char(19) NOT NULL DEFAULT '',
  `role_id` char(19) NOT NULL DEFAULT '',
  `permission_id` char(19) NOT NULL DEFAULT '',
  `is_deleted` tinyint unsigned NOT NULL DEFAULT '0' COMMENT '逻辑删除 1（true）已删除， 0（false）未删除',
  `gmt_create` datetime NOT NULL COMMENT '创建时间',
  `gmt_modified` datetime NOT NULL COMMENT '更新时间',
  PRIMARY KEY (`id`),
  KEY `idx_role_id` (`role_id`),
  KEY `idx_permission_id` (`permission_id`)
) ENGINE=InnoDB DEFAULT CHARSET=utf8mb3 COMMENT='角色权限';

-- ----------------------------
-- Records of acl_role_permission
-- ----------------------------
INSERT INTO `acl_role_permission` VALUES ('1296342198312292353', '1296341621322825729', '1195268474480156673', '0', '2020-08-20 15:04:00', '2020-08-20 15:04:00');
INSERT INTO `acl_role_permission` VALUES ('1296342198333263873', '1296341621322825729', '1195268616021139457', '0', '2020-08-20 15:04:00', '2020-08-20 15:04:00');
INSERT INTO `acl_role_permission` VALUES ('1296342198333263874', '1296341621322825729', '1195269143060602882', '0', '2020-08-20 15:04:00', '2020-08-20 15:04:00');
INSERT INTO `acl_role_permission` VALUES ('1296342198333263875', '1296341621322825729', '1195269295926206466', '0', '2020-08-20 15:04:00', '2020-08-20 15:04:00');
INSERT INTO `acl_role_permission` VALUES ('1296342198341652482', '1296341621322825729', '1195269473479483394', '0', '2020-08-20 15:04:00', '2020-08-20 15:04:00');
INSERT INTO `acl_role_permission` VALUES ('1296342198341652483', '1296341621322825729', '1195269547269873666', '0', '2020-08-20 15:04:00', '2020-08-20 15:04:00');
INSERT INTO `acl_role_permission` VALUES ('1296342198341652484', '1296341621322825729', '1196301740985311234', '0', '2020-08-20 15:04:00', '2020-08-20 15:04:00');
INSERT INTO `acl_role_permission` VALUES ('1296342198341652485', '1296341621322825729', '1195268788138598401', '0', '2020-08-20 15:04:00', '2020-08-20 15:04:00');
INSERT INTO `acl_role_permission` VALUES ('1296342198350041090', '1296341621322825729', '1195269821262782465', '0', '2020-08-20 15:04:00', '2020-08-20 15:04:00');
INSERT INTO `acl_role_permission` VALUES ('1296342198350041091', '1296341621322825729', '1195269903542444034', '0', '2020-08-20 15:04:00', '2020-08-20 15:04:00');
INSERT INTO `acl_role_permission` VALUES ('1296342198354235393', '1296341621322825729', '1195270037005197313', '0', '2020-08-20 15:04:00', '2020-08-20 15:04:00');
INSERT INTO `acl_role_permission` VALUES ('1296342198354235394', '1296341621322825729', '1195270442602782721', '0', '2020-08-20 15:04:00', '2020-08-20 15:04:00');
INSERT INTO `acl_role_permission` VALUES ('1296342198358429698', '1296341621322825729', '1195270621548568578', '0', '2020-08-20 15:04:00', '2020-08-20 15:04:00');
INSERT INTO `acl_role_permission` VALUES ('1296342198358429699', '1296341621322825729', '1195268893830864898', '0', '2020-08-20 15:04:00', '2020-08-20 15:04:00');
INSERT INTO `acl_role_permission` VALUES ('1296342198358429700', '1296341621322825729', '1195270744097742849', '0', '2020-08-20 15:04:00', '2020-08-20 15:04:00');
INSERT INTO `acl_role_permission` VALUES ('1296342198358429701', '1296341621322825729', '1195270810560684034', '0', '2020-08-20 15:04:00', '2020-08-20 15:04:00');
INSERT INTO `acl_role_permission` VALUES ('1296342198366818305', '1296341621322825729', '1195270862100291586', '0', '2020-08-20 15:04:00', '2020-08-20 15:04:00');
INSERT INTO `acl_role_permission` VALUES ('1296342198366818306', '1296341621322825729', '1195270887933009922', '0', '2020-08-20 15:04:00', '2020-08-20 15:04:00');
INSERT INTO `acl_role_permission` VALUES ('1651872715042738178', '1651872575066230786', '1', '0', '2023-04-28 16:55:20', '2023-04-28 16:55:20');
INSERT INTO `acl_role_permission` VALUES ('1651872715105652738', '1651872575066230786', '1195350299365969922', '0', '2023-04-28 16:55:20', '2023-04-28 16:55:20');
INSERT INTO `acl_role_permission` VALUES ('1651872715105652739', '1651872575066230786', '1195350397751758850', '0', '2023-04-28 16:55:20', '2023-04-28 16:55:20');
INSERT INTO `acl_role_permission` VALUES ('1651872715105652740', '1651872575066230786', '1195350612172967938', '0', '2023-04-28 16:55:20', '2023-04-28 16:55:20');
INSERT INTO `acl_role_permission` VALUES ('1651872715105652741', '1651872575066230786', '1195350500512206850', '0', '2023-04-28 16:55:20', '2023-04-28 16:55:20');
INSERT INTO `acl_role_permission` VALUES ('1651872715105652742', '1651872575066230786', '1195350687590748161', '0', '2023-04-28 16:55:20', '2023-04-28 16:55:20');
INSERT INTO `acl_role_permission` VALUES ('1651872715105652743', '1651872575066230786', '1195350831744782337', '0', '2023-04-28 16:55:20', '2023-04-28 16:55:20');
INSERT INTO `acl_role_permission` VALUES ('1651872715105652744', '1651872575066230786', '1195350919074385921', '0', '2023-04-28 16:55:20', '2023-04-28 16:55:20');
INSERT INTO `acl_role_permission` VALUES ('1651872715105652745', '1651872575066230786', '1195351159672246274', '0', '2023-04-28 16:55:20', '2023-04-28 16:55:20');
INSERT INTO `acl_role_permission` VALUES ('1651872715105652746', '1651872575066230786', '1195351326706208770', '0', '2023-04-28 16:55:20', '2023-04-28 16:55:20');
INSERT INTO `acl_role_permission` VALUES ('1651872715105652747', '1651872575066230786', '1195351566221938690', '0', '2023-04-28 16:55:20', '2023-04-28 16:55:20');
INSERT INTO `acl_role_permission` VALUES ('1651872715105652748', '1651872575066230786', '1195351020463296513', '0', '2023-04-28 16:55:20', '2023-04-28 16:55:20');
INSERT INTO `acl_role_permission` VALUES ('1651872715105652749', '1651872575066230786', '1195351862889254913', '0', '2023-04-28 16:55:20', '2023-04-28 16:55:20');
INSERT INTO `acl_role_permission` VALUES ('1651872715105652750', '1651872575066230786', '1195351968841568257', '0', '2023-04-28 16:55:20', '2023-04-28 16:55:20');
INSERT INTO `acl_role_permission` VALUES ('1651872715105652751', '1651872575066230786', '1195352215768633346', '0', '2023-04-28 16:55:20', '2023-04-28 16:55:20');
INSERT INTO `acl_role_permission` VALUES ('1651872715105652752', '1651872575066230786', '1195352054917074946', '0', '2023-04-28 16:55:20', '2023-04-28 16:55:20');
INSERT INTO `acl_role_permission` VALUES ('1651872715105652753', '1651872575066230786', '1195352127734386690', '0', '2023-04-28 16:55:20', '2023-04-28 16:55:20');
INSERT INTO `acl_role_permission` VALUES ('1651893034738528258', '1651872575066230786', '1', '0', '2023-04-28 18:16:05', '2023-04-28 18:16:05');
INSERT INTO `acl_role_permission` VALUES ('1651893034738528259', '1651872575066230786', '1195350299365969922', '0', '2023-04-28 18:16:05', '2023-04-28 18:16:05');
INSERT INTO `acl_role_permission` VALUES ('1651893034738528260', '1651872575066230786', '1195350397751758850', '0', '2023-04-28 18:16:05', '2023-04-28 18:16:05');
INSERT INTO `acl_role_permission` VALUES ('1651893034738528261', '1651872575066230786', '1195350612172967938', '0', '2023-04-28 18:16:05', '2023-04-28 18:16:05');
INSERT INTO `acl_role_permission` VALUES ('1651893034738528262', '1651872575066230786', '1195350500512206850', '0', '2023-04-28 18:16:05', '2023-04-28 18:16:05');
INSERT INTO `acl_role_permission` VALUES ('1651893034738528263', '1651872575066230786', '1195350687590748161', '0', '2023-04-28 18:16:05', '2023-04-28 18:16:05');
INSERT INTO `acl_role_permission` VALUES ('1651893034738528264', '1651872575066230786', '1195350831744782337', '0', '2023-04-28 18:16:05', '2023-04-28 18:16:05');
INSERT INTO `acl_role_permission` VALUES ('1651893034738528265', '1651872575066230786', '1195350919074385921', '0', '2023-04-28 18:16:05', '2023-04-28 18:16:05');
INSERT INTO `acl_role_permission` VALUES ('1651893034738528266', '1651872575066230786', '1195351159672246274', '0', '2023-04-28 18:16:05', '2023-04-28 18:16:05');
INSERT INTO `acl_role_permission` VALUES ('1651893034738528267', '1651872575066230786', '1195351326706208770', '0', '2023-04-28 18:16:05', '2023-04-28 18:16:05');
INSERT INTO `acl_role_permission` VALUES ('1651893034738528268', '1651872575066230786', '1195351566221938690', '0', '2023-04-28 18:16:05', '2023-04-28 18:16:05');
INSERT INTO `acl_role_permission` VALUES ('1651893034738528269', '1651872575066230786', '1195351862889254913', '0', '2023-04-28 18:16:05', '2023-04-28 18:16:05');
INSERT INTO `acl_role_permission` VALUES ('1651893034738528270', '1651872575066230786', '1195351968841568257', '0', '2023-04-28 18:16:05', '2023-04-28 18:16:05');
INSERT INTO `acl_role_permission` VALUES ('1651893034738528271', '1651872575066230786', '1195352215768633346', '0', '2023-04-28 18:16:05', '2023-04-28 18:16:05');
INSERT INTO `acl_role_permission` VALUES ('1651893034738528272', '1651872575066230786', '1195352054917074946', '0', '2023-04-28 18:16:05', '2023-04-28 18:16:05');
INSERT INTO `acl_role_permission` VALUES ('1651893034738528273', '1651872575066230786', '1195352127734386690', '0', '2023-04-28 18:16:05', '2023-04-28 18:16:05');
INSERT INTO `acl_role_permission` VALUES ('1652326031551909890', '1651911202911555586', '1', '0', '2023-04-29 22:56:39', '2023-04-29 22:56:39');
INSERT INTO `acl_role_permission` VALUES ('1652326031551909891', '1651911202911555586', '1195350831744782337', '0', '2023-04-29 22:56:39', '2023-04-29 22:56:39');
INSERT INTO `acl_role_permission` VALUES ('1652326031551909892', '1651911202911555586', '1195350919074385921', '0', '2023-04-29 22:56:39', '2023-04-29 22:56:39');
INSERT INTO `acl_role_permission` VALUES ('1652326031551909893', '1651911202911555586', '2222', '0', '2023-04-29 22:56:39', '2023-04-29 22:56:39');
INSERT INTO `acl_role_permission` VALUES ('1652326031551909894', '1651911202911555586', '22222', '0', '2023-04-29 22:56:39', '2023-04-29 22:56:39');
INSERT INTO `acl_role_permission` VALUES ('1652326031551909895', '1651911202911555586', '222222', '0', '2023-04-29 22:56:39', '2023-04-29 22:56:39');
INSERT INTO `acl_role_permission` VALUES ('1652326031551909896', '1651911202911555586', '1195351020463296513', '0', '2023-04-29 22:56:39', '2023-04-29 22:56:39');
INSERT INTO `acl_role_permission` VALUES ('1652326031551909897', '1651911202911555586', '1195351159672246274', '0', '2023-04-29 22:56:39', '2023-04-29 22:56:39');
INSERT INTO `acl_role_permission` VALUES ('1652326031551909898', '1651911202911555586', '1195351326706208770', '0', '2023-04-29 22:56:39', '2023-04-29 22:56:39');
INSERT INTO `acl_role_permission` VALUES ('1652326031551909899', '1651911202911555586', '1195351566221938690', '0', '2023-04-29 22:56:39', '2023-04-29 22:56:39');
INSERT INTO `acl_role_permission` VALUES ('1652326284451663874', '1', '1', '1', '2023-04-29 22:57:40', '2023-04-29 22:57:40');
INSERT INTO `acl_role_permission` VALUES ('1652326284451663875', '1', '1195268474480156673', '1', '2023-04-29 22:57:40', '2023-04-29 22:57:40');
INSERT INTO `acl_role_permission` VALUES ('1652326284451663876', '1', '1195268616021139457', '1', '2023-04-29 22:57:40', '2023-04-29 22:57:40');
INSERT INTO `acl_role_permission` VALUES ('1652326284451663877', '1', '1195269143060602882', '1', '2023-04-29 22:57:40', '2023-04-29 22:57:40');
INSERT INTO `acl_role_permission` VALUES ('1652326284451663878', '1', '1195269295926206466', '1', '2023-04-29 22:57:40', '2023-04-29 22:57:40');
INSERT INTO `acl_role_permission` VALUES ('1652326284451663879', '1', '1195269473479483394', '1', '2023-04-29 22:57:40', '2023-04-29 22:57:40');
INSERT INTO `acl_role_permission` VALUES ('1652326284451663880', '1', '1195269547269873666', '1', '2023-04-29 22:57:40', '2023-04-29 22:57:40');
INSERT INTO `acl_role_permission` VALUES ('1652326284451663881', '1', '1196301740985311234', '1', '2023-04-29 22:57:40', '2023-04-29 22:57:40');
INSERT INTO `acl_role_permission` VALUES ('1652326284451663882', '1', '1195268788138598401', '1', '2023-04-29 22:57:40', '2023-04-29 22:57:40');
INSERT INTO `acl_role_permission` VALUES ('1652326284451663883', '1', '1195269821262782465', '1', '2023-04-29 22:57:40', '2023-04-29 22:57:40');
INSERT INTO `acl_role_permission` VALUES ('1652326284451663884', '1', '1195269903542444034', '1', '2023-04-29 22:57:40', '2023-04-29 22:57:40');
INSERT INTO `acl_role_permission` VALUES ('1652326284451663885', '1', '1195270037005197313', '1', '2023-04-29 22:57:40', '2023-04-29 22:57:40');
INSERT INTO `acl_role_permission` VALUES ('1652326284451663886', '1', '1195270442602782721', '1', '2023-04-29 22:57:40', '2023-04-29 22:57:40');
INSERT INTO `acl_role_permission` VALUES ('1652326284451663887', '1', '1195270621548568578', '1', '2023-04-29 22:57:40', '2023-04-29 22:57:40');
INSERT INTO `acl_role_permission` VALUES ('1652326284451663888', '1', '1195268893830864898', '1', '2023-04-29 22:57:40', '2023-04-29 22:57:40');
INSERT INTO `acl_role_permission` VALUES ('1652326284451663889', '1', '1195270744097742849', '1', '2023-04-29 22:57:40', '2023-04-29 22:57:40');
INSERT INTO `acl_role_permission` VALUES ('1652326284451663890', '1', '1195270810560684034', '1', '2023-04-29 22:57:40', '2023-04-29 22:57:40');
INSERT INTO `acl_role_permission` VALUES ('1652326284451663891', '1', '1195270862100291586', '1', '2023-04-29 22:57:40', '2023-04-29 22:57:40');
INSERT INTO `acl_role_permission` VALUES ('1652326284451663892', '1', '1195270887933009922', '1', '2023-04-29 22:57:40', '2023-04-29 22:57:40');
INSERT INTO `acl_role_permission` VALUES ('1652326284451663893', '1', '1195349439240048642', '1', '2023-04-29 22:57:40', '2023-04-29 22:57:40');
INSERT INTO `acl_role_permission` VALUES ('1652326284451663894', '1', '1195349699995734017', '1', '2023-04-29 22:57:40', '2023-04-29 22:57:40');
INSERT INTO `acl_role_permission` VALUES ('1652326284451663895', '1', '1195349979797753857', '1', '2023-04-29 22:57:40', '2023-04-29 22:57:40');
INSERT INTO `acl_role_permission` VALUES ('1652326284451663896', '1', '1195350117270261762', '1', '2023-04-29 22:57:40', '2023-04-29 22:57:40');
INSERT INTO `acl_role_permission` VALUES ('1652326284451663897', '1', '1195350188359520258', '1', '2023-04-29 22:57:40', '2023-04-29 22:57:40');
INSERT INTO `acl_role_permission` VALUES ('1652326284451663898', '1', '1195349810561781761', '1', '2023-04-29 22:57:40', '2023-04-29 22:57:40');
INSERT INTO `acl_role_permission` VALUES ('1652326284451663899', '1', '1195349876252971010', '1', '2023-04-29 22:57:40', '2023-04-29 22:57:40');
INSERT INTO `acl_role_permission` VALUES ('1652326284451663900', '1', '1195350299365969922', '1', '2023-04-29 22:57:40', '2023-04-29 22:57:40');
INSERT INTO `acl_role_permission` VALUES ('1652326284451663901', '1', '1195350397751758850', '1', '2023-04-29 22:57:40', '2023-04-29 22:57:40');
INSERT INTO `acl_role_permission` VALUES ('1652326284451663902', '1', '1195350612172967938', '1', '2023-04-29 22:57:40', '2023-04-29 22:57:40');
INSERT INTO `acl_role_permission` VALUES ('1652326284451663903', '1', '1195350500512206850', '1', '2023-04-29 22:57:40', '2023-04-29 22:57:40');
INSERT INTO `acl_role_permission` VALUES ('1652326284451663904', '1', '1195350687590748161', '1', '2023-04-29 22:57:40', '2023-04-29 22:57:40');
INSERT INTO `acl_role_permission` VALUES ('1652326284451663905', '1', '1195350831744782337', '1', '2023-04-29 22:57:40', '2023-04-29 22:57:40');
INSERT INTO `acl_role_permission` VALUES ('1652326284451663906', '1', '1195350919074385921', '1', '2023-04-29 22:57:40', '2023-04-29 22:57:40');
INSERT INTO `acl_role_permission` VALUES ('1652326284451663907', '1', '2222', '1', '2023-04-29 22:57:40', '2023-04-29 22:57:40');
INSERT INTO `acl_role_permission` VALUES ('1652326284451663908', '1', '22222', '1', '2023-04-29 22:57:40', '2023-04-29 22:57:40');
INSERT INTO `acl_role_permission` VALUES ('1652326284451663909', '1', '222222', '1', '2023-04-29 22:57:40', '2023-04-29 22:57:40');
INSERT INTO `acl_role_permission` VALUES ('1652326284451663910', '1', '1195351020463296513', '1', '2023-04-29 22:57:40', '2023-04-29 22:57:40');
INSERT INTO `acl_role_permission` VALUES ('1652326284451663911', '1', '1195351159672246274', '1', '2023-04-29 22:57:40', '2023-04-29 22:57:40');
INSERT INTO `acl_role_permission` VALUES ('1652326284451663912', '1', '1195351326706208770', '1', '2023-04-29 22:57:40', '2023-04-29 22:57:40');
INSERT INTO `acl_role_permission` VALUES ('1652326284451663913', '1', '1195351566221938690', '1', '2023-04-29 22:57:40', '2023-04-29 22:57:40');
INSERT INTO `acl_role_permission` VALUES ('1652326284451663914', '1', '1195351862889254913', '1', '2023-04-29 22:57:40', '2023-04-29 22:57:40');
INSERT INTO `acl_role_permission` VALUES ('1652326284451663915', '1', '1195351968841568257', '1', '2023-04-29 22:57:40', '2023-04-29 22:57:40');
INSERT INTO `acl_role_permission` VALUES ('1652326284451663916', '1', '1195352215768633346', '1', '2023-04-29 22:57:40', '2023-04-29 22:57:40');
INSERT INTO `acl_role_permission` VALUES ('1652326284451663917', '1', '1195352054917074946', '1', '2023-04-29 22:57:40', '2023-04-29 22:57:40');
INSERT INTO `acl_role_permission` VALUES ('1652326284451663918', '1', '1195352127734386690', '1', '2023-04-29 22:57:40', '2023-04-29 22:57:40');
INSERT INTO `acl_role_permission` VALUES ('1652326284451663919', '1', '1195352547621965825', '1', '2023-04-29 22:57:40', '2023-04-29 22:57:40');
INSERT INTO `acl_role_permission` VALUES ('1652326284451663920', '1', '1195353513549205505', '1', '2023-04-29 22:57:40', '2023-04-29 22:57:40');
INSERT INTO `acl_role_permission` VALUES ('1652326284451663921', '1', '1195352856645701633', '1', '2023-04-29 22:57:40', '2023-04-29 22:57:40');
INSERT INTO `acl_role_permission` VALUES ('1652326284451663922', '1', '1195352909401657346', '1', '2023-04-29 22:57:40', '2023-04-29 22:57:40');
INSERT INTO `acl_role_permission` VALUES ('1652326284451663923', '1', '1195353051395624961', '1', '2023-04-29 22:57:40', '2023-04-29 22:57:40');
INSERT INTO `acl_role_permission` VALUES ('1652326284451663924', '1', '1195353672110673921', '1', '2023-04-29 22:57:40', '2023-04-29 22:57:40');
INSERT INTO `acl_role_permission` VALUES ('1652326284451663925', '1', '1195354076890370050', '1', '2023-04-29 22:57:40', '2023-04-29 22:57:40');
INSERT INTO `acl_role_permission` VALUES ('1652326284451663926', '1', '1195354153482555393', '1', '2023-04-29 22:57:40', '2023-04-29 22:57:40');
INSERT INTO `acl_role_permission` VALUES ('1652326284451663927', '1', '1195354315093282817', '1', '2023-04-29 22:57:40', '2023-04-29 22:57:40');
INSERT INTO `acl_role_permission` VALUES ('1652326311819497473', '1193757683205607426', '1', '0', '2023-04-29 22:57:46', '2023-04-29 22:57:46');
INSERT INTO `acl_role_permission` VALUES ('1652326311819497474', '1193757683205607426', '1195350831744782337', '0', '2023-04-29 22:57:46', '2023-04-29 22:57:46');
INSERT INTO `acl_role_permission` VALUES ('1652326311819497475', '1193757683205607426', '1195350919074385921', '0', '2023-04-29 22:57:46', '2023-04-29 22:57:46');
INSERT INTO `acl_role_permission` VALUES ('1652326311819497476', '1193757683205607426', '2222', '0', '2023-04-29 22:57:46', '2023-04-29 22:57:46');
INSERT INTO `acl_role_permission` VALUES ('1652326311819497477', '1193757683205607426', '22222', '0', '2023-04-29 22:57:46', '2023-04-29 22:57:46');
INSERT INTO `acl_role_permission` VALUES ('1652326311819497478', '1193757683205607426', '222222', '0', '2023-04-29 22:57:46', '2023-04-29 22:57:46');
INSERT INTO `acl_role_permission` VALUES ('1652326311819497479', '1193757683205607426', '1195351020463296513', '0', '2023-04-29 22:57:46', '2023-04-29 22:57:46');
INSERT INTO `acl_role_permission` VALUES ('1652326311819497480', '1193757683205607426', '1195351159672246274', '0', '2023-04-29 22:57:46', '2023-04-29 22:57:46');
INSERT INTO `acl_role_permission` VALUES ('1652326311819497481', '1193757683205607426', '1195351326706208770', '0', '2023-04-29 22:57:46', '2023-04-29 22:57:46');
INSERT INTO `acl_role_permission` VALUES ('1652326311819497482', '1193757683205607426', '1195351566221938690', '0', '2023-04-29 22:57:46', '2023-04-29 22:57:46');
INSERT INTO `acl_role_permission` VALUES ('1652326345881440257', '1296656642959503361', '1', '0', '2023-04-29 22:57:54', '2023-04-29 22:57:54');
INSERT INTO `acl_role_permission` VALUES ('1652326345881440258', '1296656642959503361', '1195350299365969922', '0', '2023-04-29 22:57:54', '2023-04-29 22:57:54');
INSERT INTO `acl_role_permission` VALUES ('1652326345881440259', '1296656642959503361', '1195350397751758850', '0', '2023-04-29 22:57:54', '2023-04-29 22:57:54');
INSERT INTO `acl_role_permission` VALUES ('1652326345881440260', '1296656642959503361', '1195350612172967938', '0', '2023-04-29 22:57:54', '2023-04-29 22:57:54');
INSERT INTO `acl_role_permission` VALUES ('1652326345881440261', '1296656642959503361', '1195350500512206850', '0', '2023-04-29 22:57:54', '2023-04-29 22:57:54');
INSERT INTO `acl_role_permission` VALUES ('1652326345881440262', '1296656642959503361', '1195350687590748161', '0', '2023-04-29 22:57:54', '2023-04-29 22:57:54');
INSERT INTO `acl_role_permission` VALUES ('1652326345881440263', '1296656642959503361', '1195350831744782337', '0', '2023-04-29 22:57:54', '2023-04-29 22:57:54');
INSERT INTO `acl_role_permission` VALUES ('1652326345881440264', '1296656642959503361', '1195350919074385921', '0', '2023-04-29 22:57:54', '2023-04-29 22:57:54');
INSERT INTO `acl_role_permission` VALUES ('1652326345881440265', '1296656642959503361', '2222', '0', '2023-04-29 22:57:54', '2023-04-29 22:57:54');
INSERT INTO `acl_role_permission` VALUES ('1652326345881440266', '1296656642959503361', '22222', '0', '2023-04-29 22:57:54', '2023-04-29 22:57:54');
INSERT INTO `acl_role_permission` VALUES ('1652326345881440267', '1296656642959503361', '222222', '0', '2023-04-29 22:57:54', '2023-04-29 22:57:54');
INSERT INTO `acl_role_permission` VALUES ('1652326345881440268', '1296656642959503361', '1195351020463296513', '0', '2023-04-29 22:57:54', '2023-04-29 22:57:54');
INSERT INTO `acl_role_permission` VALUES ('1652326345881440269', '1296656642959503361', '1195351159672246274', '0', '2023-04-29 22:57:54', '2023-04-29 22:57:54');
INSERT INTO `acl_role_permission` VALUES ('1652326345881440270', '1296656642959503361', '1195351326706208770', '0', '2023-04-29 22:57:54', '2023-04-29 22:57:54');
INSERT INTO `acl_role_permission` VALUES ('1652326345881440271', '1296656642959503361', '1195351566221938690', '0', '2023-04-29 22:57:54', '2023-04-29 22:57:54');
INSERT INTO `acl_role_permission` VALUES ('1652326387342135298', '1296658571068469249', '1', '0', '2023-04-29 22:58:04', '2023-04-29 22:58:04');
INSERT INTO `acl_role_permission` VALUES ('1652326387342135299', '1296658571068469249', '1195349439240048642', '0', '2023-04-29 22:58:04', '2023-04-29 22:58:04');
INSERT INTO `acl_role_permission` VALUES ('1652326387342135300', '1296658571068469249', '1195349699995734017', '0', '2023-04-29 22:58:04', '2023-04-29 22:58:04');
INSERT INTO `acl_role_permission` VALUES ('1652326387342135301', '1296658571068469249', '1195349979797753857', '0', '2023-04-29 22:58:04', '2023-04-29 22:58:04');
INSERT INTO `acl_role_permission` VALUES ('1652326387342135302', '1296658571068469249', '1195350117270261762', '0', '2023-04-29 22:58:04', '2023-04-29 22:58:04');
INSERT INTO `acl_role_permission` VALUES ('1652326387342135303', '1296658571068469249', '1195350188359520258', '0', '2023-04-29 22:58:04', '2023-04-29 22:58:04');
INSERT INTO `acl_role_permission` VALUES ('1652326387342135304', '1296658571068469249', '1195349810561781761', '0', '2023-04-29 22:58:04', '2023-04-29 22:58:04');
INSERT INTO `acl_role_permission` VALUES ('1652326387342135305', '1296658571068469249', '1195349876252971010', '0', '2023-04-29 22:58:04', '2023-04-29 22:58:04');
INSERT INTO `acl_role_permission` VALUES ('1652326387342135306', '1296658571068469249', '1195350299365969922', '0', '2023-04-29 22:58:04', '2023-04-29 22:58:04');
INSERT INTO `acl_role_permission` VALUES ('1652326387342135307', '1296658571068469249', '1195350397751758850', '0', '2023-04-29 22:58:04', '2023-04-29 22:58:04');
INSERT INTO `acl_role_permission` VALUES ('1652326387342135308', '1296658571068469249', '1195350612172967938', '0', '2023-04-29 22:58:04', '2023-04-29 22:58:04');
INSERT INTO `acl_role_permission` VALUES ('1652326387342135309', '1296658571068469249', '1195350500512206850', '0', '2023-04-29 22:58:04', '2023-04-29 22:58:04');
INSERT INTO `acl_role_permission` VALUES ('1652326387342135310', '1296658571068469249', '1195350687590748161', '0', '2023-04-29 22:58:04', '2023-04-29 22:58:04');
INSERT INTO `acl_role_permission` VALUES ('1652326387342135311', '1296658571068469249', '1195350831744782337', '0', '2023-04-29 22:58:04', '2023-04-29 22:58:04');
INSERT INTO `acl_role_permission` VALUES ('1652326387342135312', '1296658571068469249', '1195350919074385921', '0', '2023-04-29 22:58:04', '2023-04-29 22:58:04');
INSERT INTO `acl_role_permission` VALUES ('1652326387342135313', '1296658571068469249', '2222', '0', '2023-04-29 22:58:04', '2023-04-29 22:58:04');
INSERT INTO `acl_role_permission` VALUES ('1652326387342135314', '1296658571068469249', '22222', '0', '2023-04-29 22:58:04', '2023-04-29 22:58:04');
INSERT INTO `acl_role_permission` VALUES ('1652326387342135315', '1296658571068469249', '222222', '0', '2023-04-29 22:58:04', '2023-04-29 22:58:04');
INSERT INTO `acl_role_permission` VALUES ('1652326387342135316', '1296658571068469249', '1195351020463296513', '0', '2023-04-29 22:58:04', '2023-04-29 22:58:04');
INSERT INTO `acl_role_permission` VALUES ('1652326387342135317', '1296658571068469249', '1195351159672246274', '0', '2023-04-29 22:58:04', '2023-04-29 22:58:04');
INSERT INTO `acl_role_permission` VALUES ('1652326387342135318', '1296658571068469249', '1195351326706208770', '0', '2023-04-29 22:58:04', '2023-04-29 22:58:04');
INSERT INTO `acl_role_permission` VALUES ('1652326387342135319', '1296658571068469249', '1195351566221938690', '0', '2023-04-29 22:58:04', '2023-04-29 22:58:04');
INSERT INTO `acl_role_permission` VALUES ('1652326387342135320', '1296658571068469249', '1195351862889254913', '0', '2023-04-29 22:58:04', '2023-04-29 22:58:04');
INSERT INTO `acl_role_permission` VALUES ('1652326387342135321', '1296658571068469249', '1195351968841568257', '0', '2023-04-29 22:58:04', '2023-04-29 22:58:04');
INSERT INTO `acl_role_permission` VALUES ('1652326387342135322', '1296658571068469249', '1195352215768633346', '0', '2023-04-29 22:58:04', '2023-04-29 22:58:04');
INSERT INTO `acl_role_permission` VALUES ('1652326387342135323', '1296658571068469249', '1195352054917074946', '0', '2023-04-29 22:58:04', '2023-04-29 22:58:04');
INSERT INTO `acl_role_permission` VALUES ('1652326387342135324', '1296658571068469249', '1195352127734386690', '0', '2023-04-29 22:58:04', '2023-04-29 22:58:04');
INSERT INTO `acl_role_permission` VALUES ('1652326387342135325', '1296658571068469249', '1195352547621965825', '0', '2023-04-29 22:58:04', '2023-04-29 22:58:04');
INSERT INTO `acl_role_permission` VALUES ('1652326387342135326', '1296658571068469249', '1195353513549205505', '0', '2023-04-29 22:58:04', '2023-04-29 22:58:04');
INSERT INTO `acl_role_permission` VALUES ('1652326387342135327', '1296658571068469249', '1195352856645701633', '0', '2023-04-29 22:58:04', '2023-04-29 22:58:04');
INSERT INTO `acl_role_permission` VALUES ('1652326387342135328', '1296658571068469249', '1195352909401657346', '0', '2023-04-29 22:58:04', '2023-04-29 22:58:04');
INSERT INTO `acl_role_permission` VALUES ('1652326387342135329', '1296658571068469249', '1195353051395624961', '0', '2023-04-29 22:58:04', '2023-04-29 22:58:04');
INSERT INTO `acl_role_permission` VALUES ('1652326387342135330', '1296658571068469249', '1195353672110673921', '0', '2023-04-29 22:58:04', '2023-04-29 22:58:04');
INSERT INTO `acl_role_permission` VALUES ('1652326387342135331', '1296658571068469249', '1195354076890370050', '0', '2023-04-29 22:58:04', '2023-04-29 22:58:04');
INSERT INTO `acl_role_permission` VALUES ('1652326387342135332', '1296658571068469249', '1195354153482555393', '0', '2023-04-29 22:58:04', '2023-04-29 22:58:04');
INSERT INTO `acl_role_permission` VALUES ('1652326387342135333', '1296658571068469249', '1195354315093282817', '0', '2023-04-29 22:58:04', '2023-04-29 22:58:04');
INSERT INTO `acl_role_permission` VALUES ('1667872477638316033', '1', '1', '1', '2023-06-11 20:32:41', '2023-06-11 20:32:41');
INSERT INTO `acl_role_permission` VALUES ('1667872477638316034', '1', '1195268474480156673', '1', '2023-06-11 20:32:41', '2023-06-11 20:32:41');
INSERT INTO `acl_role_permission` VALUES ('1667872477638316035', '1', '1195268616021139457', '1', '2023-06-11 20:32:41', '2023-06-11 20:32:41');
INSERT INTO `acl_role_permission` VALUES ('1667872477638316036', '1', '1195269143060602882', '1', '2023-06-11 20:32:41', '2023-06-11 20:32:41');
INSERT INTO `acl_role_permission` VALUES ('1667872477638316037', '1', '1195269295926206466', '1', '2023-06-11 20:32:41', '2023-06-11 20:32:41');
INSERT INTO `acl_role_permission` VALUES ('1667872477701230594', '1', '1195269473479483394', '1', '2023-06-11 20:32:41', '2023-06-11 20:32:41');
INSERT INTO `acl_role_permission` VALUES ('1667872477701230595', '1', '1195269547269873666', '1', '2023-06-11 20:32:41', '2023-06-11 20:32:41');
INSERT INTO `acl_role_permission` VALUES ('1667872477701230596', '1', '1196301740985311234', '1', '2023-06-11 20:32:41', '2023-06-11 20:32:41');
INSERT INTO `acl_role_permission` VALUES ('1667872477701230597', '1', '1195268788138598401', '1', '2023-06-11 20:32:41', '2023-06-11 20:32:41');
INSERT INTO `acl_role_permission` VALUES ('1667872477701230598', '1', '1195269821262782465', '1', '2023-06-11 20:32:41', '2023-06-11 20:32:41');
INSERT INTO `acl_role_permission` VALUES ('1667872477701230599', '1', '1195269903542444034', '1', '2023-06-11 20:32:41', '2023-06-11 20:32:41');
INSERT INTO `acl_role_permission` VALUES ('1667872477701230600', '1', '1195270037005197313', '1', '2023-06-11 20:32:41', '2023-06-11 20:32:41');
INSERT INTO `acl_role_permission` VALUES ('1667872477701230601', '1', '1195270442602782721', '1', '2023-06-11 20:32:41', '2023-06-11 20:32:41');
INSERT INTO `acl_role_permission` VALUES ('1667872477701230602', '1', '1195270621548568578', '1', '2023-06-11 20:32:41', '2023-06-11 20:32:41');
INSERT INTO `acl_role_permission` VALUES ('1667872477701230603', '1', '1195268893830864898', '1', '2023-06-11 20:32:41', '2023-06-11 20:32:41');
INSERT INTO `acl_role_permission` VALUES ('1667872477701230604', '1', '1195270744097742849', '1', '2023-06-11 20:32:41', '2023-06-11 20:32:41');
INSERT INTO `acl_role_permission` VALUES ('1667872477701230605', '1', '1195270810560684034', '1', '2023-06-11 20:32:41', '2023-06-11 20:32:41');
INSERT INTO `acl_role_permission` VALUES ('1667872477701230606', '1', '1195270862100291586', '1', '2023-06-11 20:32:41', '2023-06-11 20:32:41');
INSERT INTO `acl_role_permission` VALUES ('1667872477701230607', '1', '1195270887933009922', '1', '2023-06-11 20:32:41', '2023-06-11 20:32:41');
INSERT INTO `acl_role_permission` VALUES ('1667872477701230608', '1', '1195349439240048642', '1', '2023-06-11 20:32:41', '2023-06-11 20:32:41');
INSERT INTO `acl_role_permission` VALUES ('1667872477701230609', '1', '1195349699995734017', '1', '2023-06-11 20:32:41', '2023-06-11 20:32:41');
INSERT INTO `acl_role_permission` VALUES ('1667872477701230610', '1', '1195349979797753857', '1', '2023-06-11 20:32:41', '2023-06-11 20:32:41');
INSERT INTO `acl_role_permission` VALUES ('1667872477701230611', '1', '1195350117270261762', '1', '2023-06-11 20:32:41', '2023-06-11 20:32:41');
INSERT INTO `acl_role_permission` VALUES ('1667872477701230612', '1', '1195350188359520258', '1', '2023-06-11 20:32:41', '2023-06-11 20:32:41');
INSERT INTO `acl_role_permission` VALUES ('1667872477701230613', '1', '1195349810561781761', '1', '2023-06-11 20:32:41', '2023-06-11 20:32:41');
INSERT INTO `acl_role_permission` VALUES ('1667872477701230614', '1', '1195349876252971010', '1', '2023-06-11 20:32:41', '2023-06-11 20:32:41');
INSERT INTO `acl_role_permission` VALUES ('1667872477701230615', '1', '1195350299365969922', '1', '2023-06-11 20:32:41', '2023-06-11 20:32:41');
INSERT INTO `acl_role_permission` VALUES ('1667872477701230616', '1', '1195350397751758850', '1', '2023-06-11 20:32:41', '2023-06-11 20:32:41');
INSERT INTO `acl_role_permission` VALUES ('1667872477701230617', '1', '1195350612172967938', '1', '2023-06-11 20:32:41', '2023-06-11 20:32:41');
INSERT INTO `acl_role_permission` VALUES ('1667872477701230618', '1', '1195350500512206850', '1', '2023-06-11 20:32:41', '2023-06-11 20:32:41');
INSERT INTO `acl_role_permission` VALUES ('1667872477701230619', '1', '1195350687590748161', '1', '2023-06-11 20:32:41', '2023-06-11 20:32:41');
INSERT INTO `acl_role_permission` VALUES ('1667872477701230620', '1', '1195350831744782337', '1', '2023-06-11 20:32:41', '2023-06-11 20:32:41');
INSERT INTO `acl_role_permission` VALUES ('1667872477701230621', '1', '1195350919074385921', '1', '2023-06-11 20:32:41', '2023-06-11 20:32:41');
INSERT INTO `acl_role_permission` VALUES ('1667872477701230622', '1', '2222', '1', '2023-06-11 20:32:41', '2023-06-11 20:32:41');
INSERT INTO `acl_role_permission` VALUES ('1667872477701230623', '1', '22222', '1', '2023-06-11 20:32:41', '2023-06-11 20:32:41');
INSERT INTO `acl_role_permission` VALUES ('1667872477701230624', '1', '222222', '1', '2023-06-11 20:32:41', '2023-06-11 20:32:41');
INSERT INTO `acl_role_permission` VALUES ('1667872477701230625', '1', '1195351020463296513', '1', '2023-06-11 20:32:41', '2023-06-11 20:32:41');
INSERT INTO `acl_role_permission` VALUES ('1667872477701230626', '1', '1195351159672246274', '1', '2023-06-11 20:32:41', '2023-06-11 20:32:41');
INSERT INTO `acl_role_permission` VALUES ('1667872477701230627', '1', '1195351326706208770', '1', '2023-06-11 20:32:41', '2023-06-11 20:32:41');
INSERT INTO `acl_role_permission` VALUES ('1667872477701230628', '1', '1195351566221938690', '1', '2023-06-11 20:32:41', '2023-06-11 20:32:41');
INSERT INTO `acl_role_permission` VALUES ('1667872477701230629', '1', '1195351862889254913', '1', '2023-06-11 20:32:41', '2023-06-11 20:32:41');
INSERT INTO `acl_role_permission` VALUES ('1667872477701230630', '1', '1195351968841568257', '1', '2023-06-11 20:32:41', '2023-06-11 20:32:41');
INSERT INTO `acl_role_permission` VALUES ('1667872477701230631', '1', '1195352215768633346', '1', '2023-06-11 20:32:41', '2023-06-11 20:32:41');
INSERT INTO `acl_role_permission` VALUES ('1667872477701230632', '1', '1195352054917074946', '1', '2023-06-11 20:32:41', '2023-06-11 20:32:41');
INSERT INTO `acl_role_permission` VALUES ('1667872477701230633', '1', '1195352127734386690', '1', '2023-06-11 20:32:41', '2023-06-11 20:32:41');
INSERT INTO `acl_role_permission` VALUES ('1667872477701230634', '1', '1234567854654564788', '1', '2023-06-11 20:32:41', '2023-06-11 20:32:41');
INSERT INTO `acl_role_permission` VALUES ('1667872477701230635', '1', '1234567854654564791', '1', '2023-06-11 20:32:41', '2023-06-11 20:32:41');
INSERT INTO `acl_role_permission` VALUES ('1667872477701230636', '1', '1234567854654564512', '1', '2023-06-11 20:32:41', '2023-06-11 20:32:41');
INSERT INTO `acl_role_permission` VALUES ('1667872477701230637', '1', '1234567854654564799', '1', '2023-06-11 20:32:41', '2023-06-11 20:32:41');
INSERT INTO `acl_role_permission` VALUES ('1667872477701230638', '1', '1234567854654541234', '1', '2023-06-11 20:32:41', '2023-06-11 20:32:41');
INSERT INTO `acl_role_permission` VALUES ('1667872477701230639', '1', '1234567854654656234', '1', '2023-06-11 20:32:41', '2023-06-11 20:32:41');
INSERT INTO `acl_role_permission` VALUES ('1667872477701230640', '1', '1234567854678451322', '1', '2023-06-11 20:32:41', '2023-06-11 20:32:41');
INSERT INTO `acl_role_permission` VALUES ('1668151733350039554', '1', '1', '1', '2023-06-12 15:02:21', '2023-06-12 15:02:21');
INSERT INTO `acl_role_permission` VALUES ('1668151733350039555', '1', '1195268474480156673', '1', '2023-06-12 15:02:21', '2023-06-12 15:02:21');
INSERT INTO `acl_role_permission` VALUES ('1668151733350039556', '1', '1195268616021139457', '1', '2023-06-12 15:02:21', '2023-06-12 15:02:21');
INSERT INTO `acl_role_permission` VALUES ('1668151733350039557', '1', '1195269143060602882', '1', '2023-06-12 15:02:21', '2023-06-12 15:02:21');
INSERT INTO `acl_role_permission` VALUES ('1668151733350039558', '1', '1195269295926206466', '1', '2023-06-12 15:02:21', '2023-06-12 15:02:21');
INSERT INTO `acl_role_permission` VALUES ('1668151733350039559', '1', '1195269473479483394', '1', '2023-06-12 15:02:21', '2023-06-12 15:02:21');
INSERT INTO `acl_role_permission` VALUES ('1668151733350039560', '1', '1195269547269873666', '1', '2023-06-12 15:02:21', '2023-06-12 15:02:21');
INSERT INTO `acl_role_permission` VALUES ('1668151733350039561', '1', '1196301740985311234', '1', '2023-06-12 15:02:21', '2023-06-12 15:02:21');
INSERT INTO `acl_role_permission` VALUES ('1668151733350039562', '1', '1195268788138598401', '1', '2023-06-12 15:02:21', '2023-06-12 15:02:21');
INSERT INTO `acl_role_permission` VALUES ('1668151733350039563', '1', '1195269821262782465', '1', '2023-06-12 15:02:21', '2023-06-12 15:02:21');
INSERT INTO `acl_role_permission` VALUES ('1668151733350039564', '1', '1195269903542444034', '1', '2023-06-12 15:02:21', '2023-06-12 15:02:21');
INSERT INTO `acl_role_permission` VALUES ('1668151733350039565', '1', '1195270037005197313', '1', '2023-06-12 15:02:21', '2023-06-12 15:02:21');
INSERT INTO `acl_role_permission` VALUES ('1668151733350039566', '1', '1195270442602782721', '1', '2023-06-12 15:02:21', '2023-06-12 15:02:21');
INSERT INTO `acl_role_permission` VALUES ('1668151733350039567', '1', '1195270621548568578', '1', '2023-06-12 15:02:21', '2023-06-12 15:02:21');
INSERT INTO `acl_role_permission` VALUES ('1668151733350039568', '1', '1195268893830864898', '1', '2023-06-12 15:02:21', '2023-06-12 15:02:21');
INSERT INTO `acl_role_permission` VALUES ('1668151733350039569', '1', '1195270744097742849', '1', '2023-06-12 15:02:21', '2023-06-12 15:02:21');
INSERT INTO `acl_role_permission` VALUES ('1668151733350039570', '1', '1195270810560684034', '1', '2023-06-12 15:02:21', '2023-06-12 15:02:21');
INSERT INTO `acl_role_permission` VALUES ('1668151733350039571', '1', '1195270862100291586', '1', '2023-06-12 15:02:21', '2023-06-12 15:02:21');
INSERT INTO `acl_role_permission` VALUES ('1668151733350039572', '1', '1195270887933009922', '1', '2023-06-12 15:02:21', '2023-06-12 15:02:21');
INSERT INTO `acl_role_permission` VALUES ('1668151733350039573', '1', '1195349439240048642', '1', '2023-06-12 15:02:21', '2023-06-12 15:02:21');
INSERT INTO `acl_role_permission` VALUES ('1668151733350039574', '1', '1195349699995734017', '1', '2023-06-12 15:02:21', '2023-06-12 15:02:21');
INSERT INTO `acl_role_permission` VALUES ('1668151733350039575', '1', '1195349979797753857', '1', '2023-06-12 15:02:21', '2023-06-12 15:02:21');
INSERT INTO `acl_role_permission` VALUES ('1668151733350039576', '1', '1195350117270261762', '1', '2023-06-12 15:02:21', '2023-06-12 15:02:21');
INSERT INTO `acl_role_permission` VALUES ('1668151733350039577', '1', '1195350188359520258', '1', '2023-06-12 15:02:21', '2023-06-12 15:02:21');
INSERT INTO `acl_role_permission` VALUES ('1668151733350039578', '1', '1195349810561781761', '1', '2023-06-12 15:02:21', '2023-06-12 15:02:21');
INSERT INTO `acl_role_permission` VALUES ('1668151733350039579', '1', '1195349876252971010', '1', '2023-06-12 15:02:21', '2023-06-12 15:02:21');
INSERT INTO `acl_role_permission` VALUES ('1668151733350039580', '1', '1195350299365969922', '1', '2023-06-12 15:02:21', '2023-06-12 15:02:21');
INSERT INTO `acl_role_permission` VALUES ('1668151733350039581', '1', '1195350397751758850', '1', '2023-06-12 15:02:21', '2023-06-12 15:02:21');
INSERT INTO `acl_role_permission` VALUES ('1668151733350039582', '1', '1195350612172967938', '1', '2023-06-12 15:02:21', '2023-06-12 15:02:21');
INSERT INTO `acl_role_permission` VALUES ('1668151733350039583', '1', '1195350500512206850', '1', '2023-06-12 15:02:21', '2023-06-12 15:02:21');
INSERT INTO `acl_role_permission` VALUES ('1668151733350039584', '1', '1195350687590748161', '1', '2023-06-12 15:02:21', '2023-06-12 15:02:21');
INSERT INTO `acl_role_permission` VALUES ('1668151733350039585', '1', '1195350831744782337', '1', '2023-06-12 15:02:21', '2023-06-12 15:02:21');
INSERT INTO `acl_role_permission` VALUES ('1668151733350039586', '1', '1195350919074385921', '1', '2023-06-12 15:02:21', '2023-06-12 15:02:21');
INSERT INTO `acl_role_permission` VALUES ('1668151733350039587', '1', '2222', '1', '2023-06-12 15:02:21', '2023-06-12 15:02:21');
INSERT INTO `acl_role_permission` VALUES ('1668151733350039588', '1', '22222', '1', '2023-06-12 15:02:21', '2023-06-12 15:02:21');
INSERT INTO `acl_role_permission` VALUES ('1668151733350039589', '1', '222222', '1', '2023-06-12 15:02:21', '2023-06-12 15:02:21');
INSERT INTO `acl_role_permission` VALUES ('1668151733350039590', '1', '1195351020463296513', '1', '2023-06-12 15:02:21', '2023-06-12 15:02:21');
INSERT INTO `acl_role_permission` VALUES ('1668151733350039591', '1', '1195351159672246274', '1', '2023-06-12 15:02:21', '2023-06-12 15:02:21');
INSERT INTO `acl_role_permission` VALUES ('1668151733350039592', '1', '1195351326706208770', '1', '2023-06-12 15:02:21', '2023-06-12 15:02:21');
INSERT INTO `acl_role_permission` VALUES ('1668151733350039593', '1', '1195351566221938690', '1', '2023-06-12 15:02:21', '2023-06-12 15:02:21');
INSERT INTO `acl_role_permission` VALUES ('1668151733350039594', '1', '1195351862889254913', '1', '2023-06-12 15:02:21', '2023-06-12 15:02:21');
INSERT INTO `acl_role_permission` VALUES ('1668151733387788290', '1', '1195351968841568257', '1', '2023-06-12 15:02:21', '2023-06-12 15:02:21');
INSERT INTO `acl_role_permission` VALUES ('1668151733387788291', '1', '1195352215768633346', '1', '2023-06-12 15:02:21', '2023-06-12 15:02:21');
INSERT INTO `acl_role_permission` VALUES ('1668151733387788292', '1', '1195352054917074946', '1', '2023-06-12 15:02:21', '2023-06-12 15:02:21');
INSERT INTO `acl_role_permission` VALUES ('1668151733387788293', '1', '1195352127734386690', '1', '2023-06-12 15:02:21', '2023-06-12 15:02:21');
INSERT INTO `acl_role_permission` VALUES ('1668151733387788294', '1', '1234567854654564788', '1', '2023-06-12 15:02:21', '2023-06-12 15:02:21');
INSERT INTO `acl_role_permission` VALUES ('1668151733387788295', '1', '1234567854654564791', '1', '2023-06-12 15:02:21', '2023-06-12 15:02:21');
INSERT INTO `acl_role_permission` VALUES ('1668151733387788296', '1', '1234567854654656237', '1', '2023-06-12 15:02:21', '2023-06-12 15:02:21');
INSERT INTO `acl_role_permission` VALUES ('1668151733387788297', '1', '1234567854654656238', '1', '2023-06-12 15:02:21', '2023-06-12 15:02:21');
INSERT INTO `acl_role_permission` VALUES ('1668151733387788298', '1', '1234567854678451322', '1', '2023-06-12 15:02:21', '2023-06-12 15:02:21');
INSERT INTO `acl_role_permission` VALUES ('1668151733387788299', '1', '1234567854654564799', '1', '2023-06-12 15:02:21', '2023-06-12 15:02:21');
INSERT INTO `acl_role_permission` VALUES ('1668151733387788300', '1', '1234567854654656220', '1', '2023-06-12 15:02:21', '2023-06-12 15:02:21');
INSERT INTO `acl_role_permission` VALUES ('1668790736499867650', '1', '1', '0', '2023-06-14 09:21:31', '2023-06-14 09:21:31');
INSERT INTO `acl_role_permission` VALUES ('1668790736499867651', '1', '1195268474480156673', '0', '2023-06-14 09:21:31', '2023-06-14 09:21:31');
INSERT INTO `acl_role_permission` VALUES ('1668790736499867652', '1', '1195268616021139457', '0', '2023-06-14 09:21:31', '2023-06-14 09:21:31');
INSERT INTO `acl_role_permission` VALUES ('1668790736499867653', '1', '1195269143060602882', '0', '2023-06-14 09:21:31', '2023-06-14 09:21:31');
INSERT INTO `acl_role_permission` VALUES ('1668790736499867654', '1', '1195269295926206466', '0', '2023-06-14 09:21:31', '2023-06-14 09:21:31');
INSERT INTO `acl_role_permission` VALUES ('1668790736499867655', '1', '1195269473479483394', '0', '2023-06-14 09:21:31', '2023-06-14 09:21:31');
INSERT INTO `acl_role_permission` VALUES ('1668790736499867656', '1', '1195269547269873666', '0', '2023-06-14 09:21:31', '2023-06-14 09:21:31');
INSERT INTO `acl_role_permission` VALUES ('1668790736499867657', '1', '1196301740985311234', '0', '2023-06-14 09:21:31', '2023-06-14 09:21:31');
INSERT INTO `acl_role_permission` VALUES ('1668790736499867658', '1', '1195268788138598401', '0', '2023-06-14 09:21:31', '2023-06-14 09:21:31');
INSERT INTO `acl_role_permission` VALUES ('1668790736499867659', '1', '1195269821262782465', '0', '2023-06-14 09:21:31', '2023-06-14 09:21:31');
INSERT INTO `acl_role_permission` VALUES ('1668790736499867660', '1', '1195269903542444034', '0', '2023-06-14 09:21:31', '2023-06-14 09:21:31');
INSERT INTO `acl_role_permission` VALUES ('1668790736499867661', '1', '1195270037005197313', '0', '2023-06-14 09:21:31', '2023-06-14 09:21:31');
INSERT INTO `acl_role_permission` VALUES ('1668790736499867662', '1', '1195270442602782721', '0', '2023-06-14 09:21:31', '2023-06-14 09:21:31');
INSERT INTO `acl_role_permission` VALUES ('1668790736499867663', '1', '1195270621548568578', '0', '2023-06-14 09:21:31', '2023-06-14 09:21:31');
INSERT INTO `acl_role_permission` VALUES ('1668790736499867664', '1', '1195268893830864898', '0', '2023-06-14 09:21:31', '2023-06-14 09:21:31');
INSERT INTO `acl_role_permission` VALUES ('1668790736499867665', '1', '1195270744097742849', '0', '2023-06-14 09:21:31', '2023-06-14 09:21:31');
INSERT INTO `acl_role_permission` VALUES ('1668790736499867666', '1', '1195270810560684034', '0', '2023-06-14 09:21:31', '2023-06-14 09:21:31');
INSERT INTO `acl_role_permission` VALUES ('1668790736499867667', '1', '1195270862100291586', '0', '2023-06-14 09:21:31', '2023-06-14 09:21:31');
INSERT INTO `acl_role_permission` VALUES ('1668790736499867668', '1', '1195270887933009922', '0', '2023-06-14 09:21:31', '2023-06-14 09:21:31');
INSERT INTO `acl_role_permission` VALUES ('1668790736499867669', '1', '1195349439240048642', '0', '2023-06-14 09:21:31', '2023-06-14 09:21:31');
INSERT INTO `acl_role_permission` VALUES ('1668790736499867670', '1', '1195349699995734017', '0', '2023-06-14 09:21:31', '2023-06-14 09:21:31');
INSERT INTO `acl_role_permission` VALUES ('1668790736499867671', '1', '1195349979797753857', '0', '2023-06-14 09:21:31', '2023-06-14 09:21:31');
INSERT INTO `acl_role_permission` VALUES ('1668790736499867672', '1', '1195350117270261762', '0', '2023-06-14 09:21:31', '2023-06-14 09:21:31');
INSERT INTO `acl_role_permission` VALUES ('1668790736499867673', '1', '1195350188359520258', '0', '2023-06-14 09:21:31', '2023-06-14 09:21:31');
INSERT INTO `acl_role_permission` VALUES ('1668790736499867674', '1', '1195349810561781761', '0', '2023-06-14 09:21:31', '2023-06-14 09:21:31');
INSERT INTO `acl_role_permission` VALUES ('1668790736499867675', '1', '1195349876252971010', '0', '2023-06-14 09:21:31', '2023-06-14 09:21:31');
INSERT INTO `acl_role_permission` VALUES ('1668790736499867676', '1', '1195350299365969922', '0', '2023-06-14 09:21:31', '2023-06-14 09:21:31');
INSERT INTO `acl_role_permission` VALUES ('1668790736499867677', '1', '1195350397751758850', '0', '2023-06-14 09:21:31', '2023-06-14 09:21:31');
INSERT INTO `acl_role_permission` VALUES ('1668790736499867678', '1', '1195350612172967938', '0', '2023-06-14 09:21:31', '2023-06-14 09:21:31');
INSERT INTO `acl_role_permission` VALUES ('1668790736499867679', '1', '1195350500512206850', '0', '2023-06-14 09:21:31', '2023-06-14 09:21:31');
INSERT INTO `acl_role_permission` VALUES ('1668790736499867680', '1', '1195350687590748161', '0', '2023-06-14 09:21:31', '2023-06-14 09:21:31');
INSERT INTO `acl_role_permission` VALUES ('1668790736499867681', '1', '1195350831744782337', '0', '2023-06-14 09:21:31', '2023-06-14 09:21:31');
INSERT INTO `acl_role_permission` VALUES ('1668790736499867682', '1', '1195350919074385921', '0', '2023-06-14 09:21:31', '2023-06-14 09:21:31');
INSERT INTO `acl_role_permission` VALUES ('1668790736499867683', '1', '2222', '0', '2023-06-14 09:21:31', '2023-06-14 09:21:31');
INSERT INTO `acl_role_permission` VALUES ('1668790736499867684', '1', '22222', '0', '2023-06-14 09:21:31', '2023-06-14 09:21:31');
INSERT INTO `acl_role_permission` VALUES ('1668790736499867685', '1', '222222', '0', '2023-06-14 09:21:31', '2023-06-14 09:21:31');
INSERT INTO `acl_role_permission` VALUES ('1668790736499867686', '1', '1195351020463296513', '0', '2023-06-14 09:21:31', '2023-06-14 09:21:31');
INSERT INTO `acl_role_permission` VALUES ('1668790736499867687', '1', '1195351159672246274', '0', '2023-06-14 09:21:31', '2023-06-14 09:21:31');
INSERT INTO `acl_role_permission` VALUES ('1668790736499867688', '1', '1195351326706208770', '0', '2023-06-14 09:21:31', '2023-06-14 09:21:31');
INSERT INTO `acl_role_permission` VALUES ('1668790736499867689', '1', '1195351566221938690', '0', '2023-06-14 09:21:31', '2023-06-14 09:21:31');
INSERT INTO `acl_role_permission` VALUES ('1668790736499867690', '1', '1195351862889254913', '0', '2023-06-14 09:21:31', '2023-06-14 09:21:31');
INSERT INTO `acl_role_permission` VALUES ('1668790736499867691', '1', '1195351968841568257', '0', '2023-06-14 09:21:31', '2023-06-14 09:21:31');
INSERT INTO `acl_role_permission` VALUES ('1668790736499867692', '1', '1195352215768633346', '0', '2023-06-14 09:21:31', '2023-06-14 09:21:31');
INSERT INTO `acl_role_permission` VALUES ('1668790736499867693', '1', '1195352054917074946', '0', '2023-06-14 09:21:31', '2023-06-14 09:21:31');
INSERT INTO `acl_role_permission` VALUES ('1668790736499867694', '1', '1195352127734386690', '0', '2023-06-14 09:21:31', '2023-06-14 09:21:31');
INSERT INTO `acl_role_permission` VALUES ('1668790736499867695', '1', '1234567854654564095', '0', '2023-06-14 09:21:31', '2023-06-14 09:21:31');
INSERT INTO `acl_role_permission` VALUES ('1668790736499867696', '1', '1234567854654564096', '0', '2023-06-14 09:21:31', '2023-06-14 09:21:31');
INSERT INTO `acl_role_permission` VALUES ('1668790736499867697', '1', '1234567854654564100', '0', '2023-06-14 09:21:31', '2023-06-14 09:21:31');
INSERT INTO `acl_role_permission` VALUES ('1668790736499867698', '1', '1234567854654564101', '0', '2023-06-14 09:21:31', '2023-06-14 09:21:31');
INSERT INTO `acl_role_permission` VALUES ('1668790736499867699', '1', '1234567854654564102', '0', '2023-06-14 09:21:31', '2023-06-14 09:21:31');
INSERT INTO `acl_role_permission` VALUES ('1668790736499867700', '1', '1234567854654564097', '0', '2023-06-14 09:21:31', '2023-06-14 09:21:31');
INSERT INTO `acl_role_permission` VALUES ('1668790736499867701', '1', '1234567854654564103', '0', '2023-06-14 09:21:31', '2023-06-14 09:21:31');
INSERT INTO `acl_role_permission` VALUES ('1668790736499867702', '1', '1234567854654564788', '0', '2023-06-14 09:21:31', '2023-06-14 09:21:31');
INSERT INTO `acl_role_permission` VALUES ('1668790736499867703', '1', '1234567854654564791', '0', '2023-06-14 09:21:31', '2023-06-14 09:21:31');
INSERT INTO `acl_role_permission` VALUES ('1668790736499867704', '1', '1234567854654656237', '0', '2023-06-14 09:21:31', '2023-06-14 09:21:31');
INSERT INTO `acl_role_permission` VALUES ('1668790736499867705', '1', '1234567854654656238', '0', '2023-06-14 09:21:31', '2023-06-14 09:21:31');
INSERT INTO `acl_role_permission` VALUES ('1668790736499867706', '1', '1234567854678451322', '0', '2023-06-14 09:21:31', '2023-06-14 09:21:31');
INSERT INTO `acl_role_permission` VALUES ('1668790736499867707', '1', '1234567854654564799', '0', '2023-06-14 09:21:31', '2023-06-14 09:21:31');
INSERT INTO `acl_role_permission` VALUES ('1668790736499867708', '1', '1234567854654656220', '0', '2023-06-14 09:21:31', '2023-06-14 09:21:31');
INSERT INTO `acl_role_permission` VALUES ('1668790736499867709', '1', '1234567854654565111', '0', '2023-06-14 09:21:31', '2023-06-14 09:21:31');
INSERT INTO `acl_role_permission` VALUES ('1668790736499867710', '1', '1234567854654565112', '0', '2023-06-14 09:21:31', '2023-06-14 09:21:31');
INSERT INTO `acl_role_permission` VALUES ('1668790736499867711', '1', '1234567854654565113', '0', '2023-06-14 09:21:31', '2023-06-14 09:21:31');
INSERT INTO `acl_role_permission` VALUES ('1668790736499867712', '1', '1234567854654565114', '0', '2023-06-14 09:21:31', '2023-06-14 09:21:31');

-- ----------------------------
-- Table structure for acl_user
-- ----------------------------
DROP TABLE IF EXISTS `acl_user`;
CREATE TABLE `acl_user` (
  `id` char(19) NOT NULL COMMENT '会员id',
  `username` varchar(20) NOT NULL DEFAULT '' COMMENT '微信openid',
  `password` varchar(32) NOT NULL DEFAULT '' COMMENT '密码',
  `nick_name` varchar(50) DEFAULT NULL COMMENT '昵称',
  `salt` varchar(255) DEFAULT NULL COMMENT '用户头像',
  `token` varchar(100) DEFAULT NULL COMMENT '用户签名',
  `is_deleted` tinyint unsigned NOT NULL DEFAULT '0' COMMENT '逻辑删除 1（true）已删除， 0（false）未删除',
  `gmt_create` datetime NOT NULL COMMENT '创建时间',
  `gmt_modified` datetime NOT NULL COMMENT '更新时间',
  PRIMARY KEY (`id`),
  UNIQUE KEY `uk_username` (`username`)
) ENGINE=InnoDB DEFAULT CHARSET=utf8mb4 COLLATE=utf8mb4_0900_ai_ci COMMENT='用户表';

-- ----------------------------
-- Records of acl_user
-- ----------------------------
INSERT INTO `acl_user` VALUES ('1', 'admin', '710f5ad0401c6933ffb8325722b33d05', 'admin', '', null, '0', '2023-06-11 10:39:47', '2023-06-11 10:39:47');
INSERT INTO `acl_user` VALUES ('1296657852869406722', 'chasel', '96e79218965eb72c92a549dd5a330112', '蓝墩墩', null, null, '0', '2023-06-11 11:58:18', '2023-06-11 20:34:02');
INSERT INTO `acl_user` VALUES ('1296658810076688386', 'tuan', '96e79218965eb72c92a549dd5a330112', '团子', null, null, '0', '2023-06-11 12:02:06', '2023-06-11 20:34:31');
INSERT INTO `acl_user` VALUES ('1651911305764278274', 'root', '7f450aee19bb993eec34ca82ea051a01', '蓝', null, null, '1', '2023-04-28 19:28:41', '2023-05-02 10:52:33');

-- ----------------------------
-- Table structure for acl_user_role
-- ----------------------------
DROP TABLE IF EXISTS `acl_user_role`;
CREATE TABLE `acl_user_role` (
  `id` char(19) NOT NULL DEFAULT '' COMMENT '主键id',
  `role_id` char(19) NOT NULL DEFAULT '0' COMMENT '角色id',
  `user_id` char(19) NOT NULL DEFAULT '0' COMMENT '用户id',
  `is_deleted` tinyint unsigned NOT NULL DEFAULT '0' COMMENT '逻辑删除 1（true）已删除， 0（false）未删除',
  `gmt_create` datetime NOT NULL COMMENT '创建时间',
  `gmt_modified` datetime NOT NULL COMMENT '更新时间',
  PRIMARY KEY (`id`),
  KEY `idx_role_id` (`role_id`),
  KEY `idx_user_id` (`user_id`)
) ENGINE=InnoDB DEFAULT CHARSET=utf8mb3;

-- ----------------------------
-- Records of acl_user_role
-- ----------------------------
INSERT INTO `acl_user_role` VALUES ('1', '1', '2', '0', '2023-06-11 13:09:53', '2023-06-11 13:09:53');
INSERT INTO `acl_user_role` VALUES ('1296343056387198977', '1296341621322825729', '1296342997553696769', '0', '2023-06-11 15:07:24', '2023-06-11 15:07:24');
INSERT INTO `acl_user_role` VALUES ('1296657892589465601', '1296656642959503361', '1296657852869406722', '0', '2023-06-11 11:58:27', '2023-06-11 11:58:27');
INSERT INTO `acl_user_role` VALUES ('1296659019410206722', '1296658571068469249', '1296658810076688386', '0', '2023-06-11 12:02:56', '2023-06-11 12:02:56');
INSERT INTO `acl_user_role` VALUES ('1651893067210829825', '1651872575066230786', '1651872995176108033', '0', '2023-06-11 18:16:13', '2023-06-11 18:16:13');
INSERT INTO `acl_user_role` VALUES ('1651911329420152834', '1651911202911555586', '1651911305764278274', '0', '2023-06-11 19:28:47', '2023-06-11 19:28:47');
INSERT INTO `acl_user_role` VALUES ('1652952469326008322', '1', '1', '0', '2023-06-11 16:25:54', '2023-06-11 16:25:54');

-- ----------------------------
-- Table structure for crm_banner
-- ----------------------------
DROP TABLE IF EXISTS `crm_banner`;
CREATE TABLE `crm_banner` (
  `id` char(19) NOT NULL DEFAULT '' COMMENT 'ID',
  `title` varchar(20) CHARACTER SET utf8mb4 COLLATE utf8mb4_0900_ai_ci NOT NULL DEFAULT '' COMMENT '标题',
  `image_url` varchar(500) NOT NULL DEFAULT '' COMMENT '图片地址',
  `link_url` varchar(500) DEFAULT '' COMMENT '链接地址',
  `sort` int unsigned NOT NULL DEFAULT '0' COMMENT '排序',
  `is_deleted` tinyint unsigned NOT NULL DEFAULT '0' COMMENT '逻辑删除 1（true）已删除， 0（false）未删除',
  `gmt_create` datetime NOT NULL COMMENT '创建时间',
  `gmt_modified` datetime NOT NULL COMMENT '更新时间',
  PRIMARY KEY (`id`),
  UNIQUE KEY `uk_name` (`title`)
) ENGINE=InnoDB DEFAULT CHARSET=utf8mb4 COLLATE=utf8mb4_0900_ai_ci COMMENT='首页banner表';

-- ----------------------------
-- Records of crm_banner
-- ----------------------------
INSERT INTO `crm_banner` VALUES ('1', 'test2', 'https://online-education-test1010.oss-cn-fuzhou.aliyuncs.com/2023/04/2077700981.jpeg', '/teacher', '2', '0', '2023-06-13 21:26:27', '2023-06-13 09:12:15');
INSERT INTO `crm_banner` VALUES ('1668633573030707202', '测试', 'http://online-education-test1010.oss-cn-fuzhou.aliyuncs.com/2023/06/13b685b50be6c34f95aa0d5c754b4d0013background.jpg', '', '0', '1', '2023-06-13 22:57:00', '2023-06-13 22:57:29');
INSERT INTO `crm_banner` VALUES ('1668633662847533057', '测试测试', 'http://online-education-test1010.oss-cn-fuzhou.aliyuncs.com/2023/06/13ee57629de36f472bab5c0f95de18c952bj2.png', '', '1', '1', '2023-06-13 22:57:22', '2023-06-13 22:57:29');
INSERT INTO `crm_banner` VALUES ('2', 'test1', 'https://online-education-test1010.oss-cn-fuzhou.aliyuncs.com/2023/04/mmexport168379111545.jpg', '/course', '1', '0', '2023-06-13 18:05:32', '2023-06-13 10:28:22');
INSERT INTO `crm_banner` VALUES ('3', 'test', 'https://online-education-test1010.oss-cn-fuzhou.aliyuncs.com/2023/04/mmexport1684205290014.jpg', '/course', '0', '0', '2023-05-16 10:49:46', '2023-05-16 10:49:49');

-- ----------------------------
-- Table structure for edu_chapter
-- ----------------------------
DROP TABLE IF EXISTS `edu_chapter`;
CREATE TABLE `edu_chapter` (
  `id` char(19) NOT NULL COMMENT '章节ID',
  `course_id` char(19) NOT NULL COMMENT '课程ID',
  `title` varchar(50) NOT NULL COMMENT '章节名称',
  `sort` int unsigned NOT NULL DEFAULT '0' COMMENT '显示排序',
  `gmt_create` datetime NOT NULL COMMENT '创建时间',
  `gmt_modified` datetime NOT NULL COMMENT '更新时间',
  PRIMARY KEY (`id`),
  KEY `idx_course_id` (`course_id`)
) ENGINE=InnoDB DEFAULT CHARSET=utf8mb4 COLLATE=utf8mb4_0900_ai_ci ROW_FORMAT=COMPACT COMMENT='课程';

-- ----------------------------
-- Records of edu_chapter
-- ----------------------------
INSERT INTO `edu_chapter` VALUES ('1292089439882878978', '1292089410745049089', '第一章', '0', '2020-08-08 21:25:03', '2020-08-08 21:25:03');
INSERT INTO `edu_chapter` VALUES ('1292097784467464194', '1292097678242521090', '时间', '1', '2020-08-08 21:58:12', '2020-08-08 21:58:12');
INSERT INTO `edu_chapter` VALUES ('1292278906387038209', '1292278889588850690', 'ss', '0', '2020-08-09 09:57:55', '2020-08-09 09:57:55');
INSERT INTO `edu_chapter` VALUES ('1292380380689567746', '1292380353153961986', '1515', '0', '2020-08-09 16:41:09', '2020-08-09 16:41:09');
INSERT INTO `edu_chapter` VALUES ('1292682457631481857', '1292682429575782401', 'a', '0', '2020-08-10 12:41:29', '2020-08-10 12:41:29');
INSERT INTO `edu_chapter` VALUES ('1294175999164014594', '1294175937918787585', '第一章、什么是艺术', '0', '2020-08-14 15:36:17', '2020-08-14 15:36:17');
INSERT INTO `edu_chapter` VALUES ('1643511234965807106', '15', '第一章 光之巨人变身入门', '1', '2023-04-05 15:09:48', '2023-04-05 15:10:20');
INSERT INTO `edu_chapter` VALUES ('1657002735784529921', '1657002640489943042', '第一章 起源', '0', '2023-05-12 20:40:13', '2023-05-12 20:40:13');
INSERT INTO `edu_chapter` VALUES ('1657012621188546562', '1657002640489943042', '第二章 Java基础篇', '1', '2023-05-12 21:19:29', '2023-05-12 21:19:29');
INSERT INTO `edu_chapter` VALUES ('1657012873559818241', '1657002640489943042', '第三章 Java高级篇', '2', '2023-05-12 21:20:30', '2023-05-12 21:20:30');
INSERT INTO `edu_chapter` VALUES ('1657014008970493953', '1657013984710639617', '第一章', '0', '2023-05-12 21:25:00', '2023-05-12 21:25:00');
INSERT INTO `edu_chapter` VALUES ('1657014068865155074', '1657013984710639617', '第二章', '0', '2023-05-12 21:25:15', '2023-05-12 21:25:15');
INSERT INTO `edu_chapter` VALUES ('1657017185555988481', '1657017156397187073', '第一章', '0', '2023-05-12 21:37:38', '2023-05-12 21:37:38');
INSERT INTO `edu_chapter` VALUES ('1657017391043330050', '1657017368071127042', '第一章', '0', '2023-05-12 21:38:27', '2023-05-12 21:38:27');
INSERT INTO `edu_chapter` VALUES ('1657017463005003777', '1657017368071127042', '第二章', '0', '2023-05-12 21:38:44', '2023-05-12 21:38:44');
INSERT INTO `edu_chapter` VALUES ('1657017662108614657', '1657017611118460929', '第一章', '0', '2023-05-12 21:39:31', '2023-05-12 21:39:31');
INSERT INTO `edu_chapter` VALUES ('1657017950932582401', '1657017611118460929', '第二章', '1', '2023-05-12 21:40:40', '2023-05-12 21:40:40');
INSERT INTO `edu_chapter` VALUES ('1657018098362368001', '1657018076484878338', '第一章', '0', '2023-05-12 21:41:15', '2023-05-12 21:41:15');
INSERT INTO `edu_chapter` VALUES ('1657018393121275906', '1657018369217937410', '第一章', '0', '2023-05-12 21:42:26', '2023-05-12 21:42:26');
INSERT INTO `edu_chapter` VALUES ('1657018491683225601', '1657018369217937410', '第二章', '1', '2023-05-12 21:42:49', '2023-05-12 21:42:49');
INSERT INTO `edu_chapter` VALUES ('1657018671585312769', '1657018639540830209', '第一章', '0', '2023-05-12 21:43:32', '2023-05-12 21:43:32');
INSERT INTO `edu_chapter` VALUES ('1657018900636254210', '1657018639540830209', '第二章', '1', '2023-05-12 21:44:26', '2023-05-12 21:44:26');
INSERT INTO `edu_chapter` VALUES ('1657019216660283393', '1657019194174619649', '第一章', '0', '2023-05-12 21:45:42', '2023-05-12 21:45:42');
INSERT INTO `edu_chapter` VALUES ('1657019253477883906', '1657019194174619649', '第二章', '0', '2023-05-12 21:45:51', '2023-05-12 21:45:51');
INSERT INTO `edu_chapter` VALUES ('1657019305290121217', '1657019194174619649', '第三章', '2', '2023-05-12 21:46:03', '2023-05-12 21:46:03');
INSERT INTO `edu_chapter` VALUES ('1657019627865653249', '1657019608915787778', '第一章', '0', '2023-05-12 21:47:20', '2023-05-12 21:47:20');
INSERT INTO `edu_chapter` VALUES ('1657019957244346370', '1657019929964593153', '第一章', '0', '2023-05-12 21:48:38', '2023-05-12 21:48:38');
INSERT INTO `edu_chapter` VALUES ('1657020113528307714', '1657020082662424577', '第一章', '0', '2023-05-12 21:49:16', '2023-05-12 21:49:16');
INSERT INTO `edu_chapter` VALUES ('1657020354201665537', '1657020328691908609', '第一章', '0', '2023-05-12 21:50:13', '2023-05-12 21:50:13');
INSERT INTO `edu_chapter` VALUES ('1657020557835124738', '1657020536133795842', '第一章', '0', '2023-05-12 21:51:02', '2023-05-12 21:51:02');
INSERT INTO `edu_chapter` VALUES ('1657020792753897474', '1657020752371138561', '第一章', '0', '2023-05-12 21:51:58', '2023-05-12 21:51:58');
INSERT INTO `edu_chapter` VALUES ('1657020977357799426', '1657020953848725505', '第一章', '0', '2023-05-12 21:52:42', '2023-05-12 21:52:42');
INSERT INTO `edu_chapter` VALUES ('1657021229729071105', '1657021199551053825', '第一章', '0', '2023-05-12 21:53:42', '2023-05-12 21:53:42');
INSERT INTO `edu_chapter` VALUES ('1657021485552254978', '1657021462361948162', '第一章', '0', '2023-05-12 21:54:43', '2023-05-12 21:54:43');
INSERT INTO `edu_chapter` VALUES ('1657021560114397185', '1657021462361948162', '第二章', '1', '2023-05-12 21:55:01', '2023-05-12 21:55:01');
INSERT INTO `edu_chapter` VALUES ('1657021857805123586', '1657021827681632258', '第一章', '0', '2023-05-12 21:56:12', '2023-05-12 21:56:12');
INSERT INTO `edu_chapter` VALUES ('1657022128237068289', '1657022108318318593', '第一章', '0', '2023-05-12 21:57:16', '2023-05-12 21:57:16');
INSERT INTO `edu_chapter` VALUES ('1657022523705409537', '1657022500624154626', '第一章', '0', '2023-05-12 21:58:50', '2023-05-12 21:58:50');
INSERT INTO `edu_chapter` VALUES ('1657022600003993601', '1657022500624154626', '第二章', '0', '2023-05-12 21:59:08', '2023-05-12 21:59:08');
INSERT INTO `edu_chapter` VALUES ('666666', '1657016274364416002', '第一章', '0', '2023-04-21 12:23:17', '2023-04-04 12:23:24');

-- ----------------------------
-- Table structure for edu_comment
-- ----------------------------
DROP TABLE IF EXISTS `edu_comment`;
CREATE TABLE `edu_comment` (
  `id` char(19) NOT NULL COMMENT '讲师ID',
  `course_id` varchar(19) NOT NULL DEFAULT '' COMMENT '课程id',
  `teacher_id` char(19) NOT NULL DEFAULT '' COMMENT '讲师id',
  `member_id` varchar(19) NOT NULL DEFAULT '' COMMENT '会员id',
  `nickname` varchar(50) DEFAULT NULL COMMENT '会员昵称',
  `avatar` varchar(255) DEFAULT NULL COMMENT '会员头像',
  `content` varchar(500) DEFAULT NULL COMMENT '评论内容',
  `is_deleted` tinyint unsigned NOT NULL DEFAULT '0' COMMENT '逻辑删除 1（true）已删除， 0（false）未删除',
  `gmt_create` datetime NOT NULL COMMENT '创建时间',
  `gmt_modified` datetime NOT NULL COMMENT '更新时间',
  PRIMARY KEY (`id`),
  KEY `idx_course_id` (`course_id`),
  KEY `idx_teacher_id` (`teacher_id`),
  KEY `idx_member_id` (`member_id`)
) ENGINE=InnoDB DEFAULT CHARSET=utf8mb4 COLLATE=utf8mb4_0900_ai_ci COMMENT='评论';

-- ----------------------------
-- Records of edu_comment
-- ----------------------------
INSERT INTO `edu_comment` VALUES ('1657263928034009090', '1657017611118460929', '1189426437876985857', '1652358426741305346', '蓝波波', 'https://online-education-test1010.oss-cn-fuzhou.aliyuncs.com/2023/04/%E6%96%B0%E5%BB%BA%E6%96%87%E4%BB%B6%E5%A4%B9/mmexport1683430598949.jpg', '达哥真的扭扭扭', '0', '2023-05-13 13:58:06', '2023-05-13 13:58:06');
INSERT INTO `edu_comment` VALUES ('1657263966948761602', '1657017611118460929', '1189426437876985857', '1652358426741305346', '蓝波波', 'https://online-education-test1010.oss-cn-fuzhou.aliyuncs.com/2023/04/%E6%96%B0%E5%BB%BA%E6%96%87%E4%BB%B6%E5%A4%B9/mmexport1683430598949.jpg', '针不戳', '0', '2023-05-13 13:58:15', '2023-05-13 13:58:15');
INSERT INTO `edu_comment` VALUES ('1657264016571572226', '1657017611118460929', '1189426437876985857', '1652358426741305346', '蓝波波', 'https://online-education-test1010.oss-cn-fuzhou.aliyuncs.com/2023/04/%E6%96%B0%E5%BB%BA%E6%96%87%E4%BB%B6%E5%A4%B9/mmexport1683430598949.jpg', '这也泰裤辣！', '0', '2023-05-13 13:58:27', '2023-05-13 13:58:27');
INSERT INTO `edu_comment` VALUES ('1657264067280707586', '1657017611118460929', '1189426437876985857', '1652358426741305346', '蓝波波', 'https://online-education-test1010.oss-cn-fuzhou.aliyuncs.com/2023/04/%E6%96%B0%E5%BB%BA%E6%96%87%E4%BB%B6%E5%A4%B9/mmexport1683430598949.jpg', '你们今天有成为更好的自己吗！？', '0', '2023-05-13 13:58:39', '2023-05-13 13:58:39');
INSERT INTO `edu_comment` VALUES ('1657329527275765761', '1657002640489943042', '1195337453429129218', '1652358426741305346', '蓝波波', 'https://online-education-test1010.oss-cn-fuzhou.aliyuncs.com/2023/04/%E6%96%B0%E5%BB%BA%E6%96%87%E4%BB%B6%E5%A4%B9/mmexport1683430598949.jpg', '泰裤辣！！', '0', '2023-05-13 18:18:46', '2023-05-13 18:18:46');
INSERT INTO `edu_comment` VALUES ('1657329551837609985', '1657002640489943042', '1195337453429129218', '1652358426741305346', '蓝波波', 'https://online-education-test1010.oss-cn-fuzhou.aliyuncs.com/2023/04/%E6%96%B0%E5%BB%BA%E6%96%87%E4%BB%B6%E5%A4%B9/mmexport1683430598949.jpg', '真滴好看', '0', '2023-05-13 18:18:52', '2023-05-13 18:18:52');
INSERT INTO `edu_comment` VALUES ('1657329576751775745', '1657002640489943042', '1195337453429129218', '1652358426741305346', '蓝波波', 'https://online-education-test1010.oss-cn-fuzhou.aliyuncs.com/2023/04/%E6%96%B0%E5%BB%BA%E6%96%87%E4%BB%B6%E5%A4%B9/mmexport1683430598949.jpg', '我直接睡不着', '0', '2023-05-13 18:18:57', '2023-05-13 18:18:57');
INSERT INTO `edu_comment` VALUES ('1657329607391166466', '1657002640489943042', '1195337453429129218', '1652358426741305346', '蓝波波', 'https://online-education-test1010.oss-cn-fuzhou.aliyuncs.com/2023/04/%E6%96%B0%E5%BB%BA%E6%96%87%E4%BB%B6%E5%A4%B9/mmexport1683430598949.jpg', '如果能给我再来一次~', '0', '2023-05-13 18:19:05', '2023-05-13 18:19:05');
INSERT INTO `edu_comment` VALUES ('1657329689406586881', '1657002640489943042', '1195337453429129218', '1652358426741305346', '蓝波波', 'https://online-education-test1010.oss-cn-fuzhou.aliyuncs.com/2023/04/%E6%96%B0%E5%BB%BA%E6%96%87%E4%BB%B6%E5%A4%B9/mmexport1683430598949.jpg', '把你的心给我，把你的爱给我', '0', '2023-05-13 18:19:24', '2023-05-13 18:19:24');
INSERT INTO `edu_comment` VALUES ('1657329726266130434', '1657002640489943042', '1195337453429129218', '1652358426741305346', '蓝波波', 'https://online-education-test1010.oss-cn-fuzhou.aliyuncs.com/2023/04/%E6%96%B0%E5%BB%BA%E6%96%87%E4%BB%B6%E5%A4%B9/mmexport1683430598949.jpg', '很好看', '0', '2023-05-13 18:19:33', '2023-05-13 18:19:33');
INSERT INTO `edu_comment` VALUES ('1657329747384451074', '1657002640489943042', '1195337453429129218', '1652358426741305346', '蓝波波', 'https://online-education-test1010.oss-cn-fuzhou.aliyuncs.com/2023/04/%E6%96%B0%E5%BB%BA%E6%96%87%E4%BB%B6%E5%A4%B9/mmexport1683430598949.jpg', '喜欢看', '0', '2023-05-13 18:19:38', '2023-05-13 18:19:38');
INSERT INTO `edu_comment` VALUES ('1657329815613194242', '1657013984710639617', '1189389726308478977', '1652358426741305346', '蓝波波', 'https://online-education-test1010.oss-cn-fuzhou.aliyuncs.com/2023/04/%E6%96%B0%E5%BB%BA%E6%96%87%E4%BB%B6%E5%A4%B9/mmexport1683430598949.jpg', '真滴好看', '0', '2023-05-13 18:19:54', '2023-05-13 18:19:54');
INSERT INTO `edu_comment` VALUES ('1657329833258631170', '1657013984710639617', '1189389726308478977', '1652358426741305346', '蓝波波', 'https://online-education-test1010.oss-cn-fuzhou.aliyuncs.com/2023/04/%E6%96%B0%E5%BB%BA%E6%96%87%E4%BB%B6%E5%A4%B9/mmexport1683430598949.jpg', '嘎嘎好看！', '0', '2023-05-13 18:19:59', '2023-05-13 18:19:59');
INSERT INTO `edu_comment` VALUES ('1657329853533896705', '1657013984710639617', '1189389726308478977', '1652358426741305346', '蓝波波', 'https://online-education-test1010.oss-cn-fuzhou.aliyuncs.com/2023/04/%E6%96%B0%E5%BB%BA%E6%96%87%E4%BB%B6%E5%A4%B9/mmexport1683430598949.jpg', '卧槽牛逼', '0', '2023-05-13 18:20:03', '2023-05-13 18:20:03');
INSERT INTO `edu_comment` VALUES ('1657329873159045122', '1657013984710639617', '1189389726308478977', '1652358426741305346', '蓝波波', 'https://online-education-test1010.oss-cn-fuzhou.aliyuncs.com/2023/04/%E6%96%B0%E5%BB%BA%E6%96%87%E4%BB%B6%E5%A4%B9/mmexport1683430598949.jpg', '太无敌了', '0', '2023-05-13 18:20:08', '2023-05-13 18:20:08');
INSERT INTO `edu_comment` VALUES ('1657329895757955073', '1657013984710639617', '1189389726308478977', '1652358426741305346', '蓝波波', 'https://online-education-test1010.oss-cn-fuzhou.aliyuncs.com/2023/04/%E6%96%B0%E5%BB%BA%E6%96%87%E4%BB%B6%E5%A4%B9/mmexport1683430598949.jpg', '天空一声巨响', '0', '2023-05-13 18:20:14', '2023-05-13 18:20:14');
INSERT INTO `edu_comment` VALUES ('1657329924035952642', '1657013984710639617', '1189389726308478977', '1652358426741305346', '蓝波波', 'https://online-education-test1010.oss-cn-fuzhou.aliyuncs.com/2023/04/%E6%96%B0%E5%BB%BA%E6%96%87%E4%BB%B6%E5%A4%B9/mmexport1683430598949.jpg', '老子闪亮登场', '0', '2023-05-13 18:20:20', '2023-05-13 18:20:20');
INSERT INTO `edu_comment` VALUES ('1657329990331121666', '1657016274364416002', '1289906631454273538', '1652358426741305346', '蓝波波', 'https://online-education-test1010.oss-cn-fuzhou.aliyuncs.com/2023/04/%E6%96%B0%E5%BB%BA%E6%96%87%E4%BB%B6%E5%A4%B9/mmexport1683430598949.jpg', '66666', '0', '2023-05-13 18:20:36', '2023-05-13 18:20:36');
INSERT INTO `edu_comment` VALUES ('1657329999646670850', '1657016274364416002', '1289906631454273538', '1652358426741305346', '蓝波波', 'https://online-education-test1010.oss-cn-fuzhou.aliyuncs.com/2023/04/%E6%96%B0%E5%BB%BA%E6%96%87%E4%BB%B6%E5%A4%B9/mmexport1683430598949.jpg', '999', '0', '2023-05-13 18:20:38', '2023-05-13 18:20:38');
INSERT INTO `edu_comment` VALUES ('1657330024120434689', '1657016274364416002', '1289906631454273538', '1652358426741305346', '蓝波波', 'https://online-education-test1010.oss-cn-fuzhou.aliyuncs.com/2023/04/%E6%96%B0%E5%BB%BA%E6%96%87%E4%BB%B6%E5%A4%B9/mmexport1683430598949.jpg', '达哥真帅', '0', '2023-05-13 18:20:44', '2023-05-13 18:20:44');
INSERT INTO `edu_comment` VALUES ('1657330090914725889', '1657017156397187073', '1192327476087115778', '1652358426741305346', '蓝波波', 'https://online-education-test1010.oss-cn-fuzhou.aliyuncs.com/2023/04/%E6%96%B0%E5%BB%BA%E6%96%87%E4%BB%B6%E5%A4%B9/mmexport1683430598949.jpg', '喜欢读', '0', '2023-05-13 18:21:00', '2023-05-13 18:21:00');
INSERT INTO `edu_comment` VALUES ('1657330113186480129', '1657017156397187073', '1192327476087115778', '1652358426741305346', '蓝波波', 'https://online-education-test1010.oss-cn-fuzhou.aliyuncs.com/2023/04/%E6%96%B0%E5%BB%BA%E6%96%87%E4%BB%B6%E5%A4%B9/mmexport1683430598949.jpg', '还想读', '0', '2023-05-13 18:21:05', '2023-05-13 18:21:05');
INSERT INTO `edu_comment` VALUES ('1657330138348109826', '1657017156397187073', '1192327476087115778', '1652358426741305346', '蓝波波', 'https://online-education-test1010.oss-cn-fuzhou.aliyuncs.com/2023/04/%E6%96%B0%E5%BB%BA%E6%96%87%E4%BB%B6%E5%A4%B9/mmexport1683430598949.jpg', '我的评价是不如达哥', '0', '2023-05-13 18:21:11', '2023-05-13 18:21:11');
INSERT INTO `edu_comment` VALUES ('1657330168953946113', '1657017156397187073', '1192327476087115778', '1652358426741305346', '蓝波波', 'https://online-education-test1010.oss-cn-fuzhou.aliyuncs.com/2023/04/%E6%96%B0%E5%BB%BA%E6%96%87%E4%BB%B6%E5%A4%B9/mmexport1683430598949.jpg', '讲得真好！', '0', '2023-05-13 18:21:19', '2023-05-13 18:21:19');
INSERT INTO `edu_comment` VALUES ('1657330217746284546', '1657017156397187073', '1192327476087115778', '1652358426741305346', '蓝波波', 'https://online-education-test1010.oss-cn-fuzhou.aliyuncs.com/2023/04/%E6%96%B0%E5%BB%BA%E6%96%87%E4%BB%B6%E5%A4%B9/mmexport1683430598949.jpg', '包教会无敌！', '0', '2023-05-13 18:21:30', '2023-05-13 18:21:30');
INSERT INTO `edu_comment` VALUES ('1657330239091097602', '1657017156397187073', '1192327476087115778', '1652358426741305346', '蓝波波', 'https://online-education-test1010.oss-cn-fuzhou.aliyuncs.com/2023/04/%E6%96%B0%E5%BB%BA%E6%96%87%E4%BB%B6%E5%A4%B9/mmexport1683430598949.jpg', '天天看', '0', '2023-05-13 18:21:35', '2023-05-13 18:21:35');
INSERT INTO `edu_comment` VALUES ('1657330304895533057', '1657017368071127042', '1290670160830558210', '1652358426741305346', '蓝波波', 'https://online-education-test1010.oss-cn-fuzhou.aliyuncs.com/2023/04/%E6%96%B0%E5%BB%BA%E6%96%87%E4%BB%B6%E5%A4%B9/mmexport1683430598949.jpg', '完结撒花❀', '0', '2023-05-13 18:21:51', '2023-05-13 18:21:51');
INSERT INTO `edu_comment` VALUES ('1657330414291369985', '1657017368071127042', '1290670160830558210', '1652358426741305346', '蓝波波', 'https://online-education-test1010.oss-cn-fuzhou.aliyuncs.com/2023/04/%E6%96%B0%E5%BB%BA%E6%96%87%E4%BB%B6%E5%A4%B9/mmexport1683430598949.jpg', '太棒啦', '0', '2023-05-13 18:22:17', '2023-05-13 18:22:17');
INSERT INTO `edu_comment` VALUES ('1657330444758794241', '1657017368071127042', '1290670160830558210', '1652358426741305346', '蓝波波', 'https://online-education-test1010.oss-cn-fuzhou.aliyuncs.com/2023/04/%E6%96%B0%E5%BB%BA%E6%96%87%E4%BB%B6%E5%A4%B9/mmexport1683430598949.jpg', '凸^-^凸 太棒辣！', '0', '2023-05-13 18:22:24', '2023-05-13 18:22:24');
INSERT INTO `edu_comment` VALUES ('1657330550845325313', '1657018076484878338', '1634172817689841665', '1652358426741305346', '蓝波波', 'https://online-education-test1010.oss-cn-fuzhou.aliyuncs.com/2023/04/%E6%96%B0%E5%BB%BA%E6%96%87%E4%BB%B6%E5%A4%B9/mmexport1683430598949.jpg', '你是个好人', '0', '2023-05-13 18:22:50', '2023-05-13 18:22:50');
INSERT INTO `edu_comment` VALUES ('1657330576334110722', '1657018076484878338', '1634172817689841665', '1652358426741305346', '蓝波波', 'https://online-education-test1010.oss-cn-fuzhou.aliyuncs.com/2023/04/%E6%96%B0%E5%BB%BA%E6%96%87%E4%BB%B6%E5%A4%B9/mmexport1683430598949.jpg', '真帅', '0', '2023-05-13 18:22:56', '2023-05-13 18:22:56');
INSERT INTO `edu_comment` VALUES ('1657330597171412993', '1657018076484878338', '1634172817689841665', '1652358426741305346', '蓝波波', 'https://online-education-test1010.oss-cn-fuzhou.aliyuncs.com/2023/04/%E6%96%B0%E5%BB%BA%E6%96%87%E4%BB%B6%E5%A4%B9/mmexport1683430598949.jpg', '达哥牛逼', '0', '2023-05-13 18:23:01', '2023-05-13 18:23:01');
INSERT INTO `edu_comment` VALUES ('1657330648912347137', '1657018076484878338', '1634172817689841665', '1652358426741305346', '蓝波波', 'https://online-education-test1010.oss-cn-fuzhou.aliyuncs.com/2023/04/%E6%96%B0%E5%BB%BA%E6%96%87%E4%BB%B6%E5%A4%B9/mmexport1683430598949.jpg', '你们今天有成为更好的自己吗！？', '0', '2023-05-13 18:23:13', '2023-05-13 18:23:13');
INSERT INTO `edu_comment` VALUES ('1657330704310714369', '1657018369217937410', '1189390295668469762', '1652358426741305346', '蓝波波', 'https://online-education-test1010.oss-cn-fuzhou.aliyuncs.com/2023/04/%E6%96%B0%E5%BB%BA%E6%96%87%E4%BB%B6%E5%A4%B9/mmexport1683430598949.jpg', '已拿下！', '0', '2023-05-13 18:23:26', '2023-05-13 18:23:26');
INSERT INTO `edu_comment` VALUES ('1657330722522382338', '1657018369217937410', '1189390295668469762', '1652358426741305346', '蓝波波', 'https://online-education-test1010.oss-cn-fuzhou.aliyuncs.com/2023/04/%E6%96%B0%E5%BB%BA%E6%96%87%E4%BB%B6%E5%A4%B9/mmexport1683430598949.jpg', '嘎嘎拿下', '0', '2023-05-13 18:23:31', '2023-05-13 18:23:31');
INSERT INTO `edu_comment` VALUES ('1657330756278140930', '1657018369217937410', '1189390295668469762', '1652358426741305346', '蓝波波', 'https://online-education-test1010.oss-cn-fuzhou.aliyuncs.com/2023/04/%E6%96%B0%E5%BB%BA%E6%96%87%E4%BB%B6%E5%A4%B9/mmexport1683430598949.jpg', 'mysql真好用', '0', '2023-05-13 18:23:39', '2023-05-13 18:23:39');
INSERT INTO `edu_comment` VALUES ('1657330778038190082', '1657018369217937410', '1189390295668469762', '1652358426741305346', '蓝波波', 'https://online-education-test1010.oss-cn-fuzhou.aliyuncs.com/2023/04/%E6%96%B0%E5%BB%BA%E6%96%87%E4%BB%B6%E5%A4%B9/mmexport1683430598949.jpg', '我天天用', '0', '2023-05-13 18:23:44', '2023-05-13 18:23:44');
INSERT INTO `edu_comment` VALUES ('1657330795465523202', '1657018369217937410', '1189390295668469762', '1652358426741305346', '蓝波波', 'https://online-education-test1010.oss-cn-fuzhou.aliyuncs.com/2023/04/%E6%96%B0%E5%BB%BA%E6%96%87%E4%BB%B6%E5%A4%B9/mmexport1683430598949.jpg', '嘎嘎用', '0', '2023-05-13 18:23:48', '2023-05-13 18:23:48');
INSERT INTO `edu_comment` VALUES ('1657330834254446594', '1657018369217937410', '1189390295668469762', '1652358426741305346', '蓝波波', 'https://online-education-test1010.oss-cn-fuzhou.aliyuncs.com/2023/04/%E6%96%B0%E5%BB%BA%E6%96%87%E4%BB%B6%E5%A4%B9/mmexport1683430598949.jpg', '你们今天有成为更好的自己吗！？', '0', '2023-05-13 18:23:57', '2023-05-13 18:23:57');
INSERT INTO `edu_comment` VALUES ('1657330937539182593', '1657018639540830209', '66', '1652358426741305346', '蓝波波', 'https://online-education-test1010.oss-cn-fuzhou.aliyuncs.com/2023/04/%E6%96%B0%E5%BB%BA%E6%96%87%E4%BB%B6%E5%A4%B9/mmexport1683430598949.jpg', '我操C++', '0', '2023-05-13 18:24:22', '2023-05-13 18:24:22');
INSERT INTO `edu_comment` VALUES ('1657330978974711809', '1657018639540830209', '66', '1652358426741305346', '蓝波波', 'https://online-education-test1010.oss-cn-fuzhou.aliyuncs.com/2023/04/%E6%96%B0%E5%BB%BA%E6%96%87%E4%BB%B6%E5%A4%B9/mmexport1683430598949.jpg', 'C加加yyds', '0', '2023-05-13 18:24:32', '2023-05-13 18:24:32');
INSERT INTO `edu_comment` VALUES ('1657331013439307777', '1657018639540830209', '66', '1652358426741305346', '蓝波波', 'https://online-education-test1010.oss-cn-fuzhou.aliyuncs.com/2023/04/%E6%96%B0%E5%BB%BA%E6%96%87%E4%BB%B6%E5%A4%B9/mmexport1683430598949.jpg', 'C加加永远滴神', '0', '2023-05-13 18:24:40', '2023-05-13 18:24:40');
INSERT INTO `edu_comment` VALUES ('1657331056875520002', '1657019194174619649', '1189426464967995393', '1652358426741305346', '蓝波波', 'https://online-education-test1010.oss-cn-fuzhou.aliyuncs.com/2023/04/%E6%96%B0%E5%BB%BA%E6%96%87%E4%BB%B6%E5%A4%B9/mmexport1683430598949.jpg', '不如我的达摩', '0', '2023-05-13 18:24:50', '2023-05-13 18:24:50');
INSERT INTO `edu_comment` VALUES ('1657331090509643777', '1657019194174619649', '1189426464967995393', '1652358426741305346', '蓝波波', 'https://online-education-test1010.oss-cn-fuzhou.aliyuncs.com/2023/04/%E6%96%B0%E5%BB%BA%E6%96%87%E4%BB%B6%E5%A4%B9/mmexport1683430598949.jpg', '完结撒花✿✿ヽ(°▽°)ノ✿', '0', '2023-05-13 18:24:58', '2023-05-13 18:24:58');
INSERT INTO `edu_comment` VALUES ('1657331110499696641', '1657019194174619649', '1189426464967995393', '1652358426741305346', '蓝波波', 'https://online-education-test1010.oss-cn-fuzhou.aliyuncs.com/2023/04/%E6%96%B0%E5%BB%BA%E6%96%87%E4%BB%B6%E5%A4%B9/mmexport1683430598949.jpg', '简单拿下', '0', '2023-05-13 18:25:03', '2023-05-13 18:25:03');
INSERT INTO `edu_comment` VALUES ('1657331164715270145', '1657019194174619649', '1189426464967995393', '1652358426741305346', '蓝波波', 'https://online-education-test1010.oss-cn-fuzhou.aliyuncs.com/2023/04/%E6%96%B0%E5%BB%BA%E6%96%87%E4%BB%B6%E5%A4%B9/mmexport1683430598949.jpg', '没有学不会的技术', '0', '2023-05-13 18:25:16', '2023-05-13 18:25:16');
INSERT INTO `edu_comment` VALUES ('1657331187741999106', '1657019194174619649', '1189426464967995393', '1652358426741305346', '蓝波波', 'https://online-education-test1010.oss-cn-fuzhou.aliyuncs.com/2023/04/%E6%96%B0%E5%BB%BA%E6%96%87%E4%BB%B6%E5%A4%B9/mmexport1683430598949.jpg', '只有学不完的技术', '0', '2023-05-13 18:25:22', '2023-05-13 18:25:22');
INSERT INTO `edu_comment` VALUES ('1657331272043315202', '1657019194174619649', '1189426464967995393', '1652358426741305346', '蓝波波', 'https://online-education-test1010.oss-cn-fuzhou.aliyuncs.com/2023/04/%E6%96%B0%E5%BB%BA%E6%96%87%E4%BB%B6%E5%A4%B9/mmexport1683430598949.jpg', '你们今天有成为更好的自己吗！？', '0', '2023-05-13 18:25:42', '2023-05-13 18:25:42');
INSERT INTO `edu_comment` VALUES ('1657331321959727105', '1657019608915787778', '1189389726308478977', '1652358426741305346', '蓝波波', 'https://online-education-test1010.oss-cn-fuzhou.aliyuncs.com/2023/04/%E6%96%B0%E5%BB%BA%E6%96%87%E4%BB%B6%E5%A4%B9/mmexport1683430598949.jpg', '卡卡卡卡卡卡', '0', '2023-05-13 18:25:54', '2023-05-13 18:25:54');
INSERT INTO `edu_comment` VALUES ('1657331355707097089', '1657019608915787778', '1189389726308478977', '1652358426741305346', '蓝波波', 'https://online-education-test1010.oss-cn-fuzhou.aliyuncs.com/2023/04/%E6%96%B0%E5%BB%BA%E6%96%87%E4%BB%B6%E5%A4%B9/mmexport1683430598949.jpg', '卡佛卡！', '0', '2023-05-13 18:26:02', '2023-05-13 18:26:02');
INSERT INTO `edu_comment` VALUES ('1657331376821223426', '1657019608915787778', '1189389726308478977', '1652358426741305346', '蓝波波', 'https://online-education-test1010.oss-cn-fuzhou.aliyuncs.com/2023/04/%E6%96%B0%E5%BB%BA%E6%96%87%E4%BB%B6%E5%A4%B9/mmexport1683430598949.jpg', '哥们无敌辣', '0', '2023-05-13 18:26:07', '2023-05-13 18:26:07');
INSERT INTO `edu_comment` VALUES ('1657331397809520641', '1657019608915787778', '1189389726308478977', '1652358426741305346', '蓝波波', 'https://online-education-test1010.oss-cn-fuzhou.aliyuncs.com/2023/04/%E6%96%B0%E5%BB%BA%E6%96%87%E4%BB%B6%E5%A4%B9/mmexport1683430598949.jpg', '真滴摔', '0', '2023-05-13 18:26:12', '2023-05-13 18:26:12');
INSERT INTO `edu_comment` VALUES ('1657331415811473410', '1657019608915787778', '1189389726308478977', '1652358426741305346', '蓝波波', 'https://online-education-test1010.oss-cn-fuzhou.aliyuncs.com/2023/04/%E6%96%B0%E5%BB%BA%E6%96%87%E4%BB%B6%E5%A4%B9/mmexport1683430598949.jpg', '扭扭扭', '0', '2023-05-13 18:26:16', '2023-05-13 18:26:16');
INSERT INTO `edu_comment` VALUES ('1657331469318209537', '1657019929964593153', '1189389726308478977', '1652358426741305346', '蓝波波', 'https://online-education-test1010.oss-cn-fuzhou.aliyuncs.com/2023/04/%E6%96%B0%E5%BB%BA%E6%96%87%E4%BB%B6%E5%A4%B9/mmexport1683430598949.jpg', '复活吧！我的爱人', '0', '2023-05-13 18:26:29', '2023-05-13 18:26:29');
INSERT INTO `edu_comment` VALUES ('1657331497415852033', '1657019929964593153', '1189389726308478977', '1652358426741305346', '蓝波波', 'https://online-education-test1010.oss-cn-fuzhou.aliyuncs.com/2023/04/%E6%96%B0%E5%BB%BA%E6%96%87%E4%BB%B6%E5%A4%B9/mmexport1683430598949.jpg', '你有成为更好的自己吗', '0', '2023-05-13 18:26:35', '2023-05-13 18:26:35');
INSERT INTO `edu_comment` VALUES ('1657331526788562945', '1657019929964593153', '1189389726308478977', '1652358426741305346', '蓝波波', 'https://online-education-test1010.oss-cn-fuzhou.aliyuncs.com/2023/04/%E6%96%B0%E5%BB%BA%E6%96%87%E4%BB%B6%E5%A4%B9/mmexport1683430598949.jpg', '如果你也能像我一样', '0', '2023-05-13 18:26:42', '2023-05-13 18:26:42');
INSERT INTO `edu_comment` VALUES ('1657331571910885378', '1657019929964593153', '1189389726308478977', '1652358426741305346', '蓝波波', 'https://online-education-test1010.oss-cn-fuzhou.aliyuncs.com/2023/04/%E6%96%B0%E5%BB%BA%E6%96%87%E4%BB%B6%E5%A4%B9/mmexport1683430598949.jpg', '梦想是做说唱领袖', '0', '2023-05-13 18:26:53', '2023-05-13 18:26:53');
INSERT INTO `edu_comment` VALUES ('1657331599912058881', '1657019929964593153', '1189389726308478977', '1652358426741305346', '蓝波波', 'https://online-education-test1010.oss-cn-fuzhou.aliyuncs.com/2023/04/%E6%96%B0%E5%BB%BA%E6%96%87%E4%BB%B6%E5%A4%B9/mmexport1683430598949.jpg', '诞生于1996', '0', '2023-05-13 18:27:00', '2023-05-13 18:27:00');
INSERT INTO `edu_comment` VALUES ('1657331667415187458', '1657020082662424577', '1189426437876985857', '1652358426741305346', '蓝波波', 'https://online-education-test1010.oss-cn-fuzhou.aliyuncs.com/2023/04/%E6%96%B0%E5%BB%BA%E6%96%87%E4%BB%B6%E5%A4%B9/mmexport1683430598949.jpg', '好学、好用！', '0', '2023-05-13 18:27:16', '2023-05-13 18:27:16');
INSERT INTO `edu_comment` VALUES ('1657331687363297281', '1657020082662424577', '1189426437876985857', '1652358426741305346', '蓝波波', 'https://online-education-test1010.oss-cn-fuzhou.aliyuncs.com/2023/04/%E6%96%B0%E5%BB%BA%E6%96%87%E4%BB%B6%E5%A4%B9/mmexport1683430598949.jpg', '多读多看！', '0', '2023-05-13 18:27:21', '2023-05-13 18:27:21');
INSERT INTO `edu_comment` VALUES ('1657331709324673025', '1657020082662424577', '1189426437876985857', '1652358426741305346', '蓝波波', 'https://online-education-test1010.oss-cn-fuzhou.aliyuncs.com/2023/04/%E6%96%B0%E5%BB%BA%E6%96%87%E4%BB%B6%E5%A4%B9/mmexport1683430598949.jpg', '我头像真好看', '0', '2023-05-13 18:27:26', '2023-05-13 18:27:26');
INSERT INTO `edu_comment` VALUES ('1657331725397245953', '1657020082662424577', '1189426437876985857', '1652358426741305346', '蓝波波', 'https://online-education-test1010.oss-cn-fuzhou.aliyuncs.com/2023/04/%E6%96%B0%E5%BB%BA%E6%96%87%E4%BB%B6%E5%A4%B9/mmexport1683430598949.jpg', '下班', '0', '2023-05-13 18:27:30', '2023-05-13 18:27:30');
INSERT INTO `edu_comment` VALUES ('1657331752563752962', '1657020082662424577', '1189426437876985857', '1652358426741305346', '蓝波波', 'https://online-education-test1010.oss-cn-fuzhou.aliyuncs.com/2023/04/%E6%96%B0%E5%BB%BA%E6%96%87%E4%BB%B6%E5%A4%B9/mmexport1683430598949.jpg', '学不动啦', '0', '2023-05-13 18:27:36', '2023-05-13 18:27:36');
INSERT INTO `edu_comment` VALUES ('1657331790773862401', '1657020082662424577', '1189426437876985857', '1652358426741305346', '蓝波波', 'https://online-education-test1010.oss-cn-fuzhou.aliyuncs.com/2023/04/%E6%96%B0%E5%BB%BA%E6%96%87%E4%BB%B6%E5%A4%B9/mmexport1683430598949.jpg', '每天一集，精神抖擞', '0', '2023-05-13 18:27:45', '2023-05-13 18:27:45');
INSERT INTO `edu_comment` VALUES ('1657331839817859074', '1657020328691908609', '999', '1652358426741305346', '蓝波波', 'https://online-education-test1010.oss-cn-fuzhou.aliyuncs.com/2023/04/%E6%96%B0%E5%BB%BA%E6%96%87%E4%BB%B6%E5%A4%B9/mmexport1683430598949.jpg', '沙发', '0', '2023-05-13 18:27:57', '2023-05-13 18:27:57');
INSERT INTO `edu_comment` VALUES ('1657331905173504002', '1657020536133795842', '999', '1652358426741305346', '蓝波波', 'https://online-education-test1010.oss-cn-fuzhou.aliyuncs.com/2023/04/%E6%96%B0%E5%BB%BA%E6%96%87%E4%BB%B6%E5%A4%B9/mmexport1683430598949.jpg', '真滴真滴真滴真滴真滴嘎嘎嘎嘎嘎嘎嘎嘎嘎嘎嘎好看', '0', '2023-05-13 18:28:13', '2023-05-13 18:28:13');
INSERT INTO `edu_comment` VALUES ('1657331921464180737', '1657020536133795842', '999', '1652358426741305346', '蓝波波', 'https://online-education-test1010.oss-cn-fuzhou.aliyuncs.com/2023/04/%E6%96%B0%E5%BB%BA%E6%96%87%E4%BB%B6%E5%A4%B9/mmexport1683430598949.jpg', '天天看', '0', '2023-05-13 18:28:16', '2023-05-13 18:28:16');
INSERT INTO `edu_comment` VALUES ('1657331936064552962', '1657020536133795842', '999', '1652358426741305346', '蓝波波', 'https://online-education-test1010.oss-cn-fuzhou.aliyuncs.com/2023/04/%E6%96%B0%E5%BB%BA%E6%96%87%E4%BB%B6%E5%A4%B9/mmexport1683430598949.jpg', '很喜欢看', '0', '2023-05-13 18:28:20', '2023-05-13 18:28:20');
INSERT INTO `edu_comment` VALUES ('1657331968406831105', '1657020536133795842', '999', '1652358426741305346', '蓝波波', 'https://online-education-test1010.oss-cn-fuzhou.aliyuncs.com/2023/04/%E6%96%B0%E5%BB%BA%E6%96%87%E4%BB%B6%E5%A4%B9/mmexport1683430598949.jpg', '我妈跟我爸一起看', '0', '2023-05-13 18:28:28', '2023-05-13 18:28:28');
INSERT INTO `edu_comment` VALUES ('1657332026133037058', '1657020752371138561', '1', '1652358426741305346', '蓝波波', 'https://online-education-test1010.oss-cn-fuzhou.aliyuncs.com/2023/04/%E6%96%B0%E5%BB%BA%E6%96%87%E4%BB%B6%E5%A4%B9/mmexport1683430598949.jpg', '沙发', '0', '2023-05-13 18:28:41', '2023-05-13 18:28:41');
INSERT INTO `edu_comment` VALUES ('1657332048568369153', '1657020752371138561', '1', '1652358426741305346', '蓝波波', 'https://online-education-test1010.oss-cn-fuzhou.aliyuncs.com/2023/04/%E6%96%B0%E5%BB%BA%E6%96%87%E4%BB%B6%E5%A4%B9/mmexport1683430598949.jpg', '比博燃', '0', '2023-05-13 18:28:47', '2023-05-13 18:28:47');
INSERT INTO `edu_comment` VALUES ('1657332114305695746', '1657020953848725505', '1290907563440754690', '1652358426741305346', '蓝波波', 'https://online-education-test1010.oss-cn-fuzhou.aliyuncs.com/2023/04/%E6%96%B0%E5%BB%BA%E6%96%87%E4%BB%B6%E5%A4%B9/mmexport1683430598949.jpg', '太便宜了！', '0', '2023-05-13 18:29:02', '2023-05-13 18:29:02');
INSERT INTO `edu_comment` VALUES ('1657332146257903618', '1657020953848725505', '1290907563440754690', '1652358426741305346', '蓝波波', 'https://online-education-test1010.oss-cn-fuzhou.aliyuncs.com/2023/04/%E6%96%B0%E5%BB%BA%E6%96%87%E4%BB%B6%E5%A4%B9/mmexport1683430598949.jpg', '便宜好用', '0', '2023-05-13 18:29:10', '2023-05-13 18:29:10');
INSERT INTO `edu_comment` VALUES ('1657332171968987137', '1657020953848725505', '1290907563440754690', '1652358426741305346', '蓝波波', 'https://online-education-test1010.oss-cn-fuzhou.aliyuncs.com/2023/04/%E6%96%B0%E5%BB%BA%E6%96%87%E4%BB%B6%E5%A4%B9/mmexport1683430598949.jpg', '你是沸羊羊吗', '0', '2023-05-13 18:29:16', '2023-05-13 18:29:16');
INSERT INTO `edu_comment` VALUES ('1657332195264151554', '1657020953848725505', '1290907563440754690', '1652358426741305346', '蓝波波', 'https://online-education-test1010.oss-cn-fuzhou.aliyuncs.com/2023/04/%E6%96%B0%E5%BB%BA%E6%96%87%E4%BB%B6%E5%A4%B9/mmexport1683430598949.jpg', '我是懒洋洋', '0', '2023-05-13 18:29:22', '2023-05-13 18:29:22');
INSERT INTO `edu_comment` VALUES ('1657332262633062402', '1657020953848725505', '1290907563440754690', '1652358426741305346', '蓝波波', 'https://online-education-test1010.oss-cn-fuzhou.aliyuncs.com/2023/04/%E6%96%B0%E5%BB%BA%E6%96%87%E4%BB%B6%E5%A4%B9/mmexport1683430598949.jpg', '拼搏百天，我要上福建农林大学', '0', '2023-05-13 18:29:38', '2023-05-13 18:29:38');
INSERT INTO `edu_comment` VALUES ('1657332290520989697', '1657020953848725505', '1290907563440754690', '1652358426741305346', '蓝波波', 'https://online-education-test1010.oss-cn-fuzhou.aliyuncs.com/2023/04/%E6%96%B0%E5%BB%BA%E6%96%87%E4%BB%B6%E5%A4%B9/mmexport1683430598949.jpg', '拼搏不动了', '0', '2023-05-13 18:29:44', '2023-05-13 18:29:44');
INSERT INTO `edu_comment` VALUES ('1657332332841517058', '1657020953848725505', '1290907563440754690', '1652358426741305346', '蓝波波', 'https://online-education-test1010.oss-cn-fuzhou.aliyuncs.com/2023/04/%E6%96%B0%E5%BB%BA%E6%96%87%E4%BB%B6%E5%A4%B9/mmexport1683430598949.jpg', '明天再拼', '0', '2023-05-13 18:29:55', '2023-05-13 18:29:55');
INSERT INTO `edu_comment` VALUES ('1657334342450003970', '1657021199551053825', '1294175384794947586', '1652358426741305346', '蓝波波', 'https://online-education-test1010.oss-cn-fuzhou.aliyuncs.com/2023/04/%E6%96%B0%E5%BB%BA%E6%96%87%E4%BB%B6%E5%A4%B9/mmexport1683430598949.jpg', '已拿下', '0', '2023-05-13 18:37:54', '2023-05-13 18:37:54');
INSERT INTO `edu_comment` VALUES ('1657334377292087297', '1657021199551053825', '1294175384794947586', '1652358426741305346', '蓝波波', 'https://online-education-test1010.oss-cn-fuzhou.aliyuncs.com/2023/04/%E6%96%B0%E5%BB%BA%E6%96%87%E4%BB%B6%E5%A4%B9/mmexport1683430598949.jpg', '什么时候出Redis8？', '0', '2023-05-13 18:38:02', '2023-05-13 18:38:02');
INSERT INTO `edu_comment` VALUES ('1657334398632706050', '1657021199551053825', '1294175384794947586', '1652358426741305346', '蓝波波', 'https://online-education-test1010.oss-cn-fuzhou.aliyuncs.com/2023/04/%E6%96%B0%E5%BB%BA%E6%96%87%E4%BB%B6%E5%A4%B9/mmexport1683430598949.jpg', '速更', '0', '2023-05-13 18:38:07', '2023-05-13 18:38:07');
INSERT INTO `edu_comment` VALUES ('1657334436326916098', '1657021199551053825', '1294175384794947586', '1652358426741305346', '蓝波波', 'https://online-education-test1010.oss-cn-fuzhou.aliyuncs.com/2023/04/%E6%96%B0%E5%BB%BA%E6%96%87%E4%BB%B6%E5%A4%B9/mmexport1683430598949.jpg', '一天偷学25个小时', '0', '2023-05-13 18:38:16', '2023-05-13 18:38:16');
INSERT INTO `edu_comment` VALUES ('1657334463107547138', '1657021199551053825', '1294175384794947586', '1652358426741305346', '蓝波波', 'https://online-education-test1010.oss-cn-fuzhou.aliyuncs.com/2023/04/%E6%96%B0%E5%BB%BA%E6%96%87%E4%BB%B6%E5%A4%B9/mmexport1683430598949.jpg', '诞生于1996', '0', '2023-05-13 18:38:22', '2023-05-13 18:38:22');
INSERT INTO `edu_comment` VALUES ('1657334513703436290', '1657021462361948162', '1192249914833055746', '1652358426741305346', '蓝波波', 'https://online-education-test1010.oss-cn-fuzhou.aliyuncs.com/2023/04/%E6%96%B0%E5%BB%BA%E6%96%87%E4%BB%B6%E5%A4%B9/mmexport1683430598949.jpg', '真快乐！', '0', '2023-05-13 18:38:35', '2023-05-13 18:38:35');
INSERT INTO `edu_comment` VALUES ('1657334550957244418', '1657021462361948162', '1192249914833055746', '1652358426741305346', '蓝波波', 'https://online-education-test1010.oss-cn-fuzhou.aliyuncs.com/2023/04/%E6%96%B0%E5%BB%BA%E6%96%87%E4%BB%B6%E5%A4%B9/mmexport1683430598949.jpg', '真好用', '0', '2023-05-13 18:38:43', '2023-05-13 18:38:43');
INSERT INTO `edu_comment` VALUES ('1657334598218661889', '1657021462361948162', '1192249914833055746', '1652358426741305346', '蓝波波', 'https://online-education-test1010.oss-cn-fuzhou.aliyuncs.com/2023/04/%E6%96%B0%E5%BB%BA%E6%96%87%E4%BB%B6%E5%A4%B9/mmexport1683430598949.jpg', 'MybatisPlus真好用', '0', '2023-05-13 18:38:55', '2023-05-13 18:38:55');
INSERT INTO `edu_comment` VALUES ('1657334623455789058', '1657021462361948162', '1192249914833055746', '1652358426741305346', '蓝波波', 'https://online-education-test1010.oss-cn-fuzhou.aliyuncs.com/2023/04/%E6%96%B0%E5%BB%BA%E6%96%87%E4%BB%B6%E5%A4%B9/mmexport1683430598949.jpg', '天天用', '0', '2023-05-13 18:39:01', '2023-05-13 18:39:01');
INSERT INTO `edu_comment` VALUES ('1657334636101615617', '1657021462361948162', '1192249914833055746', '1652358426741305346', '蓝波波', 'https://online-education-test1010.oss-cn-fuzhou.aliyuncs.com/2023/04/%E6%96%B0%E5%BB%BA%E6%96%87%E4%BB%B6%E5%A4%B9/mmexport1683430598949.jpg', '喜欢用', '0', '2023-05-13 18:39:04', '2023-05-13 18:39:04');
INSERT INTO `edu_comment` VALUES ('1657334653604446209', '1657021462361948162', '1192249914833055746', '1652358426741305346', '蓝波波', 'https://online-education-test1010.oss-cn-fuzhou.aliyuncs.com/2023/04/%E6%96%B0%E5%BB%BA%E6%96%87%E4%BB%B6%E5%A4%B9/mmexport1683430598949.jpg', '真好看', '0', '2023-05-13 18:39:08', '2023-05-13 18:39:08');
INSERT INTO `edu_comment` VALUES ('1657334673594499073', '1657021462361948162', '1192249914833055746', '1652358426741305346', '蓝波波', 'https://online-education-test1010.oss-cn-fuzhou.aliyuncs.com/2023/04/%E6%96%B0%E5%BB%BA%E6%96%87%E4%BB%B6%E5%A4%B9/mmexport1683430598949.jpg', '我跟我妈一起看', '0', '2023-05-13 18:39:13', '2023-05-13 18:39:13');
INSERT INTO `edu_comment` VALUES ('1657334722806267906', '1657021827681632258', '1635506140278218754', '1652358426741305346', '蓝波波', 'https://online-education-test1010.oss-cn-fuzhou.aliyuncs.com/2023/04/%E6%96%B0%E5%BB%BA%E6%96%87%E4%BB%B6%E5%A4%B9/mmexport1683430598949.jpg', '一天没看浑身难受', '0', '2023-05-13 18:39:24', '2023-05-13 18:39:24');
INSERT INTO `edu_comment` VALUES ('1657334747141619713', '1657021827681632258', '1635506140278218754', '1652358426741305346', '蓝波波', 'https://online-education-test1010.oss-cn-fuzhou.aliyuncs.com/2023/04/%E6%96%B0%E5%BB%BA%E6%96%87%E4%BB%B6%E5%A4%B9/mmexport1683430598949.jpg', '我爸也喜欢看', '0', '2023-05-13 18:39:30', '2023-05-13 18:39:30');
INSERT INTO `edu_comment` VALUES ('1657334776845680642', '1657021827681632258', '1635506140278218754', '1652358426741305346', '蓝波波', 'https://online-education-test1010.oss-cn-fuzhou.aliyuncs.com/2023/04/%E6%96%B0%E5%BB%BA%E6%96%87%E4%BB%B6%E5%A4%B9/mmexport1683430598949.jpg', '我妈说她很喜欢看', '0', '2023-05-13 18:39:37', '2023-05-13 18:39:37');
INSERT INTO `edu_comment` VALUES ('1657334807627677697', '1657021827681632258', '1635506140278218754', '1652358426741305346', '蓝波波', 'https://online-education-test1010.oss-cn-fuzhou.aliyuncs.com/2023/04/%E6%96%B0%E5%BB%BA%E6%96%87%E4%BB%B6%E5%A4%B9/mmexport1683430598949.jpg', '我爷爷天天看', '0', '2023-05-13 18:39:45', '2023-05-13 18:39:45');
INSERT INTO `edu_comment` VALUES ('1657334840305500162', '1657021827681632258', '1635506140278218754', '1652358426741305346', '蓝波波', 'https://online-education-test1010.oss-cn-fuzhou.aliyuncs.com/2023/04/%E6%96%B0%E5%BB%BA%E6%96%87%E4%BB%B6%E5%A4%B9/mmexport1683430598949.jpg', '我跟我奶奶一起看', '0', '2023-05-13 18:39:52', '2023-05-13 18:39:52');
INSERT INTO `edu_comment` VALUES ('1657334898560188418', '1657022108318318593', '1290670160830558210', '1652358426741305346', '蓝波波', 'https://online-education-test1010.oss-cn-fuzhou.aliyuncs.com/2023/04/%E6%96%B0%E5%BB%BA%E6%96%87%E4%BB%B6%E5%A4%B9/mmexport1683430598949.jpg', '我弟弟喜欢看', '0', '2023-05-13 18:40:06', '2023-05-13 18:40:06');
INSERT INTO `edu_comment` VALUES ('1657334916121739266', '1657022108318318593', '1290670160830558210', '1652358426741305346', '蓝波波', 'https://online-education-test1010.oss-cn-fuzhou.aliyuncs.com/2023/04/%E6%96%B0%E5%BB%BA%E6%96%87%E4%BB%B6%E5%A4%B9/mmexport1683430598949.jpg', '我妹妹喜欢看', '0', '2023-05-13 18:40:10', '2023-05-13 18:40:10');
INSERT INTO `edu_comment` VALUES ('1657334941623107586', '1657022108318318593', '1290670160830558210', '1652358426741305346', '蓝波波', 'https://online-education-test1010.oss-cn-fuzhou.aliyuncs.com/2023/04/%E6%96%B0%E5%BB%BA%E6%96%87%E4%BB%B6%E5%A4%B9/mmexport1683430598949.jpg', '我表弟喜欢看', '0', '2023-05-13 18:40:17', '2023-05-13 18:40:17');
INSERT INTO `edu_comment` VALUES ('1657334972031811585', '1657022108318318593', '1290670160830558210', '1652358426741305346', '蓝波波', 'https://online-education-test1010.oss-cn-fuzhou.aliyuncs.com/2023/04/%E6%96%B0%E5%BB%BA%E6%96%87%E4%BB%B6%E5%A4%B9/mmexport1683430598949.jpg', '我表妹喜欢看', '0', '2023-05-13 18:40:24', '2023-05-13 18:40:24');
INSERT INTO `edu_comment` VALUES ('1657334993221435394', '1657022108318318593', '1290670160830558210', '1652358426741305346', '蓝波波', 'https://online-education-test1010.oss-cn-fuzhou.aliyuncs.com/2023/04/%E6%96%B0%E5%BB%BA%E6%96%87%E4%BB%B6%E5%A4%B9/mmexport1683430598949.jpg', '我姐姐喜欢看', '0', '2023-05-13 18:40:29', '2023-05-13 18:40:29');
INSERT INTO `edu_comment` VALUES ('1657335007930859522', '1657022108318318593', '1290670160830558210', '1652358426741305346', '蓝波波', 'https://online-education-test1010.oss-cn-fuzhou.aliyuncs.com/2023/04/%E6%96%B0%E5%BB%BA%E6%96%87%E4%BB%B6%E5%A4%B9/mmexport1683430598949.jpg', '我哥哥喜欢看', '0', '2023-05-13 18:40:32', '2023-05-13 18:40:32');
INSERT INTO `edu_comment` VALUES ('1657335025752457217', '1657022108318318593', '1290670160830558210', '1652358426741305346', '蓝波波', 'https://online-education-test1010.oss-cn-fuzhou.aliyuncs.com/2023/04/%E6%96%B0%E5%BB%BA%E6%96%87%E4%BB%B6%E5%A4%B9/mmexport1683430598949.jpg', '我表姐喜欢看', '0', '2023-05-13 18:40:37', '2023-05-13 18:40:37');
INSERT INTO `edu_comment` VALUES ('1657335049680961538', '1657022108318318593', '1290670160830558210', '1652358426741305346', '蓝波波', 'https://online-education-test1010.oss-cn-fuzhou.aliyuncs.com/2023/04/%E6%96%B0%E5%BB%BA%E6%96%87%E4%BB%B6%E5%A4%B9/mmexport1683430598949.jpg', '我表哥也喜欢看', '0', '2023-05-13 18:40:42', '2023-05-13 18:40:42');
INSERT INTO `edu_comment` VALUES ('1657335095877025793', '1657022500624154626', '1656657733594214402', '1652358426741305346', '蓝波波', 'https://online-education-test1010.oss-cn-fuzhou.aliyuncs.com/2023/04/%E6%96%B0%E5%BB%BA%E6%96%87%E4%BB%B6%E5%A4%B9/mmexport1683430598949.jpg', '太好看辣', '0', '2023-05-13 18:40:53', '2023-05-13 18:40:53');
INSERT INTO `edu_comment` VALUES ('1657335109101666305', '1657022500624154626', '1656657733594214402', '1652358426741305346', '蓝波波', 'https://online-education-test1010.oss-cn-fuzhou.aliyuncs.com/2023/04/%E6%96%B0%E5%BB%BA%E6%96%87%E4%BB%B6%E5%A4%B9/mmexport1683430598949.jpg', '天天看', '0', '2023-05-13 18:40:56', '2023-05-13 18:40:56');
INSERT INTO `edu_comment` VALUES ('1657335136100401154', '1657022500624154626', '1656657733594214402', '1652358426741305346', '蓝波波', 'https://online-education-test1010.oss-cn-fuzhou.aliyuncs.com/2023/04/%E6%96%B0%E5%BB%BA%E6%96%87%E4%BB%B6%E5%A4%B9/mmexport1683430598949.jpg', '我奶奶喜欢看', '0', '2023-05-13 18:41:03', '2023-05-13 18:41:03');
INSERT INTO `edu_comment` VALUES ('1657335163539537922', '1657022500624154626', '1656657733594214402', '1652358426741305346', '蓝波波', 'https://online-education-test1010.oss-cn-fuzhou.aliyuncs.com/2023/04/%E6%96%B0%E5%BB%BA%E6%96%87%E4%BB%B6%E5%A4%B9/mmexport1683430598949.jpg', '我爷爷喜欢看', '0', '2023-05-13 18:41:09', '2023-05-13 18:41:09');
INSERT INTO `edu_comment` VALUES ('1657335190697656322', '1657022500624154626', '1656657733594214402', '1652358426741305346', '蓝波波', 'https://online-education-test1010.oss-cn-fuzhou.aliyuncs.com/2023/04/%E6%96%B0%E5%BB%BA%E6%96%87%E4%BB%B6%E5%A4%B9/mmexport1683430598949.jpg', '我爸爸喜欢看', '0', '2023-05-13 18:41:16', '2023-05-13 18:41:16');
INSERT INTO `edu_comment` VALUES ('1657335209098067969', '1657022500624154626', '1656657733594214402', '1652358426741305346', '蓝波波', 'https://online-education-test1010.oss-cn-fuzhou.aliyuncs.com/2023/04/%E6%96%B0%E5%BB%BA%E6%96%87%E4%BB%B6%E5%A4%B9/mmexport1683430598949.jpg', '我妈妈也喜欢看', '0', '2023-05-13 18:41:20', '2023-05-13 18:41:20');
INSERT INTO `edu_comment` VALUES ('1657335225866895362', '1657022500624154626', '1656657733594214402', '1652358426741305346', '蓝波波', 'https://online-education-test1010.oss-cn-fuzhou.aliyuncs.com/2023/04/%E6%96%B0%E5%BB%BA%E6%96%87%E4%BB%B6%E5%A4%B9/mmexport1683430598949.jpg', '我弟弟也喜欢看', '0', '2023-05-13 18:41:24', '2023-06-14 11:06:20');
INSERT INTO `edu_comment` VALUES ('1657335250638454786', '1657022500624154626', '1656657733594214402', '1652358426741305346', '蓝波波', 'https://online-education-test1010.oss-cn-fuzhou.aliyuncs.com/2023/04/%E6%96%B0%E5%BB%BA%E6%96%87%E4%BB%B6%E5%A4%B9/mmexport1683430598949.jpg', '我妹妹也喜欢看', '0', '2023-05-13 18:41:30', '2023-06-14 11:06:20');
INSERT INTO `edu_comment` VALUES ('1657335269395382274', '1657022500624154626', '1656657733594214402', '1652358426741305346', '蓝波波', 'https://online-education-test1010.oss-cn-fuzhou.aliyuncs.com/2023/04/%E6%96%B0%E5%BB%BA%E6%96%87%E4%BB%B6%E5%A4%B9/mmexport1683430598949.jpg', '真滴好好看', '0', '2023-05-13 18:41:35', '2023-06-14 11:11:34');

-- ----------------------------
-- Table structure for edu_course
-- ----------------------------
DROP TABLE IF EXISTS `edu_course`;
CREATE TABLE `edu_course` (
  `id` char(19) NOT NULL COMMENT '课程ID',
  `teacher_id` char(19) NOT NULL COMMENT '课程讲师ID',
  `subject_id` char(19) NOT NULL COMMENT '课程专业ID',
  `subject_parent_id` varchar(40) CHARACTER SET utf8 COLLATE utf8_general_ci DEFAULT NULL,
  `title` varchar(50) NOT NULL COMMENT '课程标题',
  `price` decimal(10,2) unsigned NOT NULL DEFAULT '0.00' COMMENT '课程销售价格，设置为0则可免费观看',
  `lesson_num` int unsigned NOT NULL DEFAULT '0' COMMENT '总课时',
  `cover` varchar(255) CHARACTER SET utf8 COLLATE utf8_general_ci NOT NULL COMMENT '课程封面图片路径',
  `buy_count` bigint unsigned NOT NULL DEFAULT '0' COMMENT '销售数量',
  `view_count` bigint unsigned NOT NULL DEFAULT '0' COMMENT '浏览数量',
  `version` bigint unsigned NOT NULL DEFAULT '1' COMMENT '乐观锁',
  `status` varchar(10) NOT NULL DEFAULT 'Draft' COMMENT '课程状态 Draft未发布  Normal已发布',
  `is_deleted` tinyint DEFAULT '0' COMMENT '逻辑删除 1（true）已删除， 0（false）未删除',
  `gmt_create` datetime NOT NULL COMMENT '创建时间',
  `gmt_modified` datetime NOT NULL COMMENT '更新时间',
  PRIMARY KEY (`id`),
  KEY `idx_title` (`title`),
  KEY `idx_subject_id` (`subject_id`),
  KEY `idx_teacher_id` (`teacher_id`)
) ENGINE=InnoDB DEFAULT CHARSET=utf8mb4 COLLATE=utf8mb4_0900_ai_ci ROW_FORMAT=COMPACT COMMENT='课程';

-- ----------------------------
-- Records of edu_course
-- ----------------------------
INSERT INTO `edu_course` VALUES ('1657002640489943042', '1195337453429129218', '1293200126730330114', '1293200126705164289', 'Java基础', '0.01', '3', 'http://edu-longyang.oss-cn-beijing.aliyuncs.com/2020/08/06/587d5686663541d986a750be8c9b99b9java.jpg', '50', '55', '1', 'Normal', '0', '2023-05-12 20:39:50', '2023-05-12 20:39:50');
INSERT INTO `edu_course` VALUES ('1657013984710639617', '1189389726308478977', '1293200126810021889', '1293200126793244674', 'MySQL基础', '0.00', '7', 'http://edu-longyang.oss-cn-beijing.aliyuncs.com/2020/08/06/587d5686663541d986a750be8c9b99b9java.jpg', '0', '96', '1', 'Normal', '0', '2023-05-12 21:24:54', '2023-05-12 21:24:54');
INSERT INTO `edu_course` VALUES ('1657016274364416002', '1289906631454273538', '1293200126319288322', '1293200126289928194', 'Vue基础', '0.01', '3', 'http://edu-longyang.oss-cn-beijing.aliyuncs.com/2020/08/06/587d5686663541d986a750be8c9b99b9java.jpg', '23', '45', '1', 'Normal', '0', '2023-05-12 21:34:00', '2023-05-12 21:34:00');
INSERT INTO `edu_course` VALUES ('1657017156397187073', '1192327476087115778', '1293200126730330114', '1293200126705164289', 'Jfinal', '0.01', '5', 'http://edu-longyang.oss-cn-beijing.aliyuncs.com/2020/08/06/587d5686663541d986a750be8c9b99b9java.jpg', '96', '244', '1', 'Normal', '0', '2023-05-12 21:37:31', '2023-05-12 21:37:31');
INSERT INTO `edu_course` VALUES ('1657017368071127042', '1290670160830558210', '1293200126730330114', '1293200126705164289', 'Docker', '0.01', '6', 'http://edu-longyang.oss-cn-beijing.aliyuncs.com/2020/08/06/587d5686663541d986a750be8c9b99b9java.jpg', '76', '124', '1', 'Normal', '0', '2023-05-12 21:38:21', '2023-05-12 21:38:21');
INSERT INTO `edu_course` VALUES ('1657017611118460929', '1189426437876985857', '1293200126730330114', '1293200126705164289', 'Nginx', '0.01', '11', 'http://edu-longyang.oss-cn-beijing.aliyuncs.com/2020/08/06/587d5686663541d986a750be8c9b99b9java.jpg', '158', '254', '1', 'Normal', '0', '2023-05-12 21:39:19', '2023-05-12 21:39:19');
INSERT INTO `edu_course` VALUES ('1657018076484878338', '1634172817689841665', '1293200126772273153', '1293200126705164289', 'C语言基础', '0.00', '1', 'http://edu-longyang.oss-cn-beijing.aliyuncs.com/2020/08/06/587d5686663541d986a750be8c9b99b9java.jpg', '0', '11', '1', 'Normal', '0', '2023-05-12 21:41:10', '2023-05-12 21:41:10');
INSERT INTO `edu_course` VALUES ('1657018369217937410', '1189390295668469762', '1293200126810021889', '1293200126793244674', '三分钟拿下MySQL5.x', '0.01', '1', 'http://edu-longyang.oss-cn-beijing.aliyuncs.com/2020/08/06/587d5686663541d986a750be8c9b99b9java.jpg', '41', '54', '1', 'Normal', '0', '2023-05-12 21:42:20', '2023-05-12 21:42:20');
INSERT INTO `edu_course` VALUES ('1657018639540830209', '66', '1293200126772273153', '1293200126705164289', 'SpringC++', '0.01', '6', 'http://edu-longyang.oss-cn-beijing.aliyuncs.com/2020/08/06/587d5686663541d986a750be8c9b99b9java.jpg', '41', '71', '1', 'Normal', '0', '2023-05-12 21:43:24', '2023-05-12 21:43:24');
INSERT INTO `edu_course` VALUES ('1657019194174619649', '1189426464967995393', '1293200126730330114', '1293200126705164289', 'Spring', '0.01', '3', 'http://edu-longyang.oss-cn-beijing.aliyuncs.com/2020/08/06/587d5686663541d986a750be8c9b99b9java.jpg', '5', '24', '1', 'Normal', '0', '2023-05-12 21:45:36', '2023-05-12 21:45:36');
INSERT INTO `edu_course` VALUES ('1657019608915787778', '1189389726308478977', '1293200126730330114', '1293200126705164289', 'kafka', '0.01', '6', 'http://edu-longyang.oss-cn-beijing.aliyuncs.com/2020/08/06/587d5686663541d986a750be8c9b99b9java.jpg', '65', '124', '1', 'Normal', '0', '2023-05-12 21:47:15', '2023-05-12 21:47:15');
INSERT INTO `edu_course` VALUES ('1657019929964593153', '1189389726308478977', '1293200126688387074', '1293200126289928194', 'JQuery基础', '0.00', '3', 'http://edu-longyang.oss-cn-beijing.aliyuncs.com/2020/08/06/587d5686663541d986a750be8c9b99b9java.jpg', '0', '57', '1', 'Normal', '0', '2023-05-12 21:48:32', '2023-05-12 21:48:32');
INSERT INTO `edu_course` VALUES ('1657020082662424577', '1189426437876985857', '1293200126688387074', '1293200126289928194', 'JQuery进阶', '0.01', '2', 'http://edu-longyang.oss-cn-beijing.aliyuncs.com/2020/08/06/587d5686663541d986a750be8c9b99b9java.jpg', '8', '24', '1', 'Normal', '0', '2023-05-12 21:49:08', '2023-05-12 21:49:08');
INSERT INTO `edu_course` VALUES ('1657020328691908609', '999', '1293200126365425666', '1293200126289928194', 'JavaScript入门', '0.00', '3', 'http://edu-longyang.oss-cn-beijing.aliyuncs.com/2020/08/06/587d5686663541d986a750be8c9b99b9java.jpg', '0', '214', '1', 'Normal', '0', '2023-05-12 21:50:07', '2023-05-12 21:50:07');
INSERT INTO `edu_course` VALUES ('1657020536133795842', '999', '1293200126365425666', '1293200126289928194', 'JavaScript进阶', '0.01', '5', 'http://edu-longyang.oss-cn-beijing.aliyuncs.com/2020/08/06/587d5686663541d986a750be8c9b99b9java.jpg', '32', '54', '1', 'Normal', '0', '2023-05-12 21:50:56', '2023-05-12 21:50:56');
INSERT INTO `edu_course` VALUES ('1657020752371138561', '1', '1293200126810021889', '1293200126793244674', 'MySQL8.x究极进阶', '0.01', '5', 'http://edu-longyang.oss-cn-beijing.aliyuncs.com/2020/08/06/587d5686663541d986a750be8c9b99b9java.jpg', '28', '45', '1', 'Normal', '0', '2023-05-12 21:51:48', '2023-05-12 21:51:48');
INSERT INTO `edu_course` VALUES ('1657020953848725505', '1290907563440754690', '1293200126730330114', '1293200126705164289', 'Nacos', '0.01', '3', 'http://edu-longyang.oss-cn-beijing.aliyuncs.com/2020/08/06/587d5686663541d986a750be8c9b99b9java.jpg', '44', '42', '1', 'Normal', '0', '2023-05-12 21:52:36', '2023-05-12 21:52:36');
INSERT INTO `edu_course` VALUES ('1657021199551053825', '1294175384794947586', '1293200126730330114', '1293200126705164289', '全方位拿下Redis7', '0.01', '1', 'http://edu-longyang.oss-cn-beijing.aliyuncs.com/2020/08/06/587d5686663541d986a750be8c9b99b9java.jpg', '29', '44', '1', 'Normal', '0', '2023-05-12 21:53:35', '2023-05-12 21:53:35');
INSERT INTO `edu_course` VALUES ('1657021462361948162', '1192249914833055746', '1293200126730330114', '1293200126705164289', 'MybatisPlus的快乐', '0.01', '3', 'http://edu-longyang.oss-cn-beijing.aliyuncs.com/2020/08/06/587d5686663541d986a750be8c9b99b9java.jpg', '31', '57', '1', 'Normal', '0', '2023-05-12 21:54:37', '2023-05-12 21:54:37');
INSERT INTO `edu_course` VALUES ('1657021827681632258', '1635506140278218754', '1293200126319288322', '1293200126289928194', 'Nuxt的基本使用', '0.00', '3', 'http://edu-longyang.oss-cn-beijing.aliyuncs.com/2020/08/06/587d5686663541d986a750be8c9b99b9java.jpg', '0', '74', '1', 'Normal', '0', '2023-05-12 21:56:04', '2023-05-12 21:56:04');
INSERT INTO `edu_course` VALUES ('1657022108318318593', '1290670160830558210', '1293200126730330114', '1293200126705164289', 'Javaweb', '0.01', '3', 'http://edu-longyang.oss-cn-beijing.aliyuncs.com/2020/08/06/587d5686663541d986a750be8c9b99b9java.jpg', '18', '56', '1', 'Normal', '0', '2023-05-12 21:57:11', '2023-05-12 21:57:11');
INSERT INTO `edu_course` VALUES ('1657022500624154626', '1656657733594214402', '1293200126730330114', '1293200126705164289', 'SpringCloud', '0.01', '5', 'http://edu-longyang.oss-cn-beijing.aliyuncs.com/2020/08/06/587d5686663541d986a750be8c9b99b9java.jpg', '69', '97', '1', 'Normal', '0', '2023-05-12 21:58:45', '2023-05-12 21:58:45');

-- ----------------------------
-- Table structure for edu_course_collect
-- ----------------------------
DROP TABLE IF EXISTS `edu_course_collect`;
CREATE TABLE `edu_course_collect` (
  `id` char(19) NOT NULL COMMENT '收藏ID',
  `course_id` char(19) NOT NULL COMMENT '课程讲师ID',
  `member_id` char(19) NOT NULL DEFAULT '' COMMENT '课程专业ID',
  `is_deleted` tinyint NOT NULL DEFAULT '0' COMMENT '逻辑删除 1（true）已删除， 0（false）未删除',
  `gmt_create` datetime NOT NULL COMMENT '创建时间',
  `gmt_modified` datetime NOT NULL COMMENT '更新时间',
  PRIMARY KEY (`id`)
) ENGINE=InnoDB DEFAULT CHARSET=utf8mb4 COLLATE=utf8mb4_0900_ai_ci ROW_FORMAT=COMPACT COMMENT='课程收藏';

-- ----------------------------
-- Records of edu_course_collect
-- ----------------------------
INSERT INTO `edu_course_collect` VALUES ('1196269345666019330', '1192252213659774977', '1', '1', '2019-11-18 11:30:12', '2019-11-18 11:30:12');

-- ----------------------------
-- Table structure for edu_course_description
-- ----------------------------
DROP TABLE IF EXISTS `edu_course_description`;
CREATE TABLE `edu_course_description` (
  `id` char(19) NOT NULL COMMENT '课程ID',
  `description` longtext CHARACTER SET utf8mb4 COLLATE utf8mb4_0900_ai_ci COMMENT '课程简介',
  `gmt_create` datetime NOT NULL COMMENT '创建时间',
  `gmt_modified` datetime NOT NULL COMMENT '更新时间',
  PRIMARY KEY (`id`)
) ENGINE=InnoDB DEFAULT CHARSET=utf8mb4 COLLATE=utf8mb4_0900_ai_ci COMMENT='课程简介';

-- ----------------------------
-- Records of edu_course_description
-- ----------------------------
INSERT INTO `edu_course_description` VALUES ('1292089410745049089', '<p>666</p>', '2020-08-08 21:24:56', '2020-08-08 21:24:56');
INSERT INTO `edu_course_description` VALUES ('1292097678242521090', '', '2020-08-08 21:57:47', '2020-08-08 21:57:47');
INSERT INTO `edu_course_description` VALUES ('1292278889588850690', '<p>qwe</p>', '2020-08-09 09:57:51', '2020-08-09 09:57:51');
INSERT INTO `edu_course_description` VALUES ('1292380353153961986', '<p>qq</p>', '2020-08-09 16:41:02', '2020-08-09 16:41:02');
INSERT INTO `edu_course_description` VALUES ('1292682429575782401', '<p>99</p>', '2020-08-10 12:41:23', '2020-08-10 12:41:23');
INSERT INTO `edu_course_description` VALUES ('1294175937918787585', '<p>发现艺术，发现美</p>', '2020-08-14 15:36:03', '2020-08-14 15:36:03');
INSERT INTO `edu_course_description` VALUES ('1637360760545988610', 'string111111111111', '2023-03-19 15:50:01', '2023-03-19 15:50:01');
INSERT INTO `edu_course_description` VALUES ('1637396137977704450', 'dsa', '2023-03-19 18:10:35', '2023-03-19 18:10:35');
INSERT INTO `edu_course_description` VALUES ('1639279575743619074', '', '2023-03-24 22:54:42', '2023-03-24 22:54:42');
INSERT INTO `edu_course_description` VALUES ('1639279667582099458', '', '2023-03-24 22:55:04', '2023-03-24 22:55:04');
INSERT INTO `edu_course_description` VALUES ('1642489991047233538', '', '2023-04-02 19:31:45', '2023-04-02 19:31:45');
INSERT INTO `edu_course_description` VALUES ('1642490015424528386', '', '2023-04-02 19:31:50', '2023-04-02 19:31:50');
INSERT INTO `edu_course_description` VALUES ('1642502625993723906', 'dsad', '2023-04-02 20:21:57', '2023-04-02 20:21:57');
INSERT INTO `edu_course_description` VALUES ('1642879343036272642', '<p><strong>666<img class=\"wscnph\" src=\"data:image/gif;base64,R0lGODlhkgLuAfZUAAAAAAoWFRoaGg4gHw8hIRIoKBUwLxo5OScnJzY2Nh1APx5DQiJKSCVQTyhYVj1HRyxgXy5kYzFrajNwbzd3dkZGRllZWVRmZWdnZ3d3dzuAfz6HhUGOjEKRj0aZlkqgnk6pp1CurFGxr1S3tWOtq2yzslnBvmzBvlzJxl/QzV/X1GDHxWDRzmTZ1nDEwnfd25RxgoaGhoSYmJaWlqenp7W1tYPQzoDf3Z3d3IXh3ozi4Jjl46np6Ljt7L3x8P+ZzP+gz/+l0f+32svLy8zX1tfX18Hv7sTw78vy8dnl5Nf19OfF1v/A3/7J4/7V6efn5+j5+P/g7//m8v7+/v///wAAAAAAAAAAAAAAAAAAAAAAAAAAAAAAAAAAAAAAAAAAAAAAAAAAAAAAAAAAAAAAAAAAAAAAAAAAAAAAAAAAAAAAAAAAAAAAAAAAAAAAAAAAAAAAAAAAAAAAAAAAAAAAAAAAAAAAAAAAAAAAAAAAAAAAAAAAAAAAAAAAAAAAAAAAACH5BAUEAFQAIf8LTkVUU0NBUEUyLjADAQAAACwAAAAAkgLuAQAH/oAtgoOEhYaHiImKi4yNjo+QkZKTlJWWiCqXmo+Zm56foKGio6SlnaWoqaqrrK2ur7CxsrO0tba3uLm6u7y9vr/AwcLDxMXGx8jJysvMzc7P0NHS09TV1tfY2drb3N3e3+Dh4uPk5ebn6Onqtqfr7u/w8fLz9PX29/je7fn8/f7/AAMKHPhpH8GDCBMqXMjKIMOHECNKnEixosWLGDNq3MixIzeHHkOKHHkLJMmTh0yiXMlSpMqWMGPKnEkz2cuaOHPq3Mlz182eQIMKHUq0qNGjOn8iXcq0qdOnUKNKnUq1qtWrWLNqjaV0q9evYHF1DUu2rNmzaNOqXWt2LNtn/m7FxX1Lt67du8Xm4t1rUS/fv4ADCx5MuLBhYn4PK17MuLHjx5AjS55MubLlywETY0alebPnz6Abdw5NutDo0qhNpV7NeuTp1rBFx55NO+rr2riX3c7Nu7fv38CDCx9OvLjx48iTK1/OPOHu5iGf85QOvbr169izx6auvftJ7oLApxLvvbz5t+TPq1/Pvr379/Dja00vPxz9+vjz69/f+34L//wFKOCABBZo4IEIJqjgggw2CBqAtUDo4IQUVmjhUxJeqOGGHF6VYYcghijiiCSWaOKJKKYozIcqtujii2uxCKNjMs5o44045qjjjjym1OOPl9QIpCNCDglOkUYm/qnkkkw26eSTUOqHJINTRmnllVieVyV/W2bppYNdfskJXy/w0MOZPfCgwwv/iYmdDkdAMcWcdE6hBA9uVqfCCz3IWeefUyChQ57N8eAnoH8qMSihyRmK6KNKsMnoZjfwoMSll/rAA5tuvXDoo4BGmtSkzbzgw6d1QrFpJD2A6uoRkpIa2Q6oInrEDY946uqrL6gQpqwIZaiCDrVCGusiO+y6aw/HAnvYC0ooWycSzSLSqrSPquqsj4H5gO201Zp2xLfZ4rmth6PsWayyzCqiwrjkIgrFolj+ihQP8dbZwyLe5htqr+cGticS/tK5Lyb4FvynD+HKY2/AsKir8BSq/jZ8w7r5mgvxXhJPDMUOiUQ7cZ30bnzXxSNTDPIhCadMccMmqwWty1DgaoipLs8Ja8x2vQBvytQeMjPNGvNMzcPJtJyyEeHeIHLK8xpNF8o5H2yIDk+PHLTUSO12bc5FE0Is2PoYhvSzWY8c9SG00lwy12iNnbMSNzjkKNAw73h211S7vLUhX3scNtxnYZ3zFIML4jPNeRP+Vds0r3xz2gVb3ZDjOUEOtc1XY/ztx5jPszcpSo+8M9sunx76WYGPnLggRrgs+eorsdhn5IgMPfHfTY5O1AsE+92w3BO/TrtXuo9seSGt+ysqcL4jR7zHbw+SvL8fR388RZp73HD3/s43fqD2d5WZsw+J9Dvx7Nt/5SvOULMvCAu6Thwp+e1DdH3BzxtSur87wF/+HgK+gr1uf/E6wgDNcjfqpaSA5FqbwALWPH8pEBHBU9jyFog8ygEQEdPLFxTE5xQBvgiC8RohBkcmPw5u5X/+et0NRqYEF5IFeJtDhPqwR0IbSqVvCkOfIYblOXaZ0IcIgWEK5benn/mLd0iUxRGd0cSUqW4QKkiWwmoWxa1kAogFq96ePPgt43VRKplQIrlquA8VqFFaUDyjVRAYLyaCMYLVk6M1fPUOFH6rhodwYr5aqEeq7LBgTNRiwag1xUL6o34K65/1iugqFToSK2+UVvYA/jexPF4yKnT8FhIMwQJF+muDn5SKKbHHvo45L5VXweHEhFiIQ0awh7A0ih81WbdCrBKPuazK4opniDuWsT6NrEwWKekqSbYglMoaZTCnkokMIpKT/MPlNIeiA60Z4pef0yYtkrnNWlhThG/LATPlRchyLqWbE9vgOcllRts4EprKsuQgbPktVPbFna0A5+cCSIhMukqaAEUGOVmBz13RUhC7bCbAEvoUg1aScy0wJi8pCpUQ1pEQkExhDhYaHJJqhZ/femgL5vktHZhURy91xd4i2kyMVhBbPIgpSl6jU+Os81Gzs+ij6slRotwUW0YghEClpVL7FDUbGtVkrDyK/i2GPfUpLP2W5F6gMEZetSlLlda+3vfTP3n1q0sJaQonSkZlOXMyPWUP/LBns4ZmS5xoxclRpaWxrOYToxSNKzheoIMeKAEKZQUUQvd6UYfldRiENezhpuCDNaE0n3h97EhesAO/puywBauZYDU7jTJ5drJhHC1poWEp1Lp2Cp5crWsyetrXhlG2MClTYm2LLZfiFhiqLWZteZva355kB20l7sh8G8XgrmgUNFUuD5njXMc0ULqT1adxOcLZ3WJ3o9vtSFi/6zHAWqW6A6IqeaE20fBiRJ3rfe1b3QsRPqo1vjmLI33ra1f85ku/+2WILP2LWn8GWCF8IvBrDdwN/hY4+MCoEKqC40VUbLDAAw5YQANCAGHoenfCu6qwNVKwgQAA4MQFGEGHQRFVECusndkYQQRMfGIApDg36NXfcF1M4XCAYAE1rjEFVrwJFrTgsjzeonmxQWICBPnEB0ABkTdx3SRXrRsocACNgxwAEExZE+q1svcEGwIgP/nEEUgBC0DAARXHyDgDFvNk8dTTDRTgzDWeQAtAYOIGoCDH58LXE4owhEIb+tCITrSiF83oRjt60UUIFTZQIIEtPzkADmhAAw6AYjd/2RE6SMIFECCAUhOA1KVGNaoFsOpWl/rVrIZ1rGG96lTLutazfrWrdZ2AGaQqB9YoM55rHOUs/tc4Akb+tCOQkAFLD/vZ0I62tKcdbQQMoU4iNgYLOHDnZwfAAy1gAadt7GllLwJfFaC2utfNbnYHwNd0Qig0KO3sMzvAyCgwwIk1YO5GwBcD7Q64wAcOAAHUIFWZ9QUIGCBtAnBYEB1wQATKzcG9yXII6T5xAGi85Y1rvMYeJzjIPy5yjWdACn/K6TO4Pe0NyNjLLYhAARpA8X778lBPqIHOdU6Dnfu85z7XOcBFjoCgxwABSE+60kktbQREOuXOMEGlp70AFKSAAguYgAdoDG6bC+3DgKJBvdmdgE89YQhPmJMUoIByxJ49BgkY+4kTkPY/JZUZIWD4tL89vxFo/lnjXfc68w5HAwGIvAL+esIMEDDsCtS9TvMdxra7Pe17E2LraE624AfR4ngNwfAEt4DCxI7nDNSKi8hAwQTkjucbs2AEUo5Apzdfy8k+IQEih/ejpMD73kvBCcB3AhNgUG8ayAvYxxiB3tVt+QgQgAEj6AABAsBv2g8izAXLAMEFMAQnBEEIQghCEIDwgx8AgfzmR3/5zR+EJWS8xgm4NqJi2wsVeIDy1C7AASSwAScDgN8oIGXWpzixg1qfN3AYgHJCsH4M2IAOCAROMAWkV2MxsC4wtgsoQAGsN2xdlmUcF3hIJCFjgX0Ko30BZ210wgQOuILrBwRNgHJF8H4V/vB0iEJQwqB8AYdsLfABNOYAA1gIw+RaT/B+6vZuKEcnTcCCK9gEdPIEQ4eCoHKBtzB5AWcAD0cBs/eDnAd2yoJx6yYAFQgoTaB+LOiCfxIDAJAAB+cqNugLqreB3jZkgvABBRAAG2AcgHYPBchbT2ABcHhiCKB7gOIESlh+TPgnM1AB8seGwDACDTBwVUcIAah5Wth5LvMEGcB40FYBawgqSciCQnCEdVIENMiIvbBt+iZwdugBKSAIHsB/lPiDjDVZNYABmvhkFRADj+cq3ueAh/hiW/KGBDdxDuAAHzACd9ZlWqg4ySWERVADMxCNM0ADaEcuURAEDBiKLMQL/o4ocgagYiawAQyQigAAgtaXRSD2YddYftroQLlwYeQ4cHc4P5gHAJGohXEmZ8oiBeAniluEfLcgjCLHAAIoCBMAeG0iIHmoDESkj+Tij96DCyHwiCXHd4RwkAAgAb6ykJMyiw75WgDmCvAYbQFwAH+og4RgAh7QAZnAR0PBkWdxXx8pXU0FC/RGkhxgArIHbTe2jIowXjP5Wio3C8IWbQcAcyZgZngWAHLokyETlOsFOrJAhdAWABFgAoQAAvgXZAvQik4JQlwIlWslCzdZlRvglYRQYmemjF+JCBImlkAjC0UJbQsAc4aQAhJwaRKAlqQAkz3SjHB5ONn2CVTp/m1XqQjGVmMQUJC9ExAkGJiM8wpl+WwFcJaMkIEHcAAUwJhtWQhvCZkFU5Oo8GPSxgAgEIvX4JcO0l+g+WKuYGckKQGcWUIUIpOtmV8JJwkoMGPRVgAcgJqdaQludJu8NZiWMJfPtgAPF5yesCdIRpyhRQQnMJuhUJgcKJvT8SKuBJ0Tc3Y0EAMY8AAHUHOgMAKr15u/yZyiAE/cWTBSMAQxUAFxV2M9OQp5V5p2GSKqWQ2f2Z5zknMWIAD1ZnmikAIc4H/ehp3TNFqs6Z9TIAU1UAGsN4+hMJnDRgDpqZ6jYJsO+idQMAR+WJUhkJuIQJrRVpcaWgpA2aFPcHTS/vaNwvkCN6ADNKoDJRCPSzkB1JkPfrGfyPGcLBqi0uYAK+AuP+kDh4VYiJUENZCJw+abwJminwCY/lkEQzdtF2AmacIDXGomXZomYNqlPHAqoPKeGOBsDLCcUrqhYQmVQ4B76iaIQjgDoBcACjoMPioYeToKj8mdXrhucvpaMRAAULqmnNGfkBmD7WZ8yvUEMqCmhkoKQAqdffiHl9aJxCWVkVoKVHqbUGCC7GZw3xWSm3oJDQqZhRdwAcCo2CWFpToJfdqaRQCn7fZu5CVvr+oJVeagTkhwgcpb2pWrmuCRrVkDoCdwGfA5akN/HVYlk+qQg6ZoNWABIocBu7h7/jTAqqHFXLqwp0uSj1D5jDOQARaQAAJacmc2g7tSBBkAhssqrJ5wqgSWcxlQAceKrsPGfa7yp8nqjvB6CZYIYkUQn/eKr9CmrXUiBYtXY6JnPyT6rxAFlQtrsOqGAbXihJaGANcaL7gKsZKAjkFprBSrbhr7J38aZKKqMMbpsf4DlVAwqCO7d6yqsLf4ZBiwRQ/LMdeRYFAZBdQas9LmeFPArqwHhRnDspVQRWL5pkBLkoVGhMMWA0+Us/86MIE5gU07bAlQs3gGhhvrVlQLsfKqYFeate2WAAiLLVeEtJPAofo4q2brbhZQitgCBe3CtpYwQ5ApBVgbtyQ5ATbA/gM7MLiEuwM8wFJK0APMOhzeqhErKma96re9+QEtuZEbqTg6ULg7sCZ4q6u3WQNcK7kgR3ORELbB0LgpgqjpCKqiC3J32rmyQKxyVgShK7n3CLuzILtyxrqty5R8ibuvoLuQW7t+67vAGwudKoQpMwOtq5c7WhioSxdjmzLw+bXkArfNG2Ske7wM9ayoNaj9OjFomL1BZgAdEKX1lT/C6zJMKwBp63nEK7qYRp7cGwrru7w1pq4TU7bkq3EUQL/1uwn3253vFwAxAJHxIrL9+2QFMAEg8Lw9Er3KMMAKMwRPZrSJB7ULrHEMsAEPHMCbMFffxbsAYAHWiy0zYKnN/ksAB+AAFNABIDACIiDDIiACEBxMzkXBiUerIIep+UK7G0ySG0cA07dxBpCfD8IcOpwvQzB2Qqsw/BvE0xZlINwIPPtdKbyU7/stNSDF7EahVbwISxwvUZy/J6wsTxC/XvxkCnDDhCLB9rtePHxpv1q3ZbzGl9YBYewIY/wtQPxsFoDAXIzH0UageyzG5HWAz5ay/oK9hHxmBSACh9wIfYwtCvxspueed4zHdjjJjeC9KZOq0JYAdEsuWfzIQSYB6OvJilPJ0gKzVbnF0nLJqMwAWBklcKwLrqws4xtt1lowt4fKJ7YAAMzKhLDLu9LL0OZ0UCzM42nMjHDF0qXM/gerMNTsxdAHzZRMXs02bRZbMKK8xg7gxtp8ZOQFy9UmyNISzkFsh+RczsjsKtecrz78Lae8wQGAouVsxfEMKjVgqQZcMJssugZgmfvMx+RFy9DWsPEyhBvcwMV80IYAyiPzx023iN/Czq2rmREt0YSQCRQ9MnMMbeGLLX3Yu4QaAR+cC7lMKkGIXQN9wfVcpjKgwiVHAP/7zh59CMnrMvcsbfGHLRpttg7Q0mjVpuTSxOuGtsoy1GYLxgZi1PVgEly1Xg79hRhQjR46BBhQsHHLljuNCZebkFsYX/MsbQFgATVAikMAjQFKvn4W1kKTuYOrAzfwAs3Cnols00sp/sVNKdeCUFigRSdQoARHsCmdEKuHc9LCnH+QGta76qGrotfkRQONTW1FDdgq4DSiRKNIHS+KetlVicQHnQnRlSr9LC3MK9rPZsg7rdg8dtWsfWmS/JJDYrWt6dSiPQGrDFNBkdrKJQUx/cgHcMthrbfEadGsbZFhzQIhLWZ9e9kUINV65LZiKQXo3NjjDNgtcNozGbmNXQEu4BHUPU6FobpylgQ/i8oPMASi+Q/lLRTx/dwOGdqErIgvo9k9Ha7r7cX4PSdteCRPtWOBWQRCGsRzWycX5Djx/Qj0/d3dvMAGfK2ipWzRg96A8tkpo3hqnLWcWCwBLtGwDSqqst/E/hWhfC1yAfDLj8I0gG3iiEIt3i1dmNjh+NpruzJCDU4PO/4Uj7srK4NcYsbVNj5wCBADpTx/gD298RYrnK1gclLYSNADOEACvEmxApDV/cTdI54q7CPCrxXlFKMESKApO5ADeM0mkvJ6G2CSKn7kRaDOxsLd6J04ggQ1iEXmW5oDaP5MjrBmEnAAdViEAmAAF0ADZ0zipkt74HG/zLIPMw4pR5AmZ97nnsACItABEwABDMAAC2AABlAAoV4A+rcAEUABHrACOuyqntHjLbEnb1kxN0PgoAJF4BGAI5DrMrzrlNjlBqOfMSnk+URIGD4nqMcLTA5Im+DqEMMniAUp/qvydSmzsq5AwcHK3ZzVA0eAKWS+A3kzxpGHC5FO2EvG3ZmQ5uJD2dgzlL7w5CJE7eVcuYoArv/VXr1A79jSA8zOUcVOMYvLDhSMBPve6sIE43/CYCyN3h3L3azCXnjq63ay6Jow8HkSsEBeDNZN4uX+GEJC8RUxxmclDNMrQYPh8WaR8Tn+77pg8JvE8KWbMgjPCypAwazu8kqlNhKvCjOvsjYfCT8uL/BeC3Vu8rn08/+SDEaPbUSfSpu9RSrPC0lPJ0G/5AZvVckA8TXf84Jwv8eODCif4dyq9YzQ5VN/C3tILqSams2w9LghvGkvDFGf9WL/TMlLN88gvGur/qHR4+7N9PTBwJp2P/eSYCoYAwVWDw34nigbL/hjT6aErQQ+IPd4qluu4gOLvzpsb6o0url4HR5Hk1F94idRrgSSz/jpQFiDK7h3bfqs3/qsnPmur5CxP/u0X/u2f/u4n/u6v/vHYEKwz/vAH/zCP/zEX/zGf/x6mr7Iv/wfy/zu9fvOH/3SP/0y0aPUf/3Y3w17A/32BOzZ//3OzyLcD/7kX/7mf/7ozxjjn/6iIP6zsP7sH//yP//0/x3wX/+dmcv3j//83//esf+A0CI4SFhoeIiYqLjI2Oj4CBkpOUlZaXmJmam5ydnp+QkaKjpKWmoqqXKqusra6voKGys7/ktba3uLm6u7y9vr+wscLDxMXGx8jJysvMzc7PwMHS09TV1tfY2drb3N3e39DR4uPk5ebn6Onq6+zt7u/g4fLz9Pb55aj5+vv598zz/q75/AgQQLGjyIMKHChQwbOuQX8KHEiRQrWryIMaPGjRyHRewIMqTIkSRLmjyJMiXFjypBsWwJM6ZMXS9n2ryJ01nNnDx7+vwJNKjQoUSLGj2KNKnSpUybOn0KFaGKnVGrWr2KNatWkVSHdt0KNqzYsaK+kj2LNq3atWzbun0LN67cuXTr2r2LN6/evfLM8m3qF29gQYP/oi1sOLHixYwbO34MOfI8xJIrW76MuTJlx5szOXv+DDq06NGkS5uO1fm06tWsW7t+DTu27NktUsezTTu37t28ezfE7Rtg8OHEixvXebwx8OSYl6sMBAAh+QQFBABbACzsAHIA1QDwAIYAAAALGBgXFhcOIB8PISETKSgWMC8ZNzYgHh4oKCggOTk4ODgdQD8eQ0IiS0okUE8oWFcrYF8uZWQxa2k1cG43eXdUNkVEREROUU9IU1NYWFhJaGdlVl5qamp4eHg7gH49hYQ/kI5BjYtCkI5GmJZdiIdJoJ1RoJ5Np6VRrapRsa5VuLZshoVps7JwsrFYwb5dysdf0M1f19Rnzstg0c5k2dZ33dt54d6fZoOIiIiYmJiNray7n62np6ezqK24uLiA392F4d6M4uCY5eOv19a8xMSo6ee47ezbq8P/mMv/rdb/t9vIyMjG1tbZ2dnB7+7E8O/L8vHT6OjY9fT+zeb/1uvo6Ojp+fnx6Oz/6fP+/v7///8AAAAAAAAAAAAAAAAAAAAAAAAAAAAAAAAAAAAAAAAAAAAAAAAAAAAAAAAAAAAAAAAAAAAAAAAAAAAAAAAAAAAAAAAAAAAAAAAAAAAAAAAAAAAAAAAAAAAAAAAAAAAAAAAAAAAAAAAAAAAAAAAH/oA1goOEhYaHiImIMoqNjo+QkZKTlJWWl5iZmpucnZ6foKGio5KMpKeoqaqrrK2ur5Wmo7Kwtba3uIu5lKY2gr68vzU2xLvGqbSnMjZDT1dXWldTT0PAjstCR1PP0lBGQce1yeGVQVNa6OnpU0bWizZH0OrpV0fg5Piv445D8vPzUYAoAhLl378rQ/IpVNjPoMEp9wwBOedw3hUjuPYtJAfEX0V1UdzVWAbl40EhG1PiemLSIMZBjBq2BGlDo0pBNm9eCuJxZjRrywr6VPfSU06dyDIdGTrvCaEgTNVNEXkNKaGjSBkJjRoNpaAhXNMVtUr2k42tXKMMWho2mkBL/uOwluXYM+oQrW3RQaE6ty8lnnm1hKyBlusVr35vye20jGJejGzzTkk8icajxbVKBp4KNjBCyqAlGQmMrl3dqGpDZ0wFeLMNzXk/H8OsutDR0aSNCDnNNPVG2rUP2XDcdmrkvBGDMw7XOXY14mGd4lRuC7gk2G2h1DDC2+cVvqFkWKbeqnXbwzWgcz3Cyfoq9wuPh8W42zV5VfAxmQ87RSB2wwndR558XCUkBGnsJZafOJfIsN96w/wX1XcCbrKgKIVNWFNzbQVYYV/7yNThMBkypd2HrlzoiHpMJYhbceCh2NeLYX3nYHczeViWimXZgKNJV9xT4lAJticjLhK2/vhVYIMdOZ1fHHI12TA/fkShk5TF0FFswAzpk44pYmnhWbF5RSOEYkbCYygEMvUSEEySsmaaisgQZVQJ+sjlnEbSedmDvQ2SpHcx+pnScJIB0+ZQyV1maJ2rkHkeMGfa9eiOi84UpCAHPqbgIXzik2lLCDECZ17SXZpVpUOVSiWqqgZjC6tDvVllRb5BEqqjseLE3WOM6Hler7BYJwOtPtkam0q7+nVsYEcEe6tDVxCrE7IzGWHqtA9Zy+yoLWlbA1SSeauSl9nGtJmcv/XI4lB3bRfYieYqhOh5QiwDrklF1qvYIfWdB869bY3VIFz+KoJtS1O9ityT5DVbiif7/n6UWqd5FZpwLQSHlWDFFU1Zr8SYyHAqsB1ztRfJYrIsCMjUBmEntwb1+9t4hgo7qQwwOwSmVS7jg3FxDk+6MTnvwisvkxof3YqIbRGDbrZOX2XLa6RNdueEjX7CY9A6QT1fymk1bQjY/5IjaZk9OxStPlUXsvBMUYhtmMxxWwgXoFwZMTXdVeU9ytqSOUOabIKDeooNc8+0DWlaiJy4K3ZD7unkrPgSsOWQN4w5KTYAYcQRUTzD+ekGf94eM6Sf7vo6ZssqOONJv+7ZXWjrmqYQUNBsO1Opqq5JEIP+bvmmWObeiKltGx9V6sJPwrjvzgdqLtjmVO+859FX8qv2/r9fZNt7OTcPPpERs1sy4ee73iSkTmMWxN/t1/jWckfzXf/hiHUfif77c47/pEe/ALppgJLAmgE5V49cJEN5sDDfAt0WO4VAkBOVm2DZ/EWyLWkQcle4X8mocxTgyKKAH2xJriZxwffAYAUwCEUGUzgh6BkKBhVwAAMcQAKcaaIxNOQc93QisRU8AABIBEABVOCJxgXRJzbzEwoOkEQkOuAFndDZEw9XQfLQoAIBqCIAAkCCJm4RdahoISRWAIEwijECntDiGT3TxdpMUYxILMAKzDhHztlQQF90Ix5BIAMYUAACKcgE2foIozDBgo2CFGMAHICCCiDxAJnYGiNr/oQ3FKWAinhEIhkrcAA3GsCHpVDgJiEXxeWVBQYfiCQeJVADGkQgiSDAxNBWaR8BQTKUSVxiDWBAACRCIIauRIQEeWmR/innjsAUZQUEAYMCAIAAidwbM/2IDxXFQATFjCYSG7CCPdZABROYgDktscxt0sQouXiBBMSZxACgYAQNAMEKUlDMB8TAEnJ0Z41qYkcG0DOJErAMCiAAgSOOcZ2T0KRAo+JMv9AABOE8qAHWCYMJJLEB/6xE7SaarNDAoI0HxeVVICBKFFgCgCSFImg+mdIkPiCGKyDBCmhgACRS4BLtjKlg6gg/UNgkBhitqU3LGcYr4hMCEE3gSIVq/pIhWkUFKFUqACAwgQc0oKWakChVNUVQsoSgp1oFgAGw6FEk3lQTxTMMFuaKhSvUla5ztatd55oFLPQ1r3TdK2ABK1jB3nWwg7XrDGIQAxg0trGOdWxj1YgIQ8qypiIQBEsBMACXKpJ6DmFCDjRwgdKa9rSoLa0DUsva1rr2taZVwAFmS9va0hYCIAjpLVTggLQm8ZjD/CoAJrAJsTLFCRfwrXKXy9wA5LI6IkCrbwOQzRqQ4AEQwCJcOfcD5nr3uzVtADJf8YIIXFapE9BtITkR0Lb8QADgja98q+gA3bYiBcJd7gEkIIEUyICNBpimJpw4EytoYIz0vOx55/vd/gBkNhaYiMEIMqpcB6+gAgyoQFsHENVKoLDAOeiAiEdM4hKXmAPw/S4GSIwB8JLxFR1dsFIfMB6sJnGjn32iFRbQ4B6owwcpbu54V4FfF3tWEG11cFi3iIXkelcAPk6HFXRA5SrrIAce6IAGeJxg+6LiotYEL3EHAQNQvlUpW7zCgb2bACZ4xwpO0AGXgXkAL5PiBVn9Lo5HMsw2YnMTU91fDr67ACdwxQlrDiUEVgFNcTYAjActYyFg8IIhX2JzQXyvdzsQlixYocWhlPQpYEnhUAZAAjCQgSXFeWbdiWaOBmauAHxQBSrY+ta4znWukWABPK4VFeWVcR5FYIqT/kaTAEfGUB97EOS0agALVEiCtKdN7WpXWwlArmIAPqAMFBiUng6oriBUAEo8EreDgQ7gFTqg3DajI9rWjje1leBpULvV0p+AQVLFGYAJ4Nu6lzXAvz2B6S0iOq0J+EE6sgBveVub3ugYtBWZOIoVzJOeBHgwIlZdT1GPgsAGtAK7a7oAhc+DCkpw+LyzkA4fIGCrHfaECcodzXAfZQJuJMAI+EyKoGrPCjlIwEE14GaDNNzhEE8HExwAXFHEoAKlxuOpB14IGpCgAhUQ9+DSrcEr/EADC16ADqxQEYarPOnpcEILUOkJNh60ACNg+y5gymTRagADeMeAB3xghSod/p3aS2D5PKwqc5oDswEUD8+SY3qFLDQ+Kn9PwhIcQq98Q5rf/t6Iz0mK8mkH3m27UsEDhK3WEVAWEuwb61DMLnksMMEHVMYCPbqmCRJIN5oPSPxC2qv6mWQBCTjgwAISAF8MqKOVmLBsgitA9XDYoPdcscLXESDLHMCu7Q4VpwF6GDboD8UJPZizGAVQBHS8bxMkMHwoHaB7lWx+mz1wMjATIPsjEDURyuc3BZqfD66PlQka0GyhhAFPUFGYYGP0tH1zAVoTpQNCd1A/pQm+4AsnoH549AAxpxIe5H0HoQMCGE2ZRQsywAgjOBIkKAumMjpTsIJSYHcfKEr71xfG/qV6VuABpFdFLiAEQhAEO6iDPfiDPhiE8VARP9ABAmgApucXIDdRsaZUAdAE0GA63BAN3BCFVlglWOCAv5WBSPF+Z9SESiUAhlY97xUAzJcPtPFh7oQFI6dVCUB22tMDyeYXi9R7Nuhbb3g+qXN6l7CBHOiByrUAcKg9yJMYBdd7TPCAviWG7RM8c2EnHIgObNhcYwg+6OEsS8hLzOZdRXc+PwM0XphCTiB+yhVlLeEEDJgOyNeFkZiI3+UBLZGFGlCJbfEE92cMqad6m8hcGiB4DuEENpgAtBgd5EAbdThWOfCCNZWHDvEDoCaMpFF5qzEJdMd4ybhcAmBy85CF/oqYjbnBh5lwiNAncszFafMAjM0GZaTxiUQ0g1TFBKSoVIKoDj8gf1VkjviSGO5IVbuYVrMmiVoYSoWWF9IIMe4XRFgwiAxkj1rVAVjgBB0gbNbHSeCIZqLYAQmQA8NIGoDoWwWQAwwZSh2gkOjjLLm4P0xgbwvQA6l4jsoIXgLgARs5E7YoOzCBMJkQFB8Ej+PXATPJFVigiAyWADoge+txi87nf6/Dk6F0AZ2YF1jQWwwGABjwlK3CHhUpgS0ZGEw5fz5AGkHJYAGwAUQQBVAQBWaJlmj5LlcQBQb4iCcTQMh1UOqYF07wkr6VcY1gA9kQBVOAllBwBG9JhwsE/ob0VACmyBU9cIM1FW5qkpVGxSkLlAOMiUQIkJhM4QHylV3J0wj76Do/8HJuqI1DsWPy9QDa1SuZSBpz6VsLYJUtIXGbmZqqEoozIZu+pQEk+RE/IJTx5QBcGA4uAw/74wS+mVYesJsG0ZUMdgBapwwKYZsmoZnfNZImIWdTWUUEkFsfchQs0T6uCF5iZwVGSQ/omJ2SBFUQBhrHaDvUKV8L4AE68AP0+QMecJzoiUQEUAG0iSVKaZfxmJ8CGkoHoE9iYgPfCT46UJkDmp8HQAEkYGcGqRrSaRCT2KAYmmD7pVMxwAgxMB40IHdzQZzg0wT4maEoqm0BYAAOIAET/sBfEhAB/Emh5+MDKXqjvuUAIqo3rFCh/4CbOBqk0RQAO6c4uEADtOGj6mAFISmkTppEB8B/gcOjLDQIJFo9TiCaT7qlouRxoKGkSsegXCqgNBYcYIoONjqmW/pnZgo+QKqmN+pcynGlzvOecIqjEbCjkakKZ5oFiXanKSpeasKK1XMF9gaoGXoAwZkYZ6oFTYqo6HkA7VcbdGo8jwqpDIZ4FXKmWHComJqdGFgb+9Cnl/qp3tVvUtpNk9Conmqq4HUAXnoflWo76+aq8nVqewSZp9Cob2qraRUADzCHKNKoPeCryxUAEIACqfpD4dCoTCCmthoABPCgKmAZuqoK/rNqO1ZwosZaRQaAW5OaJo1qBRzQrfxmAsTSqFqgA+Y6pP05qMqhrprWrnhUX63AJ6GSoFhaqsZKSL3Snq7Tq+ZKXTsiCrxnO+FJr1a0rCiyDPvzp/QaAqxwrRDjIPuTbQpLTn2ysa5QjadjqAoLAAJGLORSP/Nqrr9mLSXbPlhgp74qp9aig1t5aNwKqSDlLfWwQAtqrAQQrpeiQeQYrR9AsbnwQa1pqhswAxOrEymUsJCKAU4wmI9CQxiLqBdgaPa3C1iRO0HUkXc6kF2hE3r6CUF0BV47pk6pDgWZCERbVJTwRGaLlylalRYhQlpLPoZwRj5QsxgaANb5D6vo/idz9AMBmqFEWZ6Dh5Tk0UcQKbfZ6ZMmIS7w6mpIwUhZyK/zlZGIS0Ft+wqrBIxaip4C0AGwSS12O7XqMLOucwVM4AGOu4gZ8AObaxLsSCep+z1nJFoL8LoJlgAY8AO+SCRl9bPpsBfiSENW0AMdMHzKRQAOwAKlSyjKAR9E8RWqGz5NsAMsMAENUEoLFgAFwHQgkAIxcLw+QXuqegrpEBKmQBA0tIJRcARGMARBEAQ3cL/DtAIogAIkgAImwL/9278wZF9qOA+B60iwgA6fIQvZGj7SEL/zCwTEUAxPsiC7FBWEZ7taAD1xZRjc8JfyOwRCIMGRkopX8rNZWwgzLjQUUxCYRqAbQeALJQgLqykWsdIOyQCwNCnDPJcLF6wk/lLDqXu6u6DDIRMrgQAAIfkEBQQAUwAs7AB3ANEA5wCGAAAABxAPChYVFxcXDiAfDyEhEikoGjo5JycnODg4HUA/HkJBIkpJKVlYLGBfLmRjMWxqM3FvN3l3UjhFSEhIT1FQWVlZQG5tZWVlbXR0dnZ2O4B+PYaEQYyKQpCORpiWVoKBUpuZSqGeTaimT7CtUK6sUbGuVbm2ZIiHaLe1WcG+XMnGX9fUYNHPZNnWd93beuDdhYWFlpaWnampqKeovaqztLS0gN/dkNzaheHejOLgl+XjucLCuNvbp+nnue3s1am//5nM/qnU/7zexsbGz9LS1tbWwu7txPDvy/Lx2PX069fh/8nk/9Lo6enp6fn5/+Hv/+jz/v7+////AAAAAAAAAAAAAAAAAAAAAAAAAAAAAAAAAAAAAAAAAAAAAAAAAAAAAAAAAAAAAAAAAAAAAAAAAAAAAAAAAAAAAAAAAAAAAAAAAAAAAAAAAAAAAAAAAAAAAAAAAAAAAAAAAAAAAAAAAAAAAAAAAAAAAAAAAAAAAAAAAAAAAAAAAAAAAAAAB/6ALoKDhIWGh4iJiouMjYQsjpGSk5SVlpeYmZqMkJuen4idoKOkpaafoqeoqqytrq+wsS4sqbK2t7iYtYadLZ67r8C5ub6nL8fHlZDIyMPOz5LCh5A3P0pST9lJPzkvkS8+SdnZSkc73pnS0Ouu4E9S8PHxSTuNO0ny+Uo+6Oz+/4leHHmXL98Tfop8ECwoL8kNdeoASlT1Ah9Dhj8S/Vh4cV6/iSB1pXvxoyPDJ/UM7eBoEt4RW8VCRop4SkfLkx9dvLh2M1/KZzRjymxlsWe8g4V8GM2XZKjTWC9YGlXysehSeD+fJqKpVdGOqz477QQ7rysorgCVkoWX5AWkHP5SjT7RYbYuqJJrsdJamVfKS0pCZaJ1ijdvRhZ88z7JYbdxJrV93cLtK8WHrMG3MHsKnEhH3KWWK1Juq9kxq12lQ0WlTNVF4bUoJ6U2fTkRZNgPJ/c9TLt3o7G7Bb0m+8QttNm+Hd0mq0SQ7rx0k0uftlpxDkhIKGeczj0pZR9vWXcfLyjx2pcsREcm3x342tYuloPNGhK5C86W8AeTv7T4rOdkbcfedJ4pltIL2eXVlCz6DbhJep/1BN4sw13l3yj2OZiJVWBth1hfi2koXYVL/YAOgBbSV0iGILF4C39GtSWIe2RZJqJvBb7XD4dX2XgjbTeAiA4LPJboIjtHSv5UHXE3DJLgeUn+CJgj0kCo2JBPknVElFLOAkt6IDYpSJYdctllLCj2J6YLZF6FhJmEBIYcnF19dWUnRRr1A4t03tLgMzD2RNUyPK2FhER9mkZijMbluJaPZ57lSqFkHSpIoBI+82ekiNwQ4U0CLtrTXIlyWgqmN03oaZjTmVlqJHkatQMkqLbUnKmvfmIek+lRGqCpZh0xmnCUVQasVmleteeuTEq3aWPpiTrqDsledWsox7JjZ5ixgpbtcVvRuFYSwhZbHJ1zfjtjuZR9uhQSOVXybDr0OlZrsf3Nqu5ECuHrr1/xujLvP7mq5O6/sha8rySrIlzsggubopkvOf746jBx0UU8ycCUVHuxt5oojIvIg+xg8cduBqzxLcyibCFjKw+TXr8u5wVpzCu2I23NLcGLcy45dMuzSU88tAjJ9ZpG89BgxWYKxwsLxDRsN//8SstT34QUQKUi3QgLObCbtbIqW42hTj6cPDbRh3ltGpcv3LN2jWZT9IIO4Rw8t0FVe1l3JnFvtDdsKoasTJc6WDO4gjDXfeQLQeu9OEZl/00J5OJMTrVxZrlNL0mSa65P45ZrgrXoLR1U+cJQK+IO6mAlkXHpgAsNu0Hn+E37JY7enrqJu29yuu/yPHHEmsFjsjTxFyGhw+pDtR6N4Ye8zvxF5uie/CXDX9/3gP6eH9L99U4jeaPH1x9ltGPhWyJu+hfJ+LMKHEDwAAcraLIz/PEIuLIKDQgAAAAQgAdIjxD34h82ZvcL35hgAQOMYAMOOKPQ8Q8+9YlFCzhQgAgO0AAlwITYFJiqhakAAgL0YAAkgInxkbB4pFMEnShIiYiMAIIeHOABVIAJtb0wfpzj1Ao4YIAcDlAAHnDBCjzggdYt74ep05chaNgVFTwghUYswAdWEEABcEASCILiVY4AvVgobAQHMGIECyABBjRAAANsgCR6J8bU6YAWXSKiGiPIQhMUEQAC+IAk9ldHeZiofbFYwRX3qMP8jQCOAJDjNyxYx6Ih8hVoZOQRBf7pgg8I0AAnkEQCCxmP73XHA3/UZANCqUQIHICFkrAdKeWBQfKsAAKQ1KQBRiCBCIQSjQZIoiOWNMuexJA7I2CAJiMYgAi4oAQQYEAbB7gAKm2rmJkiDyqXGcED5E8QH0hjHCNBSGzC41rTuSUWlxkATgpiBeI0gAki4UNzGqSMXTGBMrkpwfypIJQmSCEsf0PJWZZPYrHoQCr5CYAvArMDJ2CAARrwzUY0zJ4l9I06GTrAADCAAQ/Y5wJWsIIR8DAST8Ro83wTTo5GcAEneGAEH6CMcmK0OTmBASF0CpIVSGCdDA2kIP5YAFZSok1rcQIRbMDUpjr1qVCNqlSnSv5Vp84gBB/4wAiy+gERcFUEXs0qCSr6pUScIIAunakgTiDAAGzAffU0ihMygACgpvWueHWpABhA1mF4QJx3BeU7GzDRk8oGfUahgV3zytjGanKgubhlLu/61kGswAR9nck1+xIDx3r2s3tkgDMiuliGLiACI/DFCew3T0uM0iQ2KC1oZ5vWFfp1oXcNJAcW8AATOGCAD5iNTVsSgwQg4LjITa5yl+vZAAxAubLlKEVx4dPJ4tWALjjhAVI43cshNS9G4AERxkteIoi3vOUVrw0G4NgByKC8NECAYwWQ2VdE1LPytCwOhVqJ9+3NCextLAJ4IA8nxMACGLCAghOMYP4KBFiTAahvK7bpWNsOYgQdjOQliLk4J8hXwETIhxNGTOISO8EIMfjwHgsg4VNs1LMKIGsJDBAAwVpisx2mgGMT4ASyGMECjGQAFSmhT3YaALCMFIAIDDGCDYxAebfrbGMxkBcnVGCPkG2FHiG8yhPg1ogTLMVweUaEB991ADRoAhTWzOY2N+HNcI4zECZgRAGQ4BWSXWYBvghO63rQxqMII+ycAOS88rgJQghCohet6CA4+tGQDsIQamBmAEDgFSTAoSYP8GRCRGCxFsaQfxdnAxW7dAA2kEIUhhDpVrtaCFEg9J9bqwoWKJSd3SUEF9U4UlNwWHQyqDQ3A6CBeP5EgQmuTraiowAPGUSQv6o4YXQBiT9EnADJANCiMZjnhGBzdAAx6LGxWa1sSA+B2fDggXwN4M5T3JCbC+h0IkaQygII0xQ4hh0NhK1G96I7H+QuN6zlUYQE7JIVQ/xyDgtoWEWMwAELaIC8TfHatRHBArINAAVs8JljC/zf8CgCCO6sihMsUpN75hhJW/yJMa/NCTSgAAIGQHOaI4ACMhC3SZD9apDD40Lu1jQjOT0RWYrOCDaggdJtYATJeTzSAy8IxEzBQXY6wKgAKSgpee5oIUDhIv4bhcmnbQAODPkUVlJpS3h+bmxIwQlFMMLPj+mJli6TAROXyEXV3hEmCP5hCUaQAQaMC26XlGKIfs6hAB7A8uO4UKVKjQEFAoBFNGMDn5I4K9n5PJR88x0eTrABBvidACMoAQekyOTdaR2MS1SclDawAL8HWIHjaS8TPs0wIwMAgYYPxeViNIIGZt/RCPD0E5pfZjDre0lEGJ2UNEjAtANw7020wO6aVEAIS5GouBrU29wcQN6jsQydtKADiffg4hs/kVFj0wnDZyiLByEKrsTNBz84AhJ6QAMNWMDUf2Z2jfFr5rQEGDBtf/YCN3ADCsiAx7CADfiAzGAyceEEPBB/HoR37INYdURoCOhBCTAOIjiCJDgOWhN9RyQB7Fcfj/dDspZWFjA0Bf4XTL3xISoVBRrwgTkUg0NjAyngGyzwevDjBAmAV1TGNPDSfJgAfOnzBEV4VxWQNVKkFbvAhNcTBU+YVgmQNfKjKGpnBADIUAigc0NTOEPRCenxXbBHfJqEAHI3NWFHJevQK2qXg3g1AEDQE0xVLLVUF+5XR0agY3gVADLQEsKHADRgLpgnKZtAgKQUAzqoRkd4EURwZQGQiO2yiATDgS+kbo1FAWQYDzD3hJfIh5r4D3QEe1mYV6hWEPBnZjHwMJWjhNOQiv8lAxoQAzEgAzRgA6F4EjIQhnhVbARXAUBFjLtxiv7geWPzBNEXYJRncwmAATLgi/IQazHHhi5VAf7iBnPCCIqUMYV2IYQIY2BsSHkBkAAxQAO8qAGTR1sBkGqvuEfx2BdKgDzQ4ESTswQakH60xVEWEHPLhAG/qCe9QY74UgSF9o+NRXPspAE+NxXKKEOyQBKDQwSryJAaCQAIkHOwQXdmoR4Wl5Eb+Y8JkGrvwUB2kR7P9y8YWZIbOQAEmRdKAJKd84cfE4gwqZEFgAJHoARJEJRCGZRq8wT7MJG0WEFjY2U7yZBE5w1QqRMT+ANEGZRIsAP4yH1QoXV5kQFN+Y+rlDOCgEeDwAwTKRhBkjX79pWzhUQUuSJJOQppyTRGQJJs2VgHV4OekANTA393+Y9adHbJwYwOs/5ef/mPAtABK6ghhPkvToABh8mQBbSYA4KQS1FmkSmZRCczzmCFS7GQmYmYEMB63BERntkTmBmaG2kAEoB1P3KaN2GHqrmRNTaagvkUUlMzRDibTSkAr1QCJHUJt9kK3kcZhsmbX1ljDSABHjACYOWcInACwzkMOFksGoCc2AkBUFMw0gObHcGU2DmbBTB+znBA0VIzRSCM4XmXYZYc3nkRx7mekalk0/GeDOFs8pmZl1afNXOd+XmYgOYbFokyj/mff0l9pNA+9iliV2agbOlMmSExA5qTdumgDMlXXYEWC0pw6mmhs3UArjkiLpOeHlqSIMoeGxoPJFqiTklymv4wnZ4woRezoiw6WwwQoq6gMCkactpYoxwlALmGoiPaoT7KUWUHoxOxo1JQl0XKWAHQAKQ5IErqBILYpC4VAAfgAZTZGzLqMAVqpQyFpdXWJUoqBVIGprs3UVv0IHVRpjSApmpkACDFATh6I+fpMkRApD7KbltKG+pQplQKpx50AOYjh2LGM14pqAO0n+pSplKwloLaTvvSpRezm4JqAH3qII4qBbKJpjTFHqWxqUXQow4aAOSpFUiqhv/yBKDZpEGaLdWJL6nZpJK6L2nHM1/apBgaNVwJFnnapNDmDErIl1lzpjUqSRnaCjaRNTpZo/mVC3EpCLboMvFpoQHQAf7YAizT6jIyEImZSWyopzE6sKzN6J8OagFO0IekgKRfgwlPsKkMAZ7/SQFvGIfZMjlEUKXrSQFFcBQ2ySmaU3DySQEhZkgRIzoviZ38WhAhsi+oYwQNqpoBYAFvWBDAk6ONwK6RMGijF5oIEG4d0bBdgh+3Y2B6qpEWQGA9Az6SQDw28I5fOQAaUJAMm5UASzzddrIVVgEoaZAiYUamkD5FoAE6e2YJ4JHWEkSmwj9DK32gNQA4R7OpMyHHQkLdNnhOmgAZQANS2xOWUrUvdGI2cGB1RUAQBrUaQAMV2y42K6yyYBBWuwRFYAMyEAMacLd4m4vvZQRLALfhGK2xUHA8aVNJqoYN6PYO4wCUP4B/vSoFPgMs8gAvLXg7iUsui0st8aKqWnOWySEPKWEy8KMN2+ADPoC5x0AL0sCJF3FQXQIJ8YBBFYM6RnkEl5sD3ZAMZBlL2gG2KJEKlOoy5IAEl+uAUakrrMG5W3EK0xkIACH5BAUEAFEALOYAfADUAN8AhgAAAAcQDwsZGBcXFw4gHw8hIBMqKRYwLxk3NygoKDk5OR5CQSJKSSVQTyhXVjRERCxhXy5kYzJrajNxbzd5d0tLS1dXV2RKV2hoaHl5eTuAfj2Fg0GNi0KQjkeamEqhn02npVCtqlGwrlW6uGyBgFjBvnrBv13Kx1/QzV/X1GDRzmTZ1nfd23Hi34eHh5mZmYy4t6Gcnqenp7i4uIvOzYDf3ZfQz5fa2IXh3ozi4Jfl46fp57jt7NO8yP+ZzOS/0f+gz/+k0f+43MnJydjY2MDv7sXw78zy8dvi4tj19P/J5P/Y6+np6ej5+P/g7//p9P7+/v///wAAAAAAAAAAAAAAAAAAAAAAAAAAAAAAAAAAAAAAAAAAAAAAAAAAAAAAAAAAAAAAAAAAAAAAAAAAAAAAAAAAAAAAAAAAAAAAAAAAAAAAAAAAAAAAAAAAAAAAAAAAAAAAAAAAAAAAAAAAAAAAAAAAAAAAAAAAAAAAAAAAAAAAAAAAAAAAAAAAAAAAAAf+gCuCg4SFhoeIiYqLjI2Oj5CRhCmSlZaXmJmam5ydnp+goZ+UoqWmp6ipqqusra6vsIekjbOxmCq2ubq7sq6UKbWcwbzEK8PFiywryojHyM/QmpQsOjxF1jw8OjjR3dHOi+DLO0lNUOfoUE08zN6M4u7QOEnp9ehN3PH6+8n09v9N2vEbyI9FkX8IoRwRSAsYPEgPCRJMoSNhwh2PUlDbwYPjDh0MJe6KKIrFEYsI8T1kQc5cuiZJ2J3C9YmmLZKmcqC8GLIQCyMok+SAhvNUUVY7diJMsmie0iYYRXo7GumnUoAsnDm9ik/qRE4mr/7rKQioWChJyPpaS/Dk2Xv+ZHG8PafDq11LLPzNDYjI7du0dwM/YuFyLpSehA2r3GRTMLQahef21BH57A6qIx0/0mlYXU8enaFc1kzaUNLOAYfpncsDc2l9Zg0DnoSj8tnWr+0eS9x5YTDQoUc7dh2vdugihsKixkE8Y+5CzRmd7hyVUMXQaaMbZVts9dy6hFgA72zkubujkENDyTfIeHDt5wOPl81e0EH1Ncy3avwpr3ojWbVn21lN6KfZdaHhNkhsnSFnYGDKhabDLJSpB0V+usBnHoKdzaaRd3uphYyGkZB4iX//ETLdcQ8GtqJi1VWoXhMYtigVb6HxtQyIcx1hYzFH3aeegyu8SN2Phmj+aKJpFp6Tzw4D/hUgLUjygmNoC62QQ5RvCfcgf/FoxGBwK2xloY5V8mOkYixEaCEP2yWy5GsyWriDVU2iJaJUc8LinoVJ4DCfheClqY+ZdgrZZJZhZrYKDn4BGumZzBkaj5t5ZgoFnJa6g6Kmms7maKeDaKQoqE02MSGpEK0iHqqgVgdKnzZiCqt6jLKKjK23ojblO7qqgmivOdZFa7CV6MAjsd8NBM+xSHHJrFicIrsLS9M2yc4w0LICpjs1TJptj79aW2oryo6L657eauYalOpiya65p/wkbbwW5UqvKdwWeS++Cek7q7O24AnwXADuCwu8B7MGS7cTQfpvw/X+rDOvwp6wtCzFCUFljHNUYnwIDmNyvJOqH+sHMSaCTmwyOkfUJ7IpLLn88jkyzVwvDxvfbI+q5TbqmHg2+xxoyjqDUrPPt12cdLI9M11PEsY+PQrRUj+1rdVKi5v1P1SXyHU4K9T5dUoyrZxbdAyfvZTMrajdzdJug32n3PrgvQIPRZsMFTN6OxJ4MydsMAEFJXxidt3nxOzuKSMsEAAAASAwQieLM65OoTp7YAAAoFPuASd/av4S3NB5MngmJ0wgQOigM4DCJryarqfIIzQwOewCgED7oLanU0TQwXpwAOyhT8DJmsGjUy2yKlDwOvIAWL7CCSXMXkkKpTdfMer+lo7gAPWhS3A9AgE4oD1EtXvfuNPcCZMICAiQD7oBDEwwweQChFAJ8+5Dh6ykgYnBoUB69gNA70CgO9AhIHEQqUHU3NcVS5XAAbuzn/lWMD7KcaASwAugPXxkKPolEHQHSBwK6gcA9UniSiIECPjMcwIEnjAAHxQEBRCAAN9JAoAxdF5pxCG+DCawASPoQOJUsIH8naAqfWsemgz0ARaeUIEgQEEEGsCBEbBwA5EAYhAFKI7VeeKA07siADZ4Ag8w4AC7o0ALIDHBMfrGPEVUIwovNwgQFMCBfHRE98Yow8CtzIR6pBwYBTG7DUwuAIt8RAgJaY8BOgYFG/hjIgH+sIDZeaABEDhBBybXgG8lon2UhBnx7FICCBhRjZXbgBdBRwEUgMADEBxMFAM4xcCAYAGbTB4DC/BI5W0vc6m0B+fswsQ0bvKBKxDB9A4QSElM0jBMyKY2t8nNbnrzm+AMpzZtcIJyYs+c6ExnNEYQgVfqMQAdEEQHQAdPTJTMMDLAgAUqwM9++rMC+/RnQP9JUIAW9KADNSg/H8CABTh0AQh4qEMR0FCIMsABoysGIoMJOheuwAOT86gkPtSkGSSAoyhNqUphZwAR8KJwmkRp/wahAhCAIJeVkGCTMLDSnvr0ncbMxQXduckJBLKNPrQE93ZZD57+9KlQhV1QY/H+y572sAFGRYHuencJ7uVpCAqIqlh9ar1YYDKmKa1nCLbYTtBFcqQcUs8QMkDXuto1Ay64q10tQNRgDgADeaVrBfq6yQP4LxatJGwiPYqCUYKOq0qNq3qeUBjKQoGyTbBsZs1hjicMYQA+TQARLpvZGfRTAQrgJ2orkADQXlGkrgiBFVdqgMPKM46ZkOzBPutTBYz2JdnMLBOaMFwmeNYFJ00gbFcB06dOdQUTcCBOk3UzJrh2pQowDBEw0Ne3rqIEbT2hABQr3UKwE6OZoMjNnvAAn1ogNE5FXgAyqrpFeACYN2yABzqYwHqWQrcHc0FPBxADJzzhwAhOsBOWwOD+Bjf4BxegHjVZgcYrCmACT5zlEdcXCgADjAjXRWkCmKCEIJj4xEHwgQ9MDAQgpLjFQFCxEHqQ3OSxIo8nNAB9P+pM3rm0FOqtLnfT6oLLCkHFSE6ykpMcBCdAQcCha+kqqqjGBvyYEPsj33M7zDQkhBWlFmACOpSw5DIneQnn4C3lNKCKGvaYehd+oiFQwN/QLWC6SrvmwUzK0QoMoR5kNrOSgYDmcxChvQGQAIdLgeMEHmDHhogc7A6Q1JIYgam9IkIFEhkAC/wW0IJGMqHTwQS+UkDOp/jA8a5oZUbkLgABWIBtRTEsphHBAiEmnwAwIGaEBFrQhUYHE0iwgUX+h6LC4j21I8pZAlTTuo4UY8ILFJBr0A2gAjN4AkqWEOMyBzsdN4BYo+336GcYjHFMkEEGLMBudmdgBr3eyRJSnORR/6xSptio/dJXzVBgxsNue0Jwtf2WeSdZCUtZJSeQnUABKNvc0E4mFAzuA4Sng+CbOlYJGnhCSpsSWKYAuMTt4YQgWJwJRBiCDEiAgSEkoQV9qulsycdvb3ht5AkR+AxeYIEvU24Glly4DRteS28MEucIkbYFahw6BdAA5qAYN/kQAGloiBHpUCCCCxTQ1w2CwgMzJ58D+h2Nm2MdCkyIAdf7m0OkZSJ6b0aew40NDRiePc18tfCsNyF16lH+PRXwOTrWZcD0BEKzE1TOL9m9saW7p+MF1bYfA5yNiRqiVddFHwgyR86EDETefhCQE9JqMQ1q6GAHMNBnAvpa7olsPpmdJy/yJNACZdh+Gba/fe6XoYMjcFYdAmfCDHANuwAgUSQpaPzZn+CCzycwA0Y4ghGiP/0iVH/61DeC9aMvrSfM4Mtz94rdJQ55jgbgBczS9N/tMv5UzsD5/Y3BtJBgAj4RIuLeI4LPg3n+bB3tLnoWQ0wQXyhVZNnyPKPgb0yCc+WnUhkwLk0wFHYheDGkfz2FAeoyPHFSEvjHNJ3VWZjlArJ3QmGmFEiAcWxCDB+nCAEoNSg3AxmAAaz+lQA0WIPwp0e+hRJNMAMY8GmdsUwSwRnoBoPUNlbUMwAzYBFM0HwlqB5BZ0YvhGnM4n0ZUAE3KFbohxBD4FQVEG9Hchen4jM8WHhGSD689g8y4HNNSCZ3IXIfhgFXWIYAIFr1sIQhpgBeaBhAKDY38SkmI21kKIcJlITocGuvRIfqMUMDcXXZMgSbJoib1IR8Rj6E6CuCoXwUM4mQmEgDMAR2+Hx5eBuaYXbT8gQx8DmbuEkBAFCKNWKosYfI54a38ompKFYBcIaGgYBA8kId2CSdV4tjlQAxgIJnISpxIwqMqCkDCIxihW1Yoog3IoVnEXvM+FR/5YNvITCakYz+FkKN1RhaL4BpOTNSxSGNSvECI/iNJ9RDbdKO7tgmLaMOL3EEEmge7acpmqiOKTVhSSIIs8ACOHB6HwESD+JVzMIEj6iPKiUAbYcxcsEsBKiQKSUA8SQ0cfOQvfJ+EulTDEl5VQIOGAkrCLmRPxUAGKYwstgZGkmSP8UAV2YtKTkXpcaSUGUAD0cwohCTb7GSNFmSVEd3fHgX3HgWT5ABPWmLDOABHgl4qIATQykWRBCIR+lTBzABInAC2jNHP4ItsCID6TiV5rcAErABIDAC6VROQHkXlNCChmEBYAmJASAAB0BRDFCXC8AAlVYabPkWTCCVbwmJM/Uce3kWPPn+l8AYAWl5F6+CKiJomMwIWaIAhXsDK27pmIdpIIN5FSNpmal4AC+ZG5mpFEywf5xZhpBUDCuIF6G5E0Pgl6X5VA2QmI6xmiiRj68pVmV1CakpPydCmxYhA3F4mxxVAB+AkyCEKjEgnGPFkN8ACr6ZEDHwlcppYd6FmcgpndNpPwJQnfqxmJqCjtnZUzrGCpIpCM+JEOAZnimFl4Zynv/QgOq5SXEWlACIKoUZn/klArtpHu5pD62Jn1cUS0uJJP1ZDxYIoLq2ABswoEjinZnSBAmJoJSDABOglFPBCgXaVBJqfBTgAYvHKhn6eNj5l7m5LyGKDmqGnxEgMg76oBH+Gp44hCT7SQgnig5QFp/8SJ78UKNpFpyG2QA6w6NoV5kwWpEbyJuo0KKaIgPxiQAMiixCinakeZsBQAHptQ/EEaVP8ALhmUJJE6Vo117TyZ30gkpNEgM+SpML8KTW0ovTSKSlKQBVpzD3mCn/+ZpeRxSVMKNVkS1bOqLqWAE2oDDAUAgUqIxGaZkJMAQRuC9tYqjqommOmQCEaIzBkgRFcCftES8HCpYDkIU4Qy/3oKmvBytg5akvQIywqIDPUAv1EDMhOS6n2pOfahuWugnlyYc/A6YJMaskmQCgWknWIjW3RpLO2DHQ2Au6cQhZM4BpGlUJ0IM7QSSs8jWA+I3SCSADE1NB1Xo2Q0B8qTgAntY0OvoMdZNuRSiHAaAAMkCMJ5OsN3EuoqA50jZYRqgALhCKV0FCpGI76YYBrqmKFeACf5Yj8JMbzYNyMmCFIxoA0QpveaKLVRJACusCM9haAzAAAaCxHGsACTCwnuiu2HGwpUFJKTcEMyADMhADKhsDM0AEIpspq9oijpctAJKrr1Cz0xIoOOsKOqizhNIpFgEVbno2TXC0MHEEHdE2hqGBx8gJfGoIFgEgpWq0R5sE0tcR2/CohECKJ0Oyk0AMRxEIACH5BAUEAEoALMkAggCiAKIAhgAAAAsYGBMTExMqKRYwLxk4NyUlJTg4OB5BQCJKSSJQTyteXS9nZjJrajRxbzh7eUZGRlZWVl9+fmdnZ3d3dzqAfj+Jh0GOjEWXlV6RkEqgnk2pp1GpplGwrVS4tm2BgFjBvlzIxV/QzWDRzmTZ1njd23jh3pRxgoeHh46Xl5mamoy4t5ugoKOjo7m5uYHe24bh3o3i4Jjl46/d3Kfp57ft6/+ZzP+gz/+l0f+32sXFxdnZ2cHv7sXw78zy8dj19OfF1uDb3f/A3/7J4/7V6eXl5en5+P/g7//m8v7+/v///wAAAAAAAAAAAAAAAAAAAAAAAAAAAAAAAAAAAAAAAAAAAAAAAAAAAAAAAAAAAAAAAAAAAAAAAAAAAAAAAAAAAAAAAAAAAAAAAAAAAAAAAAAAAAAAAAAAAAAAAAAAAAAAAAAAAAAAAAAAAAAAAAAAAAAAAAAAAAAAAAAAAAAAAAAAAAAAAAAAAAAAAAAAAAAAAAAAAAAAAAAAAAAAAAAAAAf+gCSCg4SFhoeIiYqLjI2Oj5CRkpOUlZaXmJmam5ydnp+gkSOhpKWipqiko6msra6vsLGykKuztre4ubq7qLW8v8DBwsPExcbHyMmKJTI1P88+PCYmyo2+1SQlND9GSd7fSUY11NjliyU94OreRj8x5vCGJTXr9eHvuNfxkOj29j8w9pkr8cOfPx4CY+mDBKOgQXtGAiZEFqPbQ380JhZaiEuGxYv2fGgsVuMjyHo/SjCCIaOHj5c9aKjsJVDbyYcpFcHwYZKdEZkjQc27iXOmPBoXAcbjuAkGPaIGc8orCVJpUE0NoT4UKS/dTR9Gr1byqPVhDUNZoWYUW4lGz7L+6iIWIqvVSAmmbBENhWuQq6C9cNfmdQSYbz27g9Ly/TH4kUPDh2X8lfF4cWNGdCGvc/f3qWbGivDCEi3JrWaU+Cif9gY6FGlZhVezDjjvreEf5C4T2ilbnY+AMSqvbq1bUPDe4HqUqI3c29nigkw3T1KDmXDZRvDpjo2dhlPbq/1eLuFjerga0s0jHvbaUWbkRnxch6+98Xv44GVzHu/ZvP9vYDU2Cm//FShOWHmpVuB/PyUkmjb5LXjafq+0twl3EvamnDX7KJYhfEBNYmEu9304nGT8RWgiXDzUlxcMPKwIIoJsHSejfi7mld6NkB2omwn98XgbipfZKCRk1RX+V+KRUFHYGIZM3iQOdARGWZYPOeo4n5VJEalbkFyCJE5uwIzYSJVhnvQbdCQsmeY/MdCYjJkkUPXmRT/JmReQKt4pjkTFxcDTnQ/9WQmdtHxSgqCEXtQDDHqKxVyjEP3gpW4KUlqPDzJEKhYMXmm6DqdsCpKpqN9Y6qmkO4raTqelZgMmpfHBGiuUftZg662hiurOqoOVECOq7AAaKwlIEZuqsWwmq2yqwF4lw7PrPAfdC1sqK5gwiCYyK7XZFdcqtQBuly24l4r1LbmsRQtPCX1Su+1V67LbbjDdEgKvvQ/Nq1G9/CZBnEb7BmxQujSR4qbB3og3UXkM+xOuRh7+RlztSNNa7A9uhIiWryQlwEADDTWg16mnAJdVhA4ttNyyCi7D/HLMNM9scwswy2yzzjxnYMHPQAct9NA/d/CxXoNaZMTSpB5CEHI7QCDA1FRXbfXVWGettdYBACBAAGADEMDXYXsNdtdjn+2ACJws3DCzJMDQ3AQA1G333XjnrffefPft999ia2BItykXO1dzEACu+OKMN353ABZo4rY6VglSOFQUOK755pyL3UEmMMSbHCHnwlXEBFPXnboAXqvO+utes9753avPXncAD2jirJT4PN2cEUEEUcTwOwxvPPHHF1F8CrJzbgDyQbRgwPTUV29A83wP4IEmoqvzXAn+d6qAveYHxFV8Ekh00w0S4biAgtR8EwBCJjHAlRP4b7owvuMQsA9VEczbWwFCkIleEUUuoXtTEfbXOArwpQUMbEAmClaWd9TvTUY4wOxa8BAkePCDRAghEYZwgv1hIBOTOxgJLvgmFHTOADsYQg5mmAMc2OCGOLzBDW+gQxziAAiJuxsBtoeJyx3GgoTaAQMV58Ak5ACHUIyiFG9AhCRA8G4V0IQBDwicRqlgcwfYgTeQMAQpmhGKOfDGDjRYNwQQEBO+u5JxGnU6xwnABeoo4xmlOIRvGIFuACgAETFRMaL0QBAJJNTplqg3A7TgLU/cIw77CA4XJmCQhOzeOhD+kg1NGYECjLzbAXTgDz3uMY3qSIEC3qiJivCFKxQkFBJUwMa9CWACpDQIEWw4RVSqYwZs40QiyyIViGlqByiIgAFod4AJuCBeRIhkDn2pDn/BUZPrkAyuFLgDF3jTBTo43012iUb/xSVLl4jjlVSyO43pMpLUpJy7+GFMuEhGbu4ECRJmaM64IKyAkAGIOvPpDw9CxFqeaOc6jUjQeiQJFK5EkkIbKqYQkeBoTivdSbhBUSm5QwQe2IAFGrCADSS0oxnyAXpewIEHKIAAdhOASTsxTJSqJwYgeEACuoa3AX6CoTbVyg4+UAC+SfATNQ3qaozAglru7QKhAKpSH6L+gwiEUmwzRapGpwoSFSzzbwWYXygmylWieFVxCWClJUYQgtwVYptlLSgoF7eAdMpgZCuYgNOwWdYizHVxDTDBTIyynL9kY7DZkAFP1BcORKQwruxAwVXz9gEf9OCyl7UsZje72ZfYJhFkhaw6xNc4AagAOYoIrWitOFm9nbY3i5BqR9eoOdOiNrarVUcdN4eC2y5ji5Al7eaaKBtHqDaotOXcBHzLCNmSa33oi+zsIlAEkOwgXpAYF8OU5wIKTAAC1ptea/sWxkK5YAJivEgkHouqInT3AOPl3B0NUgTJUhckkijks4zgPvjZTnGvrccOAHlf9YLMuUw6b3z/W7f+CdimBbUs8EPawlchDfirDGYcDHUr2btBoLoGpoR+FXjWDGsOj98YcN42HGJKTIpQOgiiiTXXv/Y59W4onrBdtyojF2B4xnbUQX0ZSYE+aeLFUTKC9IDcuQhYtW8GCEKLMWGkI/l1wUy24wT6aY9O8MnKmcuymA2gAux6glE38quYxQyBHE/ZEa/ZxorUvGYgC4AC6T0JKZD8nyvXecYGSMFbImSKgZongH/OcAE4sJxGN1qwISsJY5OAiuOexseJzvAQBfGgGIxMBv8UUSIy5p8iyDjTtgvACYNhaciEGdUMDgBUgUHq6egP1iaGHEY9UWvkFCECuJ6xABqg1o5h+OfWwZ5xAj6ni17L5tfJZjIBKlBsWbS6LMiONpALsGoOgeLaUPmktsUcgARgoNqtcPZpgvDjcUvbAR0Iwa4jgWCDtMDdiQ4AAhqAgQ14IATo9kS9/QFsfKM6AAQoQAICAQAh+QQFBABKACyvAI4AvACWAIYAAAAMGhoSDRAXFxcOIyITKSkWMC8aODclJiYmOzs6OjoeQUAiSUglUE8qW1o+QUEya2o0cW83eHZDQ0NQT1BWVlZpaWl4eHg7gX89hYRBjYtGmJZKoZ9Mp6VQq6lRsK1Wu7htgYBZwb5dy8lf0M1f19Row8Fk0c5k2dZ33dtx4t+PZnqGhoaYmJiMuLenp6e3t7eA392F4d6N4uCY5eOrxcSo6ee47ez/mcz/oM//qtT9udvIyMjZ2dnC7u3F8O/L8vHX9fTty9z/wN//yuT/2Ovp6eno+fj+6vT+/v7///8AAAAAAAAAAAAAAAAAAAAAAAAAAAAAAAAAAAAAAAAAAAAAAAAAAAAAAAAAAAAAAAAAAAAAAAAAAAAAAAAAAAAAAAAAAAAAAAAAAAAAAAAAAAAAAAAAAAAAAAAAAAAAAAAAAAAAAAAAAAAAAAAAAAAAAAAAAAAAAAAAAAAAAAAAAAAAAAAAAAAAAAAAAAAAAAAAAAAAAAAAAAAAAAAAAAAH/oAogoOEhYaGJYeHiYiLio+QkZKTlJWWl5iZmpucnZ6foIqMoZ6jpKeoqaqrrKWtr7CxorK0tbappre6u7ynibmSwL3DxMGjKSgpyCXCs8WhzaTRqiXKMjM0Nzc/QEA/NzQyz+Mo0+SCKdg2P0FHSe/w8Ufgq6bm5/iF6TZA7fH/AN8doREqhQwaNrZ1AwIuhqB7+YqlSHjEXcCLAW0gw6QMIbuKGI8AkbHxE8RaJy8p42cRo0uAAyMxUjZjXcuX/zTeSlmJp6YYLHEKhVny0EEb/oZenOer3q4ZN24qnWrDUAqEQKROvUgwYq+JSbeKBbLxalStYpfK8OnKkbSf/lHTyk1yZIaMuHOV3ijq1W0ooGjzCh68lG/fVWAJK16MsethVjSCMJ5M+Z0Nto+DoZCRtbLnxTcwZ45kI/Dn01tv9BwtScYP1LAFX+4r+lHk2LjlzmbdyUbu31uPxIAYzWftTiluAF8+9IfhYscPpQDCvLrLurw3JbfOPWPTXsJSvO5O/t3e7JiqjS/f/fzO74q2s+cexDH6S8rnA68oUuez6KTpB9sRQXxjgw3hqPDQfZjQYJqAcxF4gw12KVMOg53I8CCEU4kEjjLLQEPOSeJxmJeEGm0EYCcrhuKbiWJJSBJ6Lba2IYz/BHHDDLzwVCNH1E1GYG7z0PAchqy8/sjYNzcSFoR/r/xIiZSCxNCkUkdQhJpIRl6IpCai5adYEDKUdtoRPhBE5ZfBOLiYc0pWhiaPbOoiH2F7xUlZfUfW6eUqMyg2z0SfZdmnnyZFsp5gqplJ2RE/iJPZmgVd+dJebj7aFaWPSMmpJWLm5UM6lk51g0OIflXqUgytKlR9xOTyaXqX6CngSKkWI5mJ7uXao4YcxuTrMCXYWl4QdIKZj3GppLCrfmQNWwywAvIZ5YixGFveoDJ5RSVbwKTgA47CStutLym4uh+UyjpTCKezTiIDjvE4Z24todILBKqxYhgkvfAEwe+U92aSLsA5Hlpwp5XEgDBA0S6sirYA/u8V77mx1Jjvw+ahpFm/kPzLMTzlSgzKwSP/c4TCllzcyCXRUZtyPL1i6DIKi84skH3LPpOpzvEEwbLJkTgLtHdEb0KxzsIlbbC6ONYMH4ZLHy2p05QYfTRGQl9LyM2dzAA1vSVjDUnOgx2BxBFGrG2E2m8j8XbcccNt99py3z033nXT3bYPJ4xAguCED1744YMn/l4rKBOGRAsWKDDB5JRXbvnlmGc++QOaU57AAaCHLvropB/AQAQgRIRZsYyxIAAAsMcu++y012777bjnrjsDIyB652BGKKD78MQXbzzuHSyO7tgAGTHB8dBHL/3sAnywGsPUTCk2Yy0MEPvr/rKDD7v40+dOfvkANEACLJTmQoOQL1gg//z012+/8OgjUH8FCPSPgAIAnAAAFYCA89HuACJI1ca44zr0UeAfRoABD3rQAyOojActeN7teLcisD2iRPNhAfoAUIG09IAF3qudA9bnp8aV5wUpnN4F5HKECxgQABJ42X2spB8eIKB8AnhBPJAwxCQggYhHLIISi0CEHazgfALYQKrmpZ8j4E96A+gBEojAxSEMYQc70IEYdYCDMprRjDkQAgVmZ4DU2YJT7xNQC8pnAbWR8Yx4zGMZc1CEJLyAfBHIVdWYEzzpIYAH70DCDvTISBzkgAjvMMIaYYfAXMVRQDC4oe5Y/jDERTYSj5AUyAVgFwApOuUWCyTPEbpnPAFYwIL/GMInzUgEIsJjjgHQgK9+V8UX/HB4AmABLP+xxVnuACAtIIApU5WIVLIHBhrEHQJa8BIiNPKYAKlB8qQ1yO70YAW/pN0ALIBInBQhB3ncgS1z4kHsTSIll4TREXoQPwpQYAIUsEALeGCpIuBRnQEZiGgY0U5LxBNgFlSbXIpwR4AGRGgFZd9mtpYWJIhxnQCpCo0q4UKKDuWIGCFLRGXRUY/mJWL3AqFJBTOqdkFipIro5kpZlSzlZeygMx2KD65GtJLm9FK0WQXafnodlpHgYsqIQQqUaqGJEXUqPB3ECETw/gENRMABHmhFDG4QliToKKqhkNlTgSrVDkigAQX43jYJxlG8XERqoBjqWAESBEGIIAMMCMABE9gsueaopqDA6VxhYoIIGECTEWDhKVSKE2Qt9lmDbd4LDJA7Xb5UEzIlGWA9kdmZ8qACmoxdALLqC7EO5QjiaIZPtBZZePhyeAdwY6IE4cyXxKRFnaUoK4e3gN594gQ5TAZkg6PRli1iOq2tYQx154DVMMNL+6CBCyxQpcHAVROCzakRbGg8CKggBSpQUFkshAzylncGP7iJEQSR3a0AgUfHqUZtPdpA44WAIT/gRn7zu439+je/IosHewV13Uts76m7LZ4AqMkY/kEEajHW4sR8gQZD6C14MuVwGGNEMiNNmNajPbhiKxm8mHL4dDBA6FImJjyyI1hgepxscDJYLBcg2GBGKaHiShMMvRnKeDPMwwmkdEJQSDB2ayGmY5D/QQgaCyYIT5oBy3K7rSMqNAlGEGH5KjBMl1RQKIOoxnC3pCMplzfMYkZoD2BwAQtMwH8F8F9oiaeAHuAEBhawM04K8WHcEMhANJgBNsY8nwheQAECmPMIBwADl2R5ABToMkYM0efWTgUJMGDBBBQ9QtkJ8SI9AC0AIg1mQ/zM0lvBczg7TbxXBuQFVyT1ng9xalTjpAcWWC6riYcAPcPj0bKbgKQvYpsl/s/UCC1Y9a6N12h4hPp8vS61Impt63/wYJLLjp6sYaDs2DX7JZGQAaGrze1sT28APMhyt2PnY3CHO8C2XuW6zV08Coj6dtF2d9GcfOwL6Jre2RbABYYNkEo4ytLb5TTAp4eAFxC84JUQN8JfvHCAU+Dbs+bowZ9qBAsovOLHc6WvpW0J14w14SDP9jRXtYkZjHtrLfh4yol3AA+ACLw3t8ZZBKwdpMy03DNndRu/9sGDIIRnBvM5RZ0X9F3nUhfMuIpfEUbxprM6lyfgxVJpkN6UweDfVi9fADIA00Hc5eUCMkIFwh5wCCj2K2VKr7E983W2m3sB1nPXnxiXjZ0Xa3rtdjd3ATIwgrIT3Rp9b8fc5VL3wNP7ABt4O7H0sdSjaIMd/YAylBcvj1E6HuABYMAGBHeYsiTj9DOuTA/m/fldGyACHig8enipmBe0fuYBWEAENNCBD4zAt6D4FL+VAvjbBz0ABjhAAwIBACH5BAUEAEIALK8AkQC0AJ0AhgAAAAwaGhgYGBMrKhk2NSYmJjc3Nx1APx5BQCFJSCRQTypcWi1kYjJqaTJxbzh5eEdHR1dXV2hoaHh4eDuBfz2FhEGNi0aZl1COjE6qp1GqqFGxrla8uW2BgFnBv1zJxl7QzV/X1GDRzmTZ1nfd23Hi34aGhpmZmbmRpaWlpaS5uLi4uIDf3YXh3o3j4Jnl46fp57jt7P+Yy/+gz/+n0/6428jIyNfX18Lv7sXw78vy8dj19P/G4v7Y6+jo6Oj5+P/q9P7+/v///wAAAAAAAAAAAAAAAAAAAAAAAAAAAAAAAAAAAAAAAAAAAAAAAAAAAAAAAAAAAAAAAAAAAAAAAAAAAAAAAAAAAAAAAAAAAAAAAAAAAAAAAAAAAAAAAAAAAAAAAAAAAAAAAAAAAAAAAAAAAAAAAAAAAAAAAAAAAAAAAAAAAAAAAAAAAAAAAAAAAAAAAAAAAAAAAAAAAAAAAAAAAAAAAAAAAAAAAAAAAAAAAAAAAAAAAAAAAAAAAAAAAAf+gCOCg4SFhoeIiYqLjI2NIZCOkpOUlYchlpmam4UkniSci5CYmKGmp6iCpaKOLC8xOjuxOjEtm6uCrjC7uy0kkanBg7jCxSMtMTs/QczNzD8xoJSrJK/Ky84/Oy/SxsbE3pOYnq8/2M7ozDq2kp4sMDnn6c3Q3Yzg37fhhuPW8//0XrByhWMHQIA57O1b6AhEqH7xDkoMsoNFonc45E1Mp+MXQ0L4PoYigczgxok4PJYiAU/jyXkxLIUUSXMQS2UvT7KrFjHnxB/sagqVhAsTMpc+AeJoAQNp0n8xhz7cRzKG06fzzGF9+UMhP6lgR7zIsbWs2X9dGc5kNWItqmr+Oq6enZs0qFC3NEm40EG379wfAsMKNorDr+GzFmUKNhWCpdzDkA+mXSz1hcnImHPqoMyYEgmrmUO/DJwIrzDTphO1uCy6NcCOnD82buq6NtoWqTPlVvvZtu90MHaHFY6IBN/fyIPA8IgIdWxRq5P/BhyO+MIXj6X71RZNqEOw2LWH1oYDhguvz1OtapFdPNYd5X21tZ6+Env3hnfA4Ma8/kcSrOG3FXfyifMVSP41EoOAZu1QS4JhvcAgVtBwcw+E3wA4oU8/wGALfWydAqImJBS24UnboIehUDCcuJEOpK0oGAvt5VTjVjosJ6OInJDV1w89QZbijhded+NE2yz+CFmHKg4mFV7HzZVSeIftYNeTRA7SIl3L0XhYh1nGhkmUZVE3Apl0raMbJyMeSBOVZQa25Y/dhfmciWWy4+WPFtpZyVogknBkVgKNuV2MfropkoRxDgLnWVYO9V2ihyi5VXeNBVhWRZQ+J+im3cwJaWKderMbo1uRpuFcOzQJVpvBpCZqUjsQMuuALABTKmVo+qTqoABBAwOpik6zEKxvAdtMq22NcOtZQPZZH16rIFvJnk/FBJeyKNa5q1CoPvWCZdxyqOO3ND17kjblUnhurOgaYqmLr10Z7yOUzEsvWt7i60hI1lqr4L4vuqoPupoSPE+k6ApMSMIKpwPmvcH+QBwxOhMfTPEIFl+MDqIba+KjxxJlHLIm+pKMFshs7pqyylnZO9wpkyK4iLowo4ODIg47bAxtOUsU1cn2Bb0Ry0Qv8qnRksmcdCJLMw0QsxqX2qvU6PT7tCI4Y80M0s1V63PNi3otmQuDlECI2m2pjQnbI8DdmVQkQOaDDXjnrffefPft9998q6BBBhlskIEGGhhOuOGMK7644htwRtyqfaUAgQECFJD55poX0DnnAoD++eijgy565gMEoPrqAqzu+uuwDxA5pS9vZYMBAOSu++689+7778AHL/zwADAgQk1upRbuWSkIQPzz0Ecv/e4EfFAahtieZUMB03fv/ff+AChAdpbG/WiC5gCEnn4AzreefvvOq+48+LrD//77AeQeevv5Bx/ABZ0qX1+AsIIUGPCACExgAk+AO/pJQIEQXKAE5uc7BHiAUiG4D358EAH6AWAFTyFgA3uHAOtRanna4aAHQYiVFXCvd8ZLT25qlxwJePAGQQBCM3QIhB76sIc94EEPgliDGqCAgrp7AJZC0bHfmKB/3jOAD4LIAx4UsYg0mEEWZcDFLnaRBj2YAO/+F8B2HeYGL/TeBHpYAy+68Y1f1CEad5eA8REpBCw4kQ29JwAbMAMIbYSjIGfQA2b4YI8ACIAFSoVC92xPjfIIpCC9OAMeOOMEuluAHfP+UaRhcM1FJ4Ai9CCAQ3TwYJJetKQzUpA7AnBAPUKhoXaAYAIkDg8CfpxHD2YwyUqmg5ULeKViOCNL8aQgjcKLQCn/sUtBqhIdKmjAJi9xvbBcjUErgIDwBDABH0wECDR4Yw10CJxphkmA+/KBCTA3xgJEYAXk/GY4uzjOrKDtXyu65obudgITTMAEJkjBMl8CSC7SIJ7oaJXP8BkMfZptHoA86MruRbmHngShOhPJQg/hUIu+JCUbK6ZHSwaDZlFMpCP9hw7ueSyahKBrKQUIsTbmgpgmZWiwHEzdbJoTqhlIRlHj6U/ANrNQjEyoE8lB0mCK1GWhZ6MurWlTNxL+HFYc75xmfChOC/EBD2TAAg1YQAbm1jJGoLSpO2CpID6QgQcoYAC6C8BYsxSCRk41HS8ohQcqoABRtlKY8CoGCCp6V5iMwAMPIADwpOknpjYVCDjAAFyDt8iFmNMS2SusM2wQAb/2bgBz9dNZbXpM4rlyRcRYSVaNdgJbAi8BJpxKTRyb0gm4FngLGAZUvUFYpP5AjNFrQAnU5glBkKAEoEiucaVhsJ968l92jSktPSu8DuggB9jNbnavq13tbkYVryrRXVsrvQCcYCtE2Ud0kLqC2wrPvOiNzaNSeoMRSu+8WEnPaHOmQu+ZIL6S601Mm/e9CQA4Nui0aH3BJ4H+A2tUaatFzg/ICYRlVNgE9IuANydyA4waax+YoC1+gOCDG6xgAhKAgOdW7Dn3Qs8AA4XoCiQQYwgdlV4+ODHmqOvB+uUSLbWEwIabAWISRfgwBDQBBFzcY97hdx432KOG0YEK68zkpS6aMZOb3DsJuAQIKRjhlJ0BXk1AtbfasYEEJsvlF8dYnUgUMpWbQxkRh8YHJ0Bmm6GXAmfcoLO8K0CNMYRm39hAm3vuHgSwsQL77o6FRF6RnSHjwkTz0QZwBt4ayYyhDB7ZJ2DWs6WjFwFAA68AQw6CmU1l3Bd0FDM+sO2oZw0AL3OamoUYxSd2zZhxVCMj0ok1j2lNvwL+nMDDRGFJDq7xAx3QwjygGEWZUwsMkrwiLuI5JLEtjct5TKIFDiVPDPbDn13vugXjggdONojIbTc5ADT+hyTmWzJt7ODe9maXVjb0Awy7m8vGvooj6J1SIITy300mgAbMzfBGaJC9okZ49whwQfCu4rI2ubFNfYBoidNPkaFowVR/6/F3VxZlU21vyU2O8eI00Wz9XXmTGxDbZH+aXiqXOZcVMLtkNzXmOm/yAB5Qc5t1oqk5D3qbEXCBlo8gqAUHrtL3HACmf+CyCabvlqcOPgI4gBGThhkruU5r6NycQUDoINln3Yiwe8wHEV97k03aHBJo3GxJl/ue6UwIFrx7PGdP1Lul24Gnh6pd8HvHp6uns+8fdRzxXOb7IUjSkvE4yBd3L8uCId/mTVTDKo0vE3ekNYL9buR2nO+8KXSBg1iYQx6wf/29czBu+RBDwH2pdOrnLgxPuOAF5Cb3uIA/Ll/0JxGmnwiBd9/j6oxC2s+X9sD8cnDmezAQACH5BAUEAEAALLkAfwCUAMMAhgAAAAsZGRgYGA8hIBMqKhYzMiYnJzAtLjY1NSFIRyVQTylaWS5mZDFqaTd4dkVFRVNTU19+fmpqanl5eTuBf0aHhkKQjkebmUyopVGvrVe+u3i5t1jAvV3Kx1/X1GTZ1nfd24mJiZmZmaamprGur7m5uYDf3YXh3ozi4Jjl46bp57jt7MWfsv+ZzP+gz/+n0/+428rKysvR0dfX18Hv7sXw78vy8dHw79j19P7J5P7Y6+jo6On5+f/g7//p9P7+/v///wAAAAAAAAAAAAAAAAAAAAAAAAAAAAAAAAAAAAAAAAAAAAAAAAAAAAAAAAAAAAAAAAAAAAAAAAAAAAAAAAAAAAAAAAAAAAAAAAAAAAAAAAAAAAAAAAAAAAAAAAAAAAAAAAAAAAAAAAAAAAAAAAAAAAAAAAAAAAAAAAAAAAAAAAAAAAAAAAAAAAAAAAAAAAAAAAAAAAAAAAAAAAAAAAAAAAAAAAAAAAAAAAAAAAAAAAAAAAAAAAAAAAAAAAAAAAf+gB+Cg4SFhoeIiYqLgh6Oj4yMkJGUlZaXmJmCICkqnikpIJkonZ8nHx6aqqusrSYrODw/sz88ODUolJyxs7I8tiqtwpepw5UqsrTKtCqiiig3y9I2p8bW16oq0ts/Nc6HKMnctDy52Ofoisjj0iuHHig47Ms43+n36NrzyzzBhPDy9imjga/gNRD6BCqrRyicwmXmiBmcSGjdQ2UpBp0IeHEWQYogMaUQ1/GHuw8mOJbkYS+ky0QjSy78AELlShMvcyIyQVJmvRoyIeq0VAxbzaALbSBVVg1d0aGJQNBYSnVbRKgvLVbdyhIrxac8t4r9wdArSA8goo3detIsyBX+a7k2tfa0UN2cDuNSbYvv7tCjepfeaOkWX8LAPgkXdgqiJ+KHZRcbhPu4ZGTJEi3lrQwZJ+bJnC/y8PwZH4jQD8uVBo1aoL/V90633sd3tV9hlGePuwG7YOOqjldepdtb0OGgv6j2K45P6VIezpd6Y+7URNUaNm+Wvo3t+MoVwS++bsUdNmCkK6IHvUy8uIewSPtlF52RerrcQWlolfnRPlFdaiGXwlRLDeefMb8hhcNGS9mg2IGteNeRCilQVZ9tBgEV3wn4WfYghKyEp5CD6pU0XmYgGgJfUKGIuA8Pc1VSHogxIQcCCoKl2F2DIHTY0YVQzYiiJSVO+EGAK33+qKMm8z2Ui4vz8LakMSdAyc5osgV14pSoZAKPleM4iCNSBnKpiYQPuYOmQKOZKcyarn1AoEyDudmKj6llhGRHtdmZSZGpiQImN326JeRBgCpUT4IypXConzs1KRAONA0qTTmPQmrXeSXZ8EGVyJXZiKaJvGdpOx/UaBlpX2H2JVIqwKOgkqpkWthmJTla4Xq0LmYrMbjS54GqHUlJKrBL6XqqMg5i8qtkfg0bXy5wzkPpscTsKhOMqS5LS53YyqjtSqcQK1oNNNRQwwoqmADCN8+2aoy0yOFk7nO11KACCr2aSe+25XoLmX796vgvuQc/hkMzx766LU7BKrxCwf7+OXyTqbr1QzF1EStUTo+6kbPlkqAGZYPAY+HiJqMhi6Uxlyy3LBY1sM2IlqQyKygqdSAkmvNzQOoUryAa/rzWciniabRyQVPngdJLP7czbNVG7dPUpd1rNVX1DJ2TxVuLVaizIMUcdlUjr8bp2cBhLdmebFPVLCIbTwR13OPIoHcMMcjQt94bZCD44IRzIDgHZlW9jAwiTCDB45BHLvnklFdu+eQQHHAAApwjsPnmBRAg+uikExB6Ax14Ne4+M0AgAACwxy777LTXbvvtuOee+wAYeFWyQCPoLvzwxBeP+wKpQ2X2OCIY7/zz0NOOvFc4LxMDAtFnr73uAVigidf+iNwtTQwQlG/++ein/8Dr2j+Q/vvpIxDA7Qkkj5XiyvCww/789++//zE4wPZK8L8CFnAEAqzd9LySJc7MAHvZC4AMkEKCBM6OAW5Znl528ADtCWAG7PCBCEXYAx/o4IQ6yAELDEA7CmTQZ0eTgPYQMAMRojCFOcgBDHYIgxf40AUuaIEQW6CD5smOd4XBX1VEwD7oTeAHPuhhEIdIxSpSUQc/4KDs6leY1T1mBhZ0ngBKMAsdvMCKaKRiDmhhRAAE4AKFkVVrJhA9COyAFlFMIxphoIwSzA8AC5CMFx+jRecZIAbLyKMehwgDHygjBq/j4mKUuJUShFF4AhBBcHL+MMU0NtJ6AliABjBTPb3EoIPDM8AI2JEDPb7AkYurgP0UAT5nrQ01MoCA8BBAxnmY0YouwKI0blDLdDRQNzsIwQH+SDsDSACEAunBGYcYTEKB71eZOmbIYhACCTygcwiAQAh6+RBFtmCN3EibV8ZkNB7MYAYyeOcdZZJHdFrzMx3Dm0BMCEtusMct7NSnXnjgKMwEVKBxGRtWBonQrcxtMQdtqMtOUExsrEiiY4mVZLSJ0aooVGga7CivKnqNUor0Iqxyi/hOKp5rVJSSLGVHf24VU65g5pY1LUnd3oGNleZ0Hk3zCkx/uoyPfi2fRN3HQwXRAQ1kwHs6mVNSReP+jA5gwAEKIADs/nGWoU6VoByggAKYuVWdhHSq3JhBBQpgO6j4FK2zQCDusGGri8L1UuQja+2wUrS7JnIELNQdViLq1x8wcXhYOStReTCBJgrWS0MyxFtZuoPGFm8ijuApQ5MaAucxEG5JPWzxBIAIklZCqlMlgWOJZ5bNxvSBzwuAWeyaUx7IEHpmwWlMRfs8t/Q1p7CNnlu8+jMeiNC4yO1s9tyita3pbwYkcNwDDmCA6lp3tZ7NLco4s4MSTGB9et3e7PpiCZPOhgclCMH6xCu8wsAwZCWQAHbZe7skWm0G8qXvZb+HDdeiZgciCKx+WWsI016CsLM55YCzywr+kir2MZZcMIMZKDMfBFjCE6ZeyBg7XwznbjHmFUtlPdzbwoAWMTu4LYmNt5jJUiXFKy5xbl2MlMp2OMZzLQyNg8JbHBOYuaEpwY19XF9KGDgRxH1IIYm8Xxnhw79VoSOTWWzfx6h2ylQGMop1ieUmJ87KQ+4y7RYD5aDAWMw//nJghIzmNKsuMIxts5tf8pQks2MGYZZz7CYZGBLoGbGFQa1YuPznD+t4gwIudJHNEg+9sFnROYaKCVRw4qqEILyQlt3XaJIC8FSG0Jne6yCOHJUB8aIySw71mCnCCRucOjTBVfWqnSIIFKyg0pWRwSVlXdZ0pOC9nClBonnd63PE7EdmI8izotNh57G0kdh7PkdzQ9ZjaKMD2K2pNrGlvd24PBvaADjHjh+jbV4bJcShEQGmZY2N30Xt0eAON12sEzZhx7vYwvDACc4Wa3BHwlYP1g0q433us6nY3zsKW7lVfQ6ktkwGyv4zOgT9Mx8M3Nrn0K3MlIvwc7ibTd0eRwzWnel7mADYv6BBCl4RmB2A2txPvoFjeHCDFfBrEOMGHsHJ2+kV0IAGK1g5YXLOOghue1SYvQ3R9/Fthh8aMTO4uKoDAQAh+QQFBABUACzWAHIA6wDwAAAH/oAtgoOEhYaHiImKi4yNjo+QkZKTlJWWl5iULzs9nT08OpmimCqjpqeoqYQ6SFBTr7BQUDyqtba2pbe6kD2usL+wSDm7hLnExy3GyMuMPMDPsErDzNTVtcrWhDy+0M/S2cjY4OAvPErn5z07L5Mv3N3e7OPz9Lc5Ru+/s/KPPfD/SPjVG0jQko580AI+cvfv35EX4iBFTMSioMVTORB2UyJQ0Y6GDWnVm3ixJKEXSkD+UsjIn0p4Ik3uIilzkcuXr1gmUoEEJ7wdNYMWzOgTVo+OhVQcKQoNyjShUME5Y/qqhyIVN6lGQxq1664XS7VOiXloqlhYD72qJcbwLNlC/kTPwno7jubaYzc0FgWKKKXcV1D43r1oN1Xbs1BClf27dXChipkKJxuIkrFTREYY53TMOammsH85HqqsmW7nR5A5m/0bUFwOv38T35J8upqKvJrHInqtuXXt37xy6z4U969p4MgNkbas2NAOvUUvJ5++GzpT0WWt40QyibYo79QZFf+b9lBWt+HTExov9/iLnrFveAVPkP6jg5oDI1p+1qr6/9to9g1x2qkk3X/prSaXToUoqBWDCE7noFjHtZDZX4JFeIh9Fk1IlWyjwSaWEhqm915vXLWAX3slhneDiP0lch5VJLZYEIeH4BZbhifBSBWPuNREU2olPccYdoas/jhiijZ25iFT/h0CmlhANpkKjpa8cOFfTxVy2INMzvSdlV76SGOKH8m1A5aTkVmQkjGOBp9YRzjCppvMBCjXgYWkeVaYXd1Z24xUcYfInFpFSRiekvBHZXWIAcqoV3BqBUWKW2pV5aSDPenTcTksCBWRnO6HqKVdEpIpU3ySKSgqWLJXKKQUvloqI7Yu4ulLIHp5alE13nrar0wZ6lyB8LQq7F2yMrWmcsTiVOGyXe2qEoSCWAuQpNTOQ2qZGBIoVqvfXrMWNrmeYuRZwRYS7Us8pNttNVN+WKWfs87rWLM+ITnIl9Fxqy81tGn7j36GEIpTqgN35Wixh+DL1LQN/tckMavN/YvsRpLIW3ElJ8ZZyKo+XVrfx47osCfDF/uUMaPplruhLe/Cawi/KlHcHT0er7WuVv628PB2KN9Vs0pAGgxN0EULFepZxgqiQsu8QjRYz8iZiVOrODeEcNNdqSyyIEPbDLbDWlc9sliK8nz2IlTzyqPSz0Q9Ctb1yGxS2S+1/TOwAr9dD93PmDxI1/8MKLjTG3fzVtpe54C3LpMj58NZdRICeUPPLh7U1I0XLpDCOVfu+Sh8I61N6L/Ei5zpa5GuUuaCxA1S26e3WRDAJfPzNFW05z5zPUc39NQLYvmmCuw722j77YSwvlVhzAufiI4fypN64oFbP0j1/oNcjuogmyfbvffUvCA7SCJtb76QxTT9gg7myMLuIOu/z2lE4JvyQg49KJ9PjKAD9VnKaugjxw6KZyklSA8WDEsgMsohQOEUJYIS3MXfLJibl2VQFzdgIAepIp8PfkVPI+SgBxHRv4/loF4pFE4JbbM43sQwhRi8kvc2eMPcXKqFyekf4XpYshma8BQoJKIFDeeYct0JiLpDRBKVKBwoGPGImagUFX2IQCxiAnFbXBIUm/aiMKaQaV6MBAvcZ8YHtWiMWRJhG6GUxkvkb46JYlQKUmCSIeIRXnAchwcaoAAHhOAiPPwjY+Ilr0A6IgUbCAAAJlmAERQEe4oUzqbU/jOCCEhykgCo5GwiEbJMWlBnyQHBAkAJSgoU5I6mZNX5HAPJT7LyACggyPNiybYIocCTrJxkADxAEEzykov/CcEqgznJCKSABR/ggAnmIcdjFgWV2RDUBgzATFBKoAUgkGQD+GinVPjjCUUYgjrXyc52uvOd8IynPOc5hHSq055FyEe7mFE5FEjAlsEMQAMGygBKWtIaOkjCBRAggIYKgKEOhehDGypRilp0oheN6EUrKtGOavSjDo1oAmagjxw6RpXdBCUuUdAAUDrTGu/JAEBTStOa2vSmOLUpAobwC9x1hgMFqGkAOtACFhxgkgY4pDWckYCcOvWpUIVqAEga/gy1kMQE/7SpAwSBAm4CYAPZIAoGokrWspoVAAGogT5mWRIQFNSmBRDBIDjgAAcctBrwGUIFJGnLvoKSr8KcqVkDANiz/jUDwJjFaYCKUwp0UqkRIEADpkmN1TyhBjSogWY3y9nOZlazGBAsVAXQ2Rgg4LSoTS1Db5qAIjwDmyb5pWiZyQAUpIACC5iABz5JTGawUSUzmK1TE/AOdD4BClKYAnKVO4UnDCEGCRAuAp7wjOCpxa05HeogROCATwbgA9SApUpqIADDVoAqT5hBebtZAeoCA41CYWxOHUBOQex2khCo7zFsyJghrNesGBALDf7LygwgRHFRQcEEhMvM/rgKYgTTlIBBqSE+zTyhqYOdQXKnsGEpJPfDHpaCE0ZMYibAQLA0aMoKYWWKEbzVqfRtQQQKoIARdIAAAXAlalgYCS3KJQNnFcAQnBAEIQihyEFIchCAAIQg/AAIP4iylIOwhAoEc6fdWPFFUuABrzrVAAeQwAYIMEmw2jZ9JPuLfwGMXCZI+c1wjvMPnDAFGvQ1Bj+JxBgVzOBuDlO2wuxtNcBIFSCTFcuvcLOcF/2DJiS3CBgGQAVc243OyUQELY1qBOz7ya2OSRLV9EkRrCxVqsKCCVBm9JubEIuxAgABas1zTbZJ1qQKYgKTJMBdqXGDG+r1qQKIAUIUrWog/rD6FzEAQAJiLeuSpCCrUc3xID5QgACANRvi1coTLpBTAaS4G05QdaOfMYMK8JRzjkwEps26AP2eOawPLMoTMoAAm1aA2eBOdZwd/YwiUBrdjwBfB7wc7Q14gJwekAAF9MuMbMulBhiod0ArMIN//4PI+96wVnCQ7kL4s882hQB3G/CBEQQ1ACCAaQU1I4Ui1GAGMId5PX0SBSdLmd9nsTQ9QsAAkNdUlCjYwAKOOskOAHFq1qS5zYWwI4J0IKiGvbZ9QbmAXAYcdTBM+j+kYGSNj8ukleAQCijgc5vWlhC4Rit4qyE2rePEw0cC+zFCkGnDDrMQCwaABBiODIe7/h1F8xi4TQNwAJBv2uMd6ABl0xfvv5/FCOP4+OA38EubGmDX9dil4znoOmso86YHUOoIlplSHRdk5Zu3zCZ1kQL50jQADrC6IEAAdWYegO/zMGbqb8jEZUi+pgTYAN8jyczvXsTvu09eNT5v0wOAICLPDujeL4L65KOHGa5PaQAisPhDoMABrIyA7IvZeOtvja2W+D1NCyB8Rtz2AAdYeEmQb/6i2E0XKDV7yn9T/fozRcvxkwkbUHvaJwHjxxkqQGj+BzToJwnql1IFwAG4R0OkoHkLqCnEIAKkR1MLsH/A8QIVdoE+RAQnMIGjAEkE6GcGOB26J4LoNQQ0EAMY/vAAByBXtWACefdzHBAebeeCVCEFz1UBCGBLulYL2GV2SkUdfuSDUFADFiAAghVjqMACNzZ4Kxgev+WDsCAFNLBXNLWDqLACwAR8EqgevKOF8DAErvZ6NmgKR1hTDJCEI5EKFqiFRWBaoId5jZIDOaADflgCBKeCBxgeIYiG3fAEoYVTDbACmqADR+BAsiALSVAD9AaBHWCCydF//lcEFuBUF8ADoPgJn8ADogiKoTiKoIgP8NByFjBTDNCGerYWZ2iIr/BrTmVqhfMX6eVd3NciLUiLtniLRBQDARCBxKA34TAIS5h8nBhV33ZDUiADHlgbtEF/u/cEnTha+BZD/l/jNsSgibsHBYamjVR0fwgyi1o4YGQVAM9IRKtHHQpYf0MQaVGFiz1kjupRh+YHBWtIVvZ4QxzRccewjI6njmaFWFTUKxGSdcmHTvbETk5oWBjgXltHA/8YHe/YMTKRhbHkcjOQARWQAAQmTIYlaRYHDfMWAHiGGACYHBz5R5cFkiNZkt0kZP9QA6SGkONyReoRj3g0BDJJk07VjsAwAxIHABYgF/BFHT3odkZZdkI5SRjgda+AiACFAFRpfy2ij3NEXlH5VAiQBMAQjH+1jdfUIgSpRFJAjF+ZXc8IBUaZUgF2QHfBIQaUetjYljl1XlNQBDJFU4g2MTbCkEk3/o96eVOkRZYpdZEgoTz8VA0v+Ud2dpg2lQBHmVLBRpE4sZRYCI5zNI6USVYJQJQvgS3fg4XlZ0aQFprRZgEnaSBH0SQJ6H/BxZpOFQATYAM7sJu8yZvEAgU90JI3cgpNuXnJhYi2iVMFcHDfowLOORn/05s7kAMN+BtcGUs1cJnJGVAMoIclIZD4s4BSAJrb+VdXeDZ3uYnaWZ4MgIlhpyHWmElsWZ5/JX+CE5+K9ATruZ246Z764pmmlGz0yUoBcJ5FE5n9lQGaSRWrOaCs1ADeyRnIKAppRkQypZNiQZ4OagBE1TT4SRWGSVpyMQT7SZ+wF6HUkp5bJKCStqBM/qGhDopWFNB9rtISZvQEpIZWGEoVXhmjzGQAEwACgygsH1oUNXCVZukTOOqj2tcAGxAC/mklReoTGjqRZzGfTNpNBHAADkABHgACIjACISACZDqkJ2MYU/oSF1Z8SYoT+pmlN0VYAYBjOFYA02gK4JkIhdhDQyBa7XUW/QinOXV7ZJKmwDVbpOkTkymoTiV1TWKoIBGorPSn2laijGp7ZqqRn1MIe3pD9BhQifoSUiCpl1p8jvqoW/SmNGUBWYkTNVCqWjWhZ3oKkPoPJFpTIqoVDQqrDXanNqKiPdSjNGVglkKqsGptJlE9tQoPi0pTCUAEYjEDvMpM08coy9oN/liqfaGqEms2rZN0dpNyrdAAo8w0lbqao7y6AChqI+L6DCd2UwjwmjhhrHBag6UCrDfEoja1rSChr5faALAYriuaUxgQbwZ5qXZFHVjSrsDgr87qoi9xsHAafJlKOSbRqSmUra/Xpv0KlZQZAB3YLfgaQxJbUyv5ooJqAKfaCHmqCwz7C8JqU3Mpb+jqoAXgWA3zsrBQBJZ6ZeemqB4blfG3rreis7DwqTW1oyCRlyZaABIgpEUTanJBr8wEaz4hreVJABQApWcDoExRmzmVAD97MOpFny9Vl9mAjiPUp081miBBAz2rlys7HT2DPGG0pMBmATWgEWo4k6wZAHIo/iylQBK/M7BRJQAYQAP+NgQ1EANPGKPgKiz/owM74IfUmSSpyRRse1ZB25amVyr0AyNQoARHwAOSIwiFS0VM663KGbiLwhZT5A08wA6pS0U0wLo5BQHJKBM5IEfS4JOasau4q32CxiiJdDBGS26dy6ieNinAm0l4O7zF57qW0LKQgKCZVLLSCwATYL3VkLxVRLXTegBEqyHPy0s8u72BVioVan3a660TQLeUkLmKtJbLS5+xdyv0m5/iC6cP4ALJGoC6YIiry6sVQAQ+1RlYQoujNq1iq1zVmRy02JfZeKnmBhiwhSATTMH3+5Wu+QvWhScb3Fx/yaQBoKCJJXca/uJDvJRefpuc91ZppUK/s+C1woGTHRxtVtoNIUwmNjwF3HG8c/QEeAjDM2Advecm1wkNIrEDP5wbEBe3Z4UAGSCvzyCcEYK9weA7T4wYSoAEPoADJABtUSkAGTC2DZHAkeEV5wsYLzOyIxSJSPAJOPACdqw9LZACI7ABhWdYDxUDQxA6+4Qny+hThPkhsnAOc8wDlXu5j5ACICABB1BtTxUABnABNACxIKEsbuJHuAM6rHEEo6gDjpwJLGBjE+AADcAAC2AArvzKYMYAEUABILAC8ZmR2eRb2QacHaECWrzFUlM5KYACKDACIxCmY2rMvnw4jafGYtIhAqQEpqECD2mpXCpMDMqgxYP8Ri0QCAAh+QQFBABbACzsAHIA1QDwAIYAAAALGBgXFhcOIB8PISETKSgWMC8ZNzYgHh4oKCggOTk4ODgdQD8eQ0IiS0okUE8oWFcrYF8uZWQxa2k1cG43eXdUNkVEREROUU9IU1NYWFhJaGdlVl5qamp4eHg7gH49hYQ/kI5BjYtCkI5GmJZdiIdJoJ1RoJ5Np6VRrapRsa5VuLZshoVps7JwsrFYwb5dysdf0M1f19Rnzstg0c5k2dZ33dt54d6fZoOIiIiYmJiNray7n62np6ezqK24uLiA392F4d6M4uCY5eOv19a8xMSo6ee47ezbq8P/mMv/rdb/t9vIyMjG1tbZ2dnB7+7E8O/L8vHT6OjY9fT+zeb/1uvo6Ojp+fnx6Oz/6fP+/v7///8AAAAAAAAAAAAAAAAAAAAAAAAAAAAAAAAAAAAAAAAAAAAAAAAAAAAAAAAAAAAAAAAAAAAAAAAAAAAAAAAAAAAAAAAAAAAAAAAAAAAAAAAAAAAAAAAAAAAAAAAAAAAAAAAAAAAAAAAAAAAAAAAH/oA1goOEhYaHiImIMoqNjo+QkZKTlJWWl5iZmpucnZ6foKGio5KMpKeoqaqrrK2ur5Wmo7Kwtba3uIu5lKY2gr68vzU2xLvGqbSnMjZDT1dXWldTT0PAjstCR1PP0lBGQce1yeGVQVNa6OnpU0bWizZH0OrpV0fg5Piv445D8vPzUYAoAhLl378rQ/IpVNjPoMEp9wwBOedw3hUjuPYtJAfEX0V1UdzVWAbl40EhG1PiemLSIMZBjBq2BGlDo0pBNm9eCuJxZjRrywr6VPfSU06dyDIdGTrvCaEgTNVNEXkNKaGjSBkJjRoNpaAhXNMVtUr2k42tXKMMWho2mkBL/uOwluXYM+oQrW3RQaE6ty8lnnm1hKyBlusVr35vye20jGJejGzzTkk8icajxbVKBp4KNjBCyqAlGQmMrl3dqGpDZ0wFeLMNzXk/H8OsutDR0aSNCDnNNPVG2rUP2XDcdmrkvBGDMw7XOXY14mGd4lRuC7gk2G2h1DDC2+cVvqFkWKbeqnXbwzWgcz3Cyfoq9wuPh8W42zV5VfAxmQ87RSB2wwndR558XCUkBGnsJZafOJfIsN96w/wX1XcCbrKgKIVNWFNzbQVYYV/7yNThMBkypd2HrlzoiHpMJYhbceCh2NeLYX3nYHczeViWimXZgKNJV9xT4lAJticjLhK2/vhVYIMdOZ1fHHI12TA/fkShk5TF0FFswAzpk44pYmnhWbF5RSOEYkbCYygEMvUSEEySsmaaisgQZVQJ+sjlnEbSedmDvQ2SpHcx+pnScJIB0+ZQyV1maJ2rkHkeMGfa9eiOi84UpCAHPqbgIXzik2lLCDECZ17SXZpVpUOVSiWqqgZjC6tDvVllRb5BEqqjseLE3WOM6Hler7BYJwOtPtkam0q7+nVsYEcEe6tDVxCrE7IzGWHqtA9Zy+yoLWlbA1SSeauSl9nGtJmcv/XI4lB3bRfYieYqhOh5QiwDrklF1qvYIfWdB869bY3VIFz+KoJtS1O9ityT5DVbiif7/n6UWqd5FZpwLQSHlWDFFU1Zr8SYyHAqsB1ztRfJYrIsCMjUBmEntwb1+9t4hgo7qQwwOwSmVS7jg3FxDk+6MTnvwisvkxof3YqIbRGDbrZOX2XLa6RNdueEjX7CY9A6QT1fymk1bQjY/5IjaZk9OxStPlUXsvBMUYhtmMxxWwgXoFwZMTXdVeU9ytqSOUOabIKDeooNc8+0DWlaiJy4K3ZD7unkrPgSsOWQN4w5KTYAYcQRUTzD+ekGf94eM6Sf7vo6ZssqOONJv+7ZXWjrmqYQUNBsO1Opqq5JEIP+bvmmWObeiKltGx9V6sJPwrjvzgdqLtjmVO+859FX8qv2/r9fZNt7OTcPPpERs1sy4ee73iSkTmMWxN/t1/jWckfzXf/hiHUfif77c47/pEe/ALppgJLAmgE5V49cJEN5sDDfAt0WO4VAkBOVm2DZ/EWyLWkQcle4X8mocxTgyKKAH2xJriZxwffAYAUwCEUGUzgh6BkKBhVwAAMcQAKcaaIxNOQc93QisRU8AABIBEABVOCJxgXRJzbzEwoOkEQkOuAFndDZEw9XQfLQoAIBqCIAAkCCJm4RdahoISRWAIEwijECntDiGT3TxdpMUYxILMAKzDhHztlQQF90Ix5BIAMYUAACKcgE2foIozDBgo2CFGMAHICCCiDxAJnYGiNr/oQ3FKWAinhEIhkrcAA3GsCHpVDgJiEXxeWVBQYfiCQeJVADGkQgiSDAxNBWaR8BQTKUSVxiDWBAACRCIIauRIQEeWmR/innjsAUZQUEAYMCAIAAidwbM/2IDxXFQATFjCYSG7CCPdZABROYgDktscxt0sQouXiBBMSZxACgYAQNAMEKUlDMB8TAEnJ0Z41qYkcG0DOJErAMCiAAgSOOcZ2T0KRAo+JMv9AABOE8qAHWCYMJJLEB/6xE7SaarNDAoI0HxeVVICBKFFgCgCSFImg+mdIkPiCGKyDBCmhgACRS4BLtjKlg6gg/UNgkBhitqU3LGcYr4hMCEE3gSIVq/pIhWkUFKFUqACAwgQc0oKWakChVNUVQsoSgp1oFgAGw6FEk3lQTxTMMFuaKhSvUla5ztatd55oFLPQ1r3TdK2ABK1jB3nWwg7XrDGIQAxg0trGOdWxj1YgIQ8qypiIQBEsBMACXKpJ6DmFCDjRwgdKa9rSoLa0DUsva1rr2taZVwAFmS9va0hYCIAjpLVTggLQm8ZjD/CoAJrAJsTLFCRfwrXKXy9wA5LI6IkCrbwOQzRqQ4AEQwCJcOfcD5nr3uzVtADJf8YIIXFapE9BtITkR0Lb8QADgja98q+gA3bYiBcJd7gEkIIEUyICNBpimJpw4EytoYIz0vOx55/vd/gBkNhaYiMEIMqpcB6+gAgyoQFsHENVKoLDAOeiAiEdM4hKXmAPw/S4GSIwB8JLxFR1dsFIfMB6sJnGjn32iFRbQ4B6owwcpbu54V4FfF3tWEG11cFi3iIXkelcAPk6HFXRA5SrrIAce6IAGeJxg+6LiotYEL3EHAQNQvlUpW7zCgb2bACZ4xwpO0AGXgXkAL5PiBVn9Lo5HMsw2YnMTU91fDr67ACdwxQlrDiUEVgFNcTYAjActYyFg8IIhX2JzQXyvdzsQlixYocWhlPQpYEnhUAZAAjCQgSXFeWbdiWaOBmauAHxQBSrY+ta4znWukWABPK4VFeWVcR5FYIqT/kaTAEfGUB97EOS0agALVEiCtKdN7WpXWwlArmIAPqAMFBiUng6oriBUAEo8EreDgQ7gFTqg3DajI9rWjje1leBpULvV0p+AQVLFGYAJ4Nu6lzXAvz2B6S0iOq0J+EE6sgBveVub3ugYtBWZOIoVzJOeBHgwIlZdT1GPgsAGtAK7a7oAhc+DCkpw+LyzkA4fIGCrHfaECcodzXAfZQJuJMAI+EyKoGrPCjlIwEE14GaDNNzhEE8HExwAXFHEoAKlxuOpB14IGpCgAhUQ9+DSrcEr/EADC16ADqxQEYarPOnpcEILUOkJNh60ACNg+y5gymTRagADeMeAB3xghSod/p3aS2D5PKwqc5oDswEUD8+SY3qFLDQ+Kn9PwhIcQq98Q5rf/t6Iz0mK8mkH3m27UsEDhK3WEVAWEuwb61DMLnksMMEHVMYCPbqmCRJIN5oPSPxC2qv6mWQBCTjgwAISAF8MqKOVmLBsgitA9XDYoPdcscLXESDLHMCu7Q4VpwF6GDboD8UJPZizGAVQBHS8bxMkMHwoHaB7lWx+mz1wMjATIPsjEDURyuc3BZqfD66PlQka0GyhhAFPUFGYYGP0tH1zAVoTpQNCd1A/pQm+4AsnoH549AAxpxIe5H0HoQMCGE2ZRQsywAgjOBIkKAumMjpTsIJSYHcfKEr71xfG/qV6VuABpFdFLiAEQhAEO6iDPfiDPhiE8VARP9ABAmgApucXIDdRsaZUAdAE0GA63BAN3BCFVlglWOCAv5WBSPF+Z9SESiUAhlY97xUAzJcPtPFh7oQFI6dVCUB22tMDyeYXi9R7Nuhbb3g+qXN6l7CBHOiByrUAcKg9yJMYBdd7TPCAviWG7RM8c2EnHIgObNhcYwg+6OEsS8hLzOZdRXc+PwM0XphCTiB+yhVlLeEEDJgOyNeFkZiI3+UBLZGFGlCJbfEE92cMqad6m8hcGiB4DuEENpgAtBgd5EAbdThWOfCCNZWHDvEDoCaMpFF5qzEJdMd4ybhcAmBy85CF/oqYjbnBh5lwiNAncszFafMAjM0GZaTxiUQ0g1TFBKSoVIKoDj8gf1VkjviSGO5IVbuYVrMmiVoYSoWWF9IIMe4XRFgwiAxkj1rVAVjgBB0gbNbHSeCIZqLYAQmQA8NIGoDoWwWQAwwZSh2gkOjjLLm4P0xgbwvQA6l4jsoIXgLgARs5E7YoOzCBMJkQFB8Ej+PXATPJFVigiAyWADoge+txi87nf6/Dk6F0AZ2YF1jQWwwGABjwlK3CHhUpgS0ZGEw5fz5AGkHJYAGwAUQQBVAQBWaJlmj5LlcQBQb4iCcTQMh1UOqYF07wkr6VcY1gA9kQBVOAllBwBG9JhwsE/ob0VACmyBU9cIM1FW5qkpVGxSkLlAOMiUQIkJhM4QHylV3J0wj76Do/8HJuqI1DsWPy9QDa1SuZSBpz6VsLYJUtIXGbmZqqEoozIZu+pQEk+RE/IJTx5QBcGA4uAw/74wS+mVYesJsG0ZUMdgBapwwKYZsmoZnfNZImIWdTWUUEkFsfchQs0T6uCF5iZwVGSQ/omJ2SBFUQBhrHaDvUKV8L4AE68AP0+QMecJzoiUQEUAG0iSVKaZfxmJ8CGkoHoE9iYgPfCT46UJkDmp8HQAEkYGcGqRrSaRCT2KAYmmD7pVMxwAgxMB40IHdzQZzg0wT4maEoqm0BYAAOIAET/sBfEhAB/Emh5+MDKXqjvuUAIqo3rFCh/4CbOBqk0RQAO6c4uEADtOGj6mAFISmkTppEB8B/gcOjLDQIJFo9TiCaT7qlouRxoKGkSsegXCqgNBYcYIoONjqmW/pnZgo+QKqmN+pcynGlzvOecIqjEbCjkakKZ5oFiXanKSpeasKK1XMF9gaoGXoAwZkYZ6oFTYqo6HkA7VcbdGo8jwqpDIZ4FXKmWHComJqdGFgb+9Cnl/qp3tVvUtpNk9Conmqq4HUAXnoflWo76+aq8nVqewSZp9Cob2qraRUADzCHKNKoPeCryxUAEIACqfpD4dCoTCCmthoABPCgKmAZuqoK/rNqO1ZwosZaRQaAW5OaJo1qBRzQrfxmAsTSqFqgA+Y6pP05qMqhrprWrnhUX63AJ6GSoFhaqsZKSL3Snq7Tq+ZKXTsiCrxnO+FJr1a0rCiyDPvzp/QaAqxwrRDjIPuTbQpLTn2ysa5QjadjqAoLAAJGLORSP/Nqrr9mLSXbPlhgp74qp9aig1t5aNwKqSDlLfWwQAtqrAQQrpeiQeQYrR9AsbnwQa1pqhswAxOrEymUsJCKAU4wmI9CQxiLqBdgaPa3C1iRO0HUkXc6kF2hE3r6CUF0BV47pk6pDgWZCERbVJTwRGaLlylalRYhQlpLPoZwRj5QsxgaANb5D6vo/idz9AMBmqFEWZ6Dh5Tk0UcQKbfZ6ZMmIS7w6mpIwUhZyK/zlZGIS0Ft+wqrBIxaip4C0AGwSS12O7XqMLOucwVM4AGOu4gZ8AObaxLsSCep+z1nJFoL8LoJlgAY8AO+SCRl9bPpsBfiSENW0AMdMHzKRQAOwAKlSyjKAR9E8RWqGz5NsAMsMAENUEoLFgAFwHQgkAIxcLw+QXuqegrpEBKmQBA0tIJRcARGMARBEAQ3cL/DtAIogAIkgAImwL/9278wZF9qOA+B60iwgA6fIQvZGj7SEL/zCwTEUAxPsiC7FBWEZ7taAD1xZRjc8JfyOwRCIMGRkopX8rNZWwgzLjQUUxCYRqAbQeALJQgLqykWsdIOyQCwNCnDPJcLF6wk/lLDqXu6u6DDIRMrgQAAIfkEBQQAUwAs7AB3ANEA5wCGAAAABxAPChYVFxcXDiAfDyEhEikoGjo5JycnODg4HUA/HkJBIkpJKVlYLGBfLmRjMWxqM3FvN3l3WztLSEhIT1FQWFhYQG5tZWVlbXR0dnZ2O4B+PYaEQYyKQpCORpiWVoKBUpuZSqGeTaimT7CtUK6sUbGuVbm2ZIiHaLe1WcG+XMnGX9fUYNHPZNnWd93beuDdhYWFlpaWnampqJ6jp6entLS0gN/dkNzaheHejOLgl+XjucLCuNvbp+nnue3swaWz1qm//5nM/qrUxsbGz9LS1tbWwu7txPDvy/Lx2PX069fh/8rk/9Pp6Ojo6fn5/+Dv/+fz/v7+////AAAAAAAAAAAAAAAAAAAAAAAAAAAAAAAAAAAAAAAAAAAAAAAAAAAAAAAAAAAAAAAAAAAAAAAAAAAAAAAAAAAAAAAAAAAAAAAAAAAAAAAAAAAAAAAAAAAAAAAAAAAAAAAAAAAAAAAAAAAAAAAAAAAAAAAAAAAAAAAAAAAAAAAAAAAAAAAAB/6ALoKDhIWGh4iJiouMjYUsjpGSk5SVlpeYmZqbnJ2XkJ6hoqMuoKSapqedqaqtrq+wsa8srLK2t7ibtY+CLZy7s7nCiL6nL8fHlZDIyMPOz5LAh5A3P0pST9lJPzkvkS8+SdnZSkc73pnS0Ouv4E9S8PHxSTuNO0ny+Uo+6Oz+/4leHHmXL98Tfop8ECwoL8kNaeoASmz1Ah9Dhj8S/Vh4cV6/iSAxRWTE4sWPjgyf1DO0gyNKeEduFQsZaSQpHS9TfnTx4lrOfCufjZxJ05XFn/EOFvKBNF+SolBlvXCJVMnHo03hBY2ayCbXRDuyAgXVU+y8r568/mNqFl6SF/6QclBF+kQH2rueTrbVSqvlXikxKRGlqbao3r0ZWfjd+yQH3seZ2P6FK/evFB+2Ct/SvGlwIh1zm2KuaPktZ8iqWJ1GVDJ0VW+H26qctBp1LHWSZT+s/Dex7d+NyvYWFNvsE7jQagNvlNusEkG899pdTn3a1L+NISGxnLG696WWfcS1/Py7eReL28YsidXszvPAhbe1Kqi52K0hlXu2tB8WC/tNHVdKdGZ1B191oDG20gvb7fWULf0dqMt1e4lXSnFZCRiKchJm0l5W3SmGnWMdLodhUz+gQ2CG+PFiHoe5AIjUW4LIZxZmJQKX4Hz9fChajsDdgB06LPiI1A8w+v6T5EQUGnfDIA2qtySQlURYU5NiachClGYdMSWVgnxZSlcvYPekIFyKhSSYkK0Y4JkupJkVEmIWMlhtdaIVFmPIuWDkT2umQ52Vzsj4k1XL+NQWEhLl+duJMyK3Y1s4srnhK4oWiI6hP1UqDKGWHnKDazkFCulPdTka6imc5mThqGZWV6eqk/z50w6QtPpSeaHSGkp6TpaUaYGronXqTw8e22mxXLkJomKk5vQEnL+BildJR1imkrNZ8ToNs+zsaaatSHkKrjAQ2dhWEtlahk2fouB5bo3tausuPEi8J1grHPraiq730oXrvBMpFHDAR+jrirX/+HsIsAf/NTDB//7AGrG7D1JMima+5DDsxcZNp/EkDFPCLcg/oiKhwyx9jPKcCo98C8QvZ0iizOi6U/Nf5uJ8i0k7/5Wvz8LkQG7QHU0bEcu//GYw0sa12EnJFAsEtWw9Ez2mKjRfLW3WQkElJgs51Os1iDEDyTRrPPng8tkoPZHY2jK/cA/cN2pN0Qs6hBMt3gUppTcpdm8EuGxSb63M4lTqYM3hDt48OCcvGP035BelODkhylUuDuZYw8sV3U2bdDnoBSkh+aprd436SwelvbkkOr+eVRIiz54JabYHeI7iulsyae+wax68Jq4TL88TR1B7/CVPK98REjrIXhTV7NQuPUPmAP+8Jf7Jbw82fKQrEv72synpHTAnb5/UQ6iVv/vb7jtlPbMqcADBAxxgf4iy9YuHgWSmggYEAAAACMAD/EcIgAUQG7lr2m9MsAAEWrABDKzR6R5IH8LIogUdKIAFEWiAEmDCbA90FcVU8IADjjAAEsDE+VK4vNV1hRQZpERERlDBESLwACrABP1oyBDTFGsFHDCADxEYAA+4YAUe8AD2okdEaU3MTiVioQuXWIAPrMCAAuAA7eRURZQkTH2wKMEBlmjBAkiAAQ0QAAIbIInhlRF2OqAFlVqQRDZaMIYmUCIABPABSQDwjvJIkfxwoUU//nAFLhiBHAFAx29sEJFKy5EaHf6JQEIK4gMHNMAJJOFARMZjfN7xgCA52YBRPhECB4ihJI5mSnl0ED4rgMAkOWmAEUggAqMcwQEM4ERHYKmWObFhdUrAAE5aMAARcEEJIMCANyJwAY4QETJTZh5VOtOCB4DkJ9c4x0gccpvw8BZ1crlFZwagkINYATkNYIJIDBGdy7vfV0zQzG9eEJIqGKUJXCjL4FwSmek7xdo6sEp/AkCMwjRAB07AAAM0QJyNsBg+VQgcdjqUiQxgwAP6uYAVrGAEQYwEFTc6PeB8gJwfBcACTkBBCz5AGefc6HN2AgNC9BQkK5BAOx3qSRcIsgCupAQZzeIEItjgqVCNqlSnSv7Vqlr1qlGdQQg+8IERcPUDIviqCMLKVRJg9DaJOIEBY2pTQZzggAHYgCXU1RYnZAABQ2WrXvcaUwEw4KzD8ABM2SpKQXzRoimlTfuQUoNd8vWxkPVnQYWRS8eyVa7xNAFgayIuy8QgsqANrR8Z4AyK5vWjC4jACHxxgv3V0xKlRIkNTiva2uoVhoFtqF4JyYEFPMAEDkDgA1aTU5REIQYJQIByl8vc5joXtAEYQHNpG9OL5iKoltXrAl2gAli60LqUYFDEjMADIpj3vEQoL3rRW14bZJetA5ABemuAgMgKYLOwoCho6RnPHhY1vPe8mhMGEFkE8EAeUahBDBbM4P4YYMACFCCwO/HrCm9GFreDGIEIKXmJYx7OCfWFLAKIELikRCEKT3CCE4wQgxD7sQAUPoVHQauAs5bAAAEoLPhsFwUKRDYBTjCLESzgSAbksBL8dKcBButHAYjAECPYwAgwEdugfRayGNiLEyrgx8m6gqHubOUJdLtEDI6iuEEjwnsdOgAaNOHNcIYzE5rAhDnHGc5BmMASBUACWFTWmWEcxAfWDAAdh0K8tnMCkfkKZCYI4dGQjrSkJT0EIEjYghCABQl6yMkFmJAQETgthjdEV8zxwMUxHYAN4OHoSbs60kOAgqJHeIDXpgbMnAwAeAnxRTaWlHAHDVoUZHBph/4GQAPyaPWrJz2EJsBDBhb87ym6S91OcoDCJ2ByF40hPScQ+6MDiEGQ5dGEZU8aCvE4daHhqQoefnMBU1bECFZZgGKSorPEq0GxHRnfKBQkCspedrPlUYQE9LIVSCSzDxWYWHk7YAENiDer6kcEC1A3ABSwgWsCzmx0ExwEfVbFCVrozAL0LxImjXEn0Aw3J9SAAggYgMxljgAKyGDcHQH4q4fgb33o8xLuduYBPg0QWqLOCDaogdJtYIQNclwIPC9iKziwYUcGwAFJBUiwTRnwqGPkFCOvdqFP3igPs7QgrY76O5xQBCPAoy6keOk3GSDxiWj07B1hwhCWYAQZYP4gueGGySiQSOhOPkDlgkLFDFna1BhQIABbHEANsOG8TahV7AXoQFTwjXcE28AC+0ZgAoygBByIQphzt7UzQFVlTH4+9BasQPO8h4mgVt2PCkT8P1heRiPc1ZkX+LkjLu9MYur+H0Y3ZQ0S8E0B2LszcnemAkL+rWBMIsCmdAINUO1IAaieNsvgCQgLP8jD46XU6HSCBmDPRhhzLkzB2YEPfnAEJPSgBhqwAPctaACy38Xs22QEGCB2I2QAx3ADL3ADCHiACKiAB8gMO6AEc9FUGbBvDEB0d0E2W1c/ToABbJUA4xCCIjiC4yAty9dJEnB8IAEtZ6doBOhDWRY0Bf5HTL+hTRsVBRrwgj5kAVBjAylwZOvwHy3IfHoVg0iTL3qEGrznPk9AhGxVAVdzEIu0cmcXBU4YUwnQc0hzSxvjCku4PUawf/6EABtoFokTFSWxVKZkA+znTAjgdlczQBmIfqaUg3s1AAf2ElHwVO7Chf+HfTRkBD62VwEgAy+hfggwedoifAABgIgUAzrIRkbIEETAZQGgiEOiUCrTFYtFROr2WBSAc8tDX51kiOTBiP9gR2t4hXe4avmwBOv3TKb4FzSiCFO4CCygioDjbRqwYDJQAzbgBFp4EU+wfaGFbARXAUOFjL2Biv7AeXjzBMs3SZBHcwmQATIQjFqYYv4v14ZPuARvR4pLRAHgKDFJIj+tdzFOEAPemEABkAAxUAO/qAGPZ1uqJgVGEItsdI97oQSVhxbpeDCwSH629U0WYANcxkkYsIFyiC7QAzlDVpCgJQDteGyi2BR++H9faBlEwIoS+ZHxdZF0oUwh4Rm8Azcd+ZEqyUQJ4IrOEUHXcpJek5IrCZIYIJJVQZJoISxwI4g1+ZEFgAJHoARJUJRGWZT0sw/OCH/+4IgoM2s/WZAHsFreUJU8AYE/gJRFaQ5LWRO24JQXEwUZEJUF2UouMBOmkIQ1wgwvIiReo29kWVvOZ4uGoJbm4ZZQYwQeGZeQdXDAIS/QEYUawJcFuf5t8wKNKMOGhFmQAtABKighiHkxT+CBi1mQuQcuAZkVllaZH0l3zLKRqEKZnCmRAgAB30cloJkTRNCOo9mXEpB1IvEVqfkSdtiaKpljpgmEX2E1O+MEe2mbjBlLJWBSj6EWgLgXigmcZJljDSABHjACYwWdInACj+kIulkJdBgwg6mcygkB2HOLGtGbCcmdrVkAdQcZJTGbF1EEYkiefGlmYsMI6skQyemelelk1TGfBQFt9smZmZafO7Od/UmYhhYf+ikPHTighNlE33Gg8bBlCsqX0RQvjTAUOgQ0L6OXEUqWf2UeDgoP7LmhP3kAsEkdHyoFISqiKkmiy+EZJ/6aoioqldSHVu3wou0Zo4/FACXqHS/KmjhKVLsGHzb6o/vlf5xwnaJwohpKpHyla6cppDXjBIPIpDEVAAfgAdV5ll9BFBj6lKJJpd9kpdfGJicqBVcGplZnUV70IvK5MzUQiSJqACLFATuaI+m5M0Rwo0RqAGt6LmUqpWjqQwdAMWUqBWMZqJgWFUi6CIUKl4j6TpkBEl36Mr6JqIWWpY1ChUFTm2h6U4SKNEXgowoaAOdpKamghgfzBIsGpkEahMKQnQcTBKJqn5BKMK0BNZMJph1aNWWYFXnKpNI2LzlwNmeKo5WkMTjhNT6Jo/w1MrpYM/W5oQGgeTLzrDUjA/5wWpnHZnrZtBwjoQPJejZPkAHZSpgW4AQZCS5ys4vj2Z8UAIe+QTCYUwRT6p4UUARJkQPg2a2uADo0SZ4UQGLyEBiusK+NgDr/Cpz3Gjgwya/e8TpGoIy2GQAYAIcFYTxcsaiGkGgYQJAqiQDiljQ6iYad0DvrqKcqaQF5iBKMwqaToDxAUI9kKQAhKy3/aCndJgMoG1oV4JKAMi/uk487S4gJQAM4iRKIAi4BVAQakADl6kcDYHNHCzsWIgsGSwgptAQ08HdPm0DXWANT+xMtewoaewpE9ARFoGAWwHxiF10UoAFMFzDTorTLk0IrVgQ2IAMxoAF827e9KF9GsIQEvVoQV0Q+irA8blNG79BzBIFi2EAO2+ADKyUWZyRBaCEP+bJ4xDMORBm5O5ADP0UIKJQlXbkc8rASEVg/2oAEPyC5O6ADMIAOVmKtPzGyJRIPt+Qxr/ME5dC6r9sNyaBHVJN8X5cLZWsJb1e4kxo05MC6PrADC2iVnRCZh1K6VjsKgQAAIfkEBQQATwAs5gB8ANQA3wCGAAAABxAPCxkYFxcXDiAfDyEgEyopFjAvGTc3KCgoOTk5HkJBIkpJJVBPKFdWNERELGFfLmRjMmtqM3FvN3l3S0tLV1dXblBfaGhoeXl5O4B+PYWDQY2LQpCOR5qYSqGfTaelUK2qUbCuVbq4bIGAWMG+esG/XcrHX9DNX9fUYNHOZNnWd93bceLfh4eHmZmZjLi3oZ2fp6enuLi4i87NgN/dl9DPl9rYheHejOLgl+Xjp+nnuO3s1rPE/5nM5L/R/6DP/6PRycnJ2NjYwO/uxfDvzPLx2+Li2PX0/8nk/9fq6enp6Pn4/+r0/v7+////AAAAAAAAAAAAAAAAAAAAAAAAAAAAAAAAAAAAAAAAAAAAAAAAAAAAAAAAAAAAAAAAAAAAAAAAAAAAAAAAAAAAAAAAAAAAAAAAAAAAAAAAAAAAAAAAAAAAAAAAAAAAAAAAAAAAAAAAAAAAAAAAAAAAAAAAAAAAAAAAAAAAAAAAAAAAAAAAAAAAAAAAAAAAAAAAB/6AK4KDhIWGh4iJiouMjY6PkJGEKZKVlpeYmZqbnJ2en6Chn5SipaanqKmqq6ytrq+wh6SNs7GYKra5uruyrpQptZzBvMQrw8WLLCvKiMfIz9CalCw6PETWPDw6ONHd0c6L4Ms7SExO5+hOTDzM3ozi7tA4SOn16Ezc8fr7yfT2/0za8RvIjwWRfwidGBFICxg8SA8JEkyhI2HCHY9SUNvBg+MOHQwl7oooioURiwjxPWRBzlw6JkjYncL1iaYtkqZyoLwYshCLIiiR5ICG81RRVjt2IkSyaJ5SJhhFejsa6adSgCycOb2KT+pETiav/uspCKhYJ0jI+lpL8OTZe/5kcbw9p8OrXUss/M0NiMjt27R3Az9i4XKuk56EDavcZFMwtBqF5/bUEfnsDqojHT/SaVhdTx6dnVzWTNpQ0s4Bh+mdywNzaX1mDQOehKPy2dav7R5L3HlhMNChRzt2Ha92aCKGwqLGQTxj7kLNGZ3uHJVQxdBpoxtlW2z13LqEWADvXOS5u6OQQzvJN8h4cO3nA4+XzV7QQfU1zLdq/Cmv+iJZtWfbWUzop9l1oeE2SGydIWdgYMqFpsMslKnnRH66wGcegp3NppF3e6mFjIaRkHiJf/8RMt1xDwa2omLVVageExi2KBVvofG1DIhzGWFjMUfdp56DK7xI3Y+GaP5oomkWnpPPDgP+FSCSA+EY2kIr5BDlW8LRYhd/8WjEYHArbGWhjq8smZuRirEQoYU8mKImlTJauINVTaIlolRzvuKehUjgMJ+F4FG5j5l2Ctkklvr0CRErOPgFqKRnMmeoPm/mqakTcV4aD4qbbjobL44OpJGioTbJxISeSlKqT4OmaqecrWaSqazqMVrrM7fiitqUuxaDqK851kXSq8EKogOPxH73VSLIpgJls012miwvLFFbLbCDRJsKmO7UQKm2PXJ7bbetLEturnuyAi6flky7bm/tnovKT1vOi5Ku9m4HXZH56msRv6B4K4wteAo8F4D9xiKvwm9Z24rBjf5GGjDE9qxTb8P9kYPxW1AZ49w7HCuCw5gf77SqyCWnIujFKadjRH36UQwJSzDHjI5MLd/LA7M6AwSSzZkQXYp4OQeNFjdGB4uz0mLx3HMp6kKtFBLGTh2KRjwkHbTGTTs9rtX/YF2i1o5QUifZKckU9l3RPcx22TRPvOvTc5d959vP2Nx13hnfKQjfzZB6wgYTUFDCJ2sDrlDdLY+wQAAABIDACJ007vjKw5nigQEAhF65B5z86fhLkE/iCeGSnDCBAKKHzgAKm/R6up6RN0B57AKAUHust6NDhLnJenBA7KJPwAmbwe/crwoUwI48AJevcEIJtFeSgunN19PVtf4jODC96BJYj0AADmQPke3dn0PwiKMgAgIC44duAAMTTEC5ACFUwnz76KjOJppjNBREr34A6B0IdBc6BCwOIjUAGgDVkboWlcABu6tf+VYgvspxoBLAm6DMPDU/BIbuAItDAf0AkD5JWEmEGavgc05wQBMG4IOCoAACEOA7SfwPhueQmGDEEb4MIrABI+jA4lSwAfydoCpe6x6aDPSBFZowgSBAQQQawIERrHADkfghEM/RpV7cxYDSuyIANngCDzDgALujQAsgIcExKoR4mimiGk+IuUGAoAAN7KMjuGdH71mKFd4q4R4rB0ZB0G4DlAtAIx8RwkIGMDco2AAgF/4JgAXQzgMNgMAJOkC5BrwLEeyz5B1Z14kSQMCIarTcBrwYOgqgAAQeeOBgojjBKQYGBAvgZPIWWIBIKk97mlNlOgp1FyamkZMOXIEIpHcAQUqiknNZgja3yc1uevOb4AynOLdpgxOY83rnTKc6ozGCCMByjwHogCA6ELp4YgJlhpEBBixQgX76858V4Oc/BQrQggbUoAgl6EH7+QAGLOChC0AARB+KAIdGlAEOIF0xFCnM0LVwBR6g3EddBarQzCABHU2pSlcaOwOIgBeH22RK+TcIFYAABLqsRASbhAGW+vSn8DxmLi74Tk5OQJBt7KEltsdLe/QUqFCNauyEGv4LYPqUhw04Kgp017tLbC9PQlCAVMf60+rFIpMyVak9Q7BFd4Zukq7ikHqEkIG62vWuGXABXu+KgaIKcwAY0GtdK+BXTh6gf7FwZWEX+VEUkDJ0XV2qXNXThMIwoQnqqOxlM3tZczBBCAP4aQKGwNkZ+PMBCuinAlKbgNBecaSuCIEVWWoAxM4zjpmYrMJA+1MFkDYdTdhmcJmwBOI2QQguQCkCYbuKmEKVqiuYQANzWgndCmwJrmWpAgwzhL7WD66rKIFbTSiAxU63EO3MaNGsqy8miNWnFgjNU5EXAI2ubhEeCKYNG+CBDiLQnlQLmgt8OoAYNOHACE7wgZXA4P4GN/gHF4BlNVmBxisKYAJPpOUR1RcK9uprCNlNaQKWoIQgmPjEQQCCD4AAhBQHwQcpVrGJe6Dc5LFCjyY0gH1B+kzevbQUFAnaEryb0gC44Bw/8IGSl8zkJi85CEpowoBF59JVVFGNDfgxIfQ3Puh2WGlHeG9HLbAEdCTByWheMhCUcA7eVk4DqqBhj6d34ScaAgX+Fd0CqAsK8UDtpB2tgBDqceY0N3nN6BjCAyonAQ6XAscIPMCODSG52B1AqSUpQlOJNYQKLDIAFvgtoQ2tZjajYwkWCAAF7HyKDxzvillmxAh0F4AF2FYUw1LaECwQ4vEJAANlRkgSVGxoU/6fmgQbcHQoKkzeVTvCnCVgNa7rmLIlvEABvQ7dACowA8xaRAnEPrSx73EDZEG6fpLmFT7JtgQZZOACFoi3BVwgg2DvZNhOHvc9DlkKjtYPfdbcWnXbR1xt8hLcpV4KHjnBbAQKwNm8orYynVDiFes7HQoKRQkYaMJLnzIcp/DwxNNRYlMvYQhCcDcGhICEFszJprMdH8C9MbaR/yO4M3iBBcQcgBkI0BMNr9/DlS2sTY/R2haosegUQAOXg+Lc40PApKEhRpsPwQUK8OsGQeGBmI/PAQGPRs1t7oR2Z/2/OBwcY2rocFtiyugAFEKqr1gATG8C6tOTOio0REiyy/5A6QiMZieuvN+we0NLZK/HC7JdPwZIGxM0TKuv3T6QZCpzCRlgfP0cAC2WeV5kbtKBDnYAg30mwK/pnojlLYl58yJPAi1QhptkT/tl2N5Ny9CBETybWW3OgNexCwASRZICxJOdCS7QPAIzUITmF4EIRHh+86PffCNMv/r5YsIM3jt0r7xQmYvvaABe0KxO610is/i+JWeg/P/GgFpHMIFgJA7AIYhZmOPXVqDkM/Ihs/TI2iJEnWAwVQdA4bdSGUAunLMPw9B3MGR/PoUB6+Ije3c09Gc15lBZTlBZlTVlLEVmSnEEcOdLtvBxiYBNVnNyM5ABGFABCfCCMHh6vf4lagkxAxdAg4bBTCLBGYCzBCuIbWQ1PQMwAxaxBMkHgurxc2q3D+qnM9qXARXQfmRFfgghBE9VAfZ2JHeBKkEzAxgAeEE4PsD2DzIgZkhIJnchcgLTXVIYhqEzWvVghCGmAFmYg3BTUh9jbWDohghEhIk2d7EDh+ohQ16iCwVILULgaXzISUgIaOPjh78iGMaHMY64iIs0AEIgh8tXh7ehGWNHLUzwAntoif8VUIs1Yqihg14RZAqjiaQ4VgEwhoYhgKRSCXioLZj3imSVAAbWIRsjcKBwiJrif7ooVdx2JYQoEk0oK61XjFAFWDh4Fu/jGMKoHs3ojKL1ApwYNf6/+C/u4ICh8gKuh41XhAAhMHvoiI458DeRwQRGMBT6sYyaUonkqFITliSkQAosgAOj9xEg8SBf1SxLoIj1uFICIE89IxfNMl8FaZAIORWwEJC+wn4N+VMCkGy1Ag4KiSsDWZFAFQAYxjFqaFJt6JF7xABadi4jaRioZpJRZQAQxw+lspJzQZEuCVWW4wFE5yougitNkAE3CYsM4AGPlwrIUhTVKBZDMIpB6VMHMAEicALZM0c/ki2yIgPj2JRFtgASsAEgMALqZE47CTcrgIKdYQFauYgBIAAHUFEM8JYLwAB2RxpmmU1MmZZ8SFPPUZdvYZN4WYwRMJZ34Wep4v4CWfmXUBVZeykraImYuhgB/hILfCkWHemYpHgAKZkbk3kVS3B/lhmGklQMJmiLm6kUQnCXnwlUDSCYjlGaO0GPqTlWZnUJo3kweOGaKCEDJRmbHVUAH2AjuGkRMXCYvLlHApB2QNJ5lhCcCREDxSlVF4kkzIkQw/mcQBWdVTmd/yCO1ulTOrYKrKSd9sCd3alScnkp4ql4u1meolNnj9KaqeKX7HlFwicCtbmYoXKa80mfCLABRUkl6ZkOR4Ca5SkAC+CfThOg6NAEBLmf9YQAE0CU3eA3ssKQ7Cl8FOABhrcrCooO5Dmfs9kwHdpm64mYkFkyhBkqTNCg3XlDSP5yn4MwoufggeV5j3ajDzLqBG5Wng1glPGjCjnakuUJYCiao04gA+yJAP85MvphpJ3ZohTwI65hpKHYnSikNUbqBJ1mneDFManUJDFQoia5AEvaLxfIko2ZmgIwdV4Kd6ZJoDe5dURRCTB6M9rSBB+KmBVgAxwDDIUAjpuSi46ZAELABPBoL7hHCBtJLVv6lwngh6NyLUhABIIjCIvKqJ55kwXmbZzSL/cgOKsnK2GllQPwApWhiqLASotQDzNzqdoyqppqqvYQqbbZKISQMVmaELDqkQlAhf+ghIZCClCzax6pAIOWEN9zNqt4CCmIAWIaVQmAAdFoD0SyK+wmis7YmAAyADPJqgqqeqtsI3fPqlIDEGq30Y3PkTdmN66fpgDbCjLJmBml4DjWRlhBqAAusI1KQYHfkAq3025fiJMV4ALHGom10jwnJwNRSJz1FK0zoK8RY63tk7Au4IKtNQAYOwABoLEY+4IDm4mc2iS0SiV2NAQoNwMykLIxIAMxMAOFSiyo+iOJRy4A8q2sMLP6x28kaxFuirNOELORaQs86zGFxARGCxNG0BFyMxfD8yWXYBEAEqpsc7RIYH0dsQ2JOgifqDLo6o3EgBOBAAAh+QQFBABLACzJAIIAogCiAIYAAAALGBgTExMTKikWMC8ZODcmJiY3NzceQUAiSkklUE8oWlkvZ2Yya2o0cW84e3lGRkZWVlZffn5gTldgX19nZ2dsdnZ3d3c6gH4/iYdBjoxFl5VekZBKoJ5OqKZQqqdRsK1UuLZtgYBYwb5cyMVf0M1g0c5k2dZ40c943dt44d6IiIiampqMuLeboKCjo6O5ubmB392RysmG4d6M4uCY5eOn6ee37evRscH/mcz/oM//o9H/vt7GxsbZ2dnB7+7F8O/L8vHZ9fTjyNbg2Nz+yOP/1+vl5eXo+fj/5fL+/v7///8AAAAAAAAAAAAAAAAAAAAAAAAAAAAAAAAAAAAAAAAAAAAAAAAAAAAAAAAAAAAAAAAAAAAAAAAAAAAAAAAAAAAAAAAAAAAAAAAAAAAAAAAAAAAAAAAAAAAAAAAAAAAAAAAAAAAAAAAAAAAAAAAAAAAAAAAAAAAAAAAAAAAAAAAAAAAAAAAAAAAAAAAAAAAAAAAAAAAAAAAAAAAAAAAH/oAngoOEhYaHiImKi4yNjo+QkZKTlJWWl5iZmpucnZ6foKGio6MmpKeoqaqrrK2ur7CFprG0tba2s7e6u7y9vr/AqrnBxIzDxZTHyKHKsCk1N0LSQUAqKsvYlyk2QkhK3+BISDfX2eaPKUDg6+xBNOfwiik37PXh7/H5g+n2/UpCM/TlSxHEnz8gwgRuoiHEoD8kARVio+HNoT8bEpfZqGixXxBHzTKm2tjRoJAUjGbYuBGk5Q0bKEGF1EevpMmYiGYE4bgOCUyRoebZdHgS0TaLAFnNJLRUFb+hNw/N4+kvKdBNMxpCNfjR0NOSQXBetVSD6tZ6Nwxl3YpxrCWS/mcfRhxU9iwSsW7R1Yzrr6sgoXzT5oUEmG+/u4PWGvY7uJFWw/aQ1Phb4zFfIY0b1YVsTwi+wpAxK2oqEC5ndp4FVT79TUi5zF73sgaXdOrsf7AP6by9LkhAhryVMM59gmLwb0BS2A4umPgJ07xvPLN8Gwm+3Mt5+5xxw+zs4Y13Hx8HPTji3JvNB6Fu/nrm9Oa9304NG/Tx+73x5hWPv7+Scfq1Qhomq/nXn0/YlWcgb/SZMyAh9i3IW3K58Sehdj/BBt+Fswkx2VjHZMfhbEC4h00Jkczww4gYBjgWcCx2aGJez8gX41YAYifbjYZ5SByMPEImHXEbBrlVgwI6/rWjkVCN88uDkFjIJFTuOMfNlGf56NySWFo0zlywSdmlRVU6V+SYVc2o1CrdodmRTy7mpUKbbhr0pXPF7VSnnTeAmVkKNBS0p0FAzBCnJVCuIuKgPWlpJnuMfhNEDYeONYM6kdYzKZ6qQcqoh5WOtY2NbiIBKqcnRDgoEpOG6paqdY5DKap/YZqpZ67SuGKm30BE6yA28LqOVQIlKkiwwg6bK1A1JIsWpzF4KmxbxHHprHVEOttXKsZ2koK0137YGLLa9lPUYDOQWi61bllbLm3LmpOCuu+yC5S779KGi7f05iuuSGfm285Yggpsp5r5KGawQc1J1OzCRL12QlPd/laSgkorvUTpofjGdUQPL4QcMgsikzxyySifrPILJJusssswc5DBzDTXbPPNM4dQ8SIEeVOROKz+CyG4Z/kAgQBIJ6300kw37fTTTgMQAAACBGC11FVfTbXVU2dttQOdBAyOb2oFVwEAaKet9tpst+3223DHLbfUGWzScTh+PnwbBHP37fffgK9ddyZi10PsCXdvdUHgjDfuuNQgZDIvVAgNUvBsR1QgANWbJ81550h/HvrjaIc+OukBYKAJuTZhm2q/OBJxBBE+HHGED7Xbnjvutt9+xAqbP26AD0TITsQLBxig/PLMBw/3ACFIDjs7gk0+JgvON35AZEok4XP3/kgQAcMFBzw/QiY0xFVUCm7CkD3jEJzVg+ZuF0BCJrY2GdAMbvrwfuAXiAsSzta2BkiPL+9In5vK9zgXJMEgSYigBCc4hAm0bQOEm149JsM/N61AeD4oQg52kIMSmtCEJBxhCUm4gx3gwABrI0D0MJG4wySwTv5zXACTIMIT+vCHKzSCEj6otsFhIn9QSYoC3YQ9xh3AB9/gIRCnWMIifKMHzkPA/TDxrcuoZk+ZC5wAYMCOHlLxhFb8htHQVoAZYkJhW+kK+/bkA/r1zQAvMAsPzmjCNPbqbAhw4xs1yI7KWS9WF/hf2w7Qg35I8Yx+jKIFFLBFTRgnLnIk5IiS/sACBrpNABVopEGMMMUdRLJXMkARJ9J1mZhcjo4riAAM0yaAA1QABv0yIxojgzBLHPIsk4GVm24Hg2LCoAe1Gwop0fhAw0lME3CMI0pYBzGLGCGFRWjmszxBEMhwsJpDSYIptckOX30CiUcyFNHAuQ5y1sNenKDmWcJSQ3Y+ZEigYKWQ5GnP1rFrZ4tYZ0e60c8m/SAGJQgBCDLQgAV8oBGJqmdBT/MDG9gABR54gAIGkLYAeICbmpyoXWgQggwkYGprs985RWogH0iAo24z4Cf0yVLzuOAAikybBkIh0ZqWpAcRyGlHH5pPgfq0JCyYZdwKcL5Q8POoW0lq37So/gkSPCA2UOVLEhLpNwZogwYWbYEFpBJSqCKBq35rgApighLl/KWtf3lroH6mhCMgonBZtQda/SYCIPj1r4AN7F+DwJJ+JOKpebVHE/8mABbwRhGITSw4XiDUtzX2sZCVrD984EnGOvY2POvpRMPYuBVgVh670iw4Fsu4AIK2EZH1KWcfV4HTMkK05fKG97z3HyI6LgJH6IgP+gUJBS2MmBeoAASYt7zKzu2JDkECDCoARYtEAq/COsL4cOpc0o3RIL8TAHA7IgkxJUu7Kzga6fx22X7UEW3jta4kFsWr6Sp1vX6rQHDrgby0xdchlBhVsurYXfy2bXjsCK/aILBf/gBXIpp1OoJUDdw4MoKDwGtDsHwtRqc69YBvFP5tcKXbWbVZ2MG+LBCaYHDfEIuxBwp22wXopQlhxggJL2ixiwEnAAgEFW4GIMKG0WdU/xxhrztOMtUq4E57dEIFxr3QkQus5MYZgAXE9USgbnQEC1S5yhA48ZA7cSUOHfnLSRaABapbElHQ9z5TRrOLB8CCBofDIKQwr3ZYK2f8FqADKVircgYtaO587xubmElsT8PiPlO4jY64WA1sUAOhgUJvcAaxo/EbgJ36YtGQWdymKdxpX2A6OO4bdYgDYERdnPo2R4iAql0sgAZU0havnk2qZ+3iBEQuGZ7I9WmSIGteUO+YABi4NSxAfZZdG3vHBcAgLZjdJC8/W8kBSMAGlL0KYUPmCDq+tosJ4AAQcPsUuLUIZcUt5wAgoAEb8EAISHBuT6TbIcVmt6MDQIACJCAQACH5BAUEAEYALK8AjgC8AJYAhgAAAAwaGhcXFxMpKRYwLxo4NyIZHScnJyc9PTk5OR5BQCJJSCVQTypbWj5BQTJrajRxbzd4dkNDQ1ZWVmlpaXNtcHl5eTuBfz2FhEGNi0aal02opVCrqVGwrVe6t22BgFnBvl3LyV/QzV/X1GjDwWTRzmTZ1nfd23Hi34aGhpiYmIy4t6+QoKioqLe3t4Df3YXh3o3i4Jjl46jp57jt7P+ZzP+gz/+r1P6528fHx8PX19nZ2cLu7cXw78vy8df19P/F4f7Z7Onp6ej5+P/q9P7+/v///wAAAAAAAAAAAAAAAAAAAAAAAAAAAAAAAAAAAAAAAAAAAAAAAAAAAAAAAAAAAAAAAAAAAAAAAAAAAAAAAAAAAAAAAAAAAAAAAAAAAAAAAAAAAAAAAAAAAAAAAAAAAAAAAAAAAAAAAAAAAAAAAAAAAAAAAAAAAAAAAAAAAAAAAAAAAAAAAAAAAAAAAAAAAAAAAAAAAAAAAAAAAAAAAAAAAAAAAAAAAAAAAAAAAAf+gCaCg4SFhoeIiYqLjI2Oj5CRkpOUlY8ji5iWm5ydnp+goaKgmqOmkaWnqqusra6vsLGys42pn7a0o7i5uSOau7y3psDBib6DJycmysfFzs+dI8kwMTI0ND0+Pj00MsnE0KHguqwn1TM9P0NF7O3uQzwxqqXjlPWz95zmMz7q7v8A2Q2Z8ekEDBkzsGnz0Q1Gq3zhIp1IOGRdwIsAByqrRSgZwnQVMQ7xIS+iyUKYkvGziLFlwJKIfKXc14Oly38zNp7k+NAEjJU3g2bUSciXQYT+hF4cQmOnCYisrNlUSnWGrRMfp1K9SNBpsIlJt4r9sRErj5Bigw5x6HXWCRr+WtMqHRIDBly5W3lMggo12M+4eAMLdrm2rSuwgxMrvimjryfHp2T8WEy5Mk7IhhlhguEDsOXPeGlgzrxohmfQqMU2JQ1pHIweqWMntsq6aCXJsnMHpq1o9MkZuoOnXeu79lvhyKn2IOq1+AkfyaPfpFuc9HHp2LniiyUNevbv7mgwt7fd0QnY4NOLr13pevrsP2RErJ7o7nvkFUfmZG8J+H3ZQ/zA0AwzxBDDePxFIsNp/+EVIA0FHsgMfZxQ+AgMDDZI1YPeJPOUhYeA2Noj52ko2IP7CSJigoT4Z6JYARaI4FMs0ugJhi9u9QMNB5JiyIqyPGdZgMEx5U2Nsrj+uFgPZ+X2Q4pI7lUJjosNZB9qIx0JpI/h0EDZDzGYlhpTB265yThm1hJDhkrxMNGYPEb5FXqJiaekZfHN+Bg0W8agGFNvgqaRnFKCQqdgTYk5ZA8OpUmojYlQiShWbMIonyWOsuflYG6u+RkNbJ2UqSgnTHbijpVSleeo0WR2Z4M+NCpiPazOYqqGgD7qiJn0eIprV7ry+Wp6P4QqSa0slqohWcGGyIuk9636KLKNDJsePHryVxyI3r04xKXNlrdMqtINmkm45C3iZ47uuMnTK9R6sim77fiQrWboUnIrvewUm++Pp5xALrH3YopvlC/wG5C9/x7c38DvrdewKvP+KvyPxOHYEm8j+1rczrcTm6KsxwAxG3Io0JLcDsYnd3Koyh+D2/ImC8IcEFkb8zeyzQAByx6axypiLc+FOStOshDTy/LMkAzNcxF0MT1IPjs/ffO7UvtqNVc5z3OmCS8PRoQQQwhBRNlDjJ022WSrfbbbba+9tttln922EHePzUMJIoTQd99+/x2C34ETHrhjK0JGTMqBCaECBQ5IELkElFdu+eWYZ6755pUjUMDnoIcu+ugFLACBB+E6LVYKAgDg+uuwxy777LTXbvvtuCsQQrM8LCaEA7gHL/zwxNu+AcDNJSKw7xIU7/zz0MceQAfBap2YCq2/nr320XfvPQD+DOyuqwyVDdECBeinr776FVSAvvsUJPD9Aem3P8EBBySAv/77H2AA7gVA3dFQ8YmKgScF35vAP4Tgghzs4IEQhKALPiCB7cluAeJ7VInuwzrvKVAsjpPf7BoggmBVDTwtsODzLIAXFxxgdhEIWiUcxbjs5OCF3WtBEYiww3YQgYc7/KEQiRCEIBCRBf+LnQaaBYMGDUGE0DvADogABCDg4Io3yKIWbcBFLtbgi1/EQQViF0BjJIh8DVJB9yrAQyCA8Y1wjGMNcFCEG8Iuhs1SXXR2AMXiDSAH7QCCDeRIyDnyUAgUeF0Zm4XGBrlAhcJLARDZEYRCxhEHk1QjAAL+sERW1AoTBnwPEbBHPAFUQAgACcIgLWlId6QwABn4WSPc48QW4BB3AkgBKgNChFUS8gaTZIcLENBJdIXyPy5o3u0OoILTVPKXwWSHDgRYDCDp8Ts7sMAtYycACgDyJkS4QRyBGZAeTKyR7NrB+SZAuQlMQAU72GVQevlGcgbEZwMMBjr5hcq0ySWcX7RBND8Gk3w1cWtbIQIObhAEjKxmRMZJmtV+iBGT5SslEkXozV5wsg1qVDCxYpFjrvnRiuKzJ8PIxD5LKpQnFSxcy2MpVR6asT0lImwybckQCiaCUU3DIB7aEklzyg5jmQAFJgiBBziQAQg0gANpsktYirD+ox6JooZEDQhNQ7CBCDCAAK8LwPFEdqWMuEsUOM1qyQThgQssIACyWySputUSMIlipWrNCAkgQAC4zg4CQPLoTexqoRPm1R1CaAFYbRfLUQxVIEblxGM/moMJQFJ6HNjVJV4AsagVpGOHtWXw5AqKY6pFZpzAa1ZJGTwMeiIEMZQGaOeCWksYNqdC6KDwGpAJehhiHzJYQQUEcdDALM0eqi2pECxQvAegQBnPLYsyPERdQWClJlCDGhEEkVxVFdQetMypbof3gR6Yl0nnRW9610tXd3D3TzkpjvVYytrhCUAFlRHEuhSTp030LqcpfB5+KUPc8tl1Shl9ER+fd9/+/C5jtoPxwZEg5QjTEi2R0EuBg01g4cE8CQbMuBB9Lys8FhJYvwmeTg9ShAlwCNZqC44eBVL8D0J0eDE/eJJVVXSIyV6Lh2lbGwK7NwF5tiSeQekIhAVVVRATxShLvo8QduACC1BAAvjLMv5IPLwE7OAmLqDAl29SCKwC6AfcmIEMDISbFzHQAg7g8vdcJ4BvXiS3ApCAkTFiCDMfVilEcEEKKjhn4Q04IDvAcJGTbIia/VkuYU5ioYV3yoC0AIqLJvMhHP1opeiAApKetPCkuMDxAkDPjN40jZWrgm2KengucMcOLBs7UmsaEfPtNEByoMxXOy/TLqRdrG+N6yj+PzrYvmZwDvBcuwqkOlLGVusQWp3s6EmA1rWzdUtmeWOiLlfO1faeKfcckEco6tHLDXe4mckmSMAg2hoVwhjVnWwJDPvZszy3tysAbno7TwAWGLNQJvGarBLBAv32N/HYvZVKxADeKtOkwgtdAA4k4+IYn8ZZbGLbGUBcYS4YwMQLTQBqIs+6B0FIbSWBmK0Jodcj9x4sZ4gpacgAuzybd8znDMtmuOUgnVHZI3c+6QBgoATOkOqqZSOECRBd1AF4QAa/EqbOLP0zQ3+6qBeQ2ZjYphVYmQEPpgqepmvd1wPAwNSruQxqIGTsaJFO1s/+6gJkoIROmcZBrkGDHPtG3e9Xfwdz6Z7sACxAA36j+SU8QZQT/LcyO3A14V9NAAhwYO216XZaWjB5fwdAARDIwAY6AALM7yS8inF65yceAAIogAGBAAAh+QQFBABFACyvAJEAtACdAIYAAAAMGhoYGBgVKSkZNjUgGh0mJiY2NjYdQD8eQUAhSUgkUE8pW1otZGIyamk0cW84eXhHR0dXV1doaGh4eHg7gX89hYRDjYtGmZdQjoxOqqdRqqhRsa5WvLltgYBZwb9cycZf0M1f19Rg0c5k2dZ33dtx4t+GhoaRhIqZmZmymqalpaWgvr25ubmA392F4d6N4+CZ5eOn6ee47ez/mMv/oM//p9P+tdnIyMjX19fC7+7F8O/L8vHY9fT/yOP/2ezo6Ojo+fj/4e/+6fT+/v7///8AAAAAAAAAAAAAAAAAAAAAAAAAAAAAAAAAAAAAAAAAAAAAAAAAAAAAAAAAAAAAAAAAAAAAAAAAAAAAAAAAAAAAAAAAAAAAAAAAAAAAAAAAAAAAAAAAAAAAAAAAAAAAAAAAAAAAAAAAAAAAAAAAAAAAAAAAAAAAAAAAAAAAAAAAAAAAAAAAAAAAAAAAAAAAAAAAAAAAAAAAAAAAAAAAAAAAAAAAAAAAAAAAAAAAAAAH/oAkgoOEhYaHiImKi4yNjo+QkZKTkyKLlpSZkiUlJJ2alyKYoJmjpIimp6QlMTM9PD2vMi+qgi8xMrm5tJGptb/AoDCuQUTGx8ZBM5+UrMTFyEE9MrW+wdfAnK1B0Mjexj28jyUvMjvd38fKzNiP1u3VJLeu6fXqMYqYtzo99vY87OABe8eIICRLztD5qxcuUbkZChd+AyiwYr5rw/pJ3LjDUAkZPCJuTDfjkEGLwU42+thD5Mh6vFidezkyiDiUOGu5gEiTpo5yLnvWK5mzYC9srHQEFZqOG1OaQQIWneoIRsinWLP6i3pKpSCvVAfFuKq1rNljNw2BpQR2baYS/jA0np2rNQi+sGrDvtBBt2/ZtHipivi41K/hrVIduQ2sKIbcw5Bf8ujKeFIJnpEzj7xbmdDiSS8eax7NMHFnbINlFCatOYiL0ygHz2BNuym1UmE/DyrBo7ZvdURhCxQR+vfvILeF42YUY7VxutJmuNCtO1H1Sc2ft+6hQwaMEtd/hY8Ew7n2p9y9dxJFYvxU6u1fmD9Pc1oMTqLcKx8nmj7W6C98ot9+kfTmn1Y9zAADPAMWld2BTClzX4MEVlJCfxBKhBwt41EIWwl8ZfhSD/fh5SE2Mog4EomNnFihQxhmNd9TPCQHiovK7QDdTIeRCN6LgiXyoFkkzmYYcqYB/vlVWAaatQMrM464oJL7xTCXDJxEuRFyVBJYgo5l2eUJmHTxMGWXg3iF4yDlhXmXldAtA+Sap4Qo45TyQYcPneIpV4KW3ohpCZlmiTmnknD+x9mQZbGI5otGYiXnYDEy1ZAqfL74Z1Y9MJPiWZ3mlGlYMGjF2YWgJvmoURV9ih4hrtYFmEWjHgVKpRudCmhTM8Qwa2AUuufVrkSEakmsZwWxA5ardjZKnk+VxApZfkWn6kGS1HpNokzF4BixUDHb7I2gIAtVS7XZda0m2qIUqYr+9HDmuEW9C6896zib12n23vvPuibRSwmu/iJzqcAVEVywOjbSi8mJCi+cTMO2/iKsSMQSG7OnxdcQmvFWFCs3Qrsk9PtxPUEsqF+wbF20iMknNzUdx+QOYm7M9TxpXSUIq4bzRiXVSnIkjP5sD2cmdlaC0Vv+Gk9F7oFbcKgtE/hZk0z7I6diNCNyc9bfIJ1Pfu21Z8nQwHALNspImyCI22abYIIIc8MtNwlwD9fO0n4BkQMOgAcu+OCEF2744YOzsIEGHGjg+OOONw755I9zgDCqdK0QgQEDFGBAAQV0DvrnoBcgAOelky466aF7LgDoopfe+em0cx7A7bjnrvvuuQ9gucAwP4XDAQAUb/zxyCev/PLMN+/88wA0EILAamu1ggDQZ6/99twfTwAI/qixyjUh0JrVggHdp6/++gAsMD0pDYLFG10nGIC9ANgHgL8AAQCwv//5wx/7jPc/AervfvsL4PMCoIHLYS1MLViBBCdIwRWkoIITTAHxBjiBC1LQgxmsYAok0L/lfY9njCGO1OYCBAkMEAAtYAoQVrDB5CUAfPtKGnMg1MIXxvAp51MeAywWvN9M4IU5SMcQiDCEJTbxiVAUggoKkDwIWAxjpEFBCdV3ACAMwQdgBOMNxkhGG5jRBjWwAQ3WSIMboAB5AcBAi7y0QrrkAH3rowATfcDGPvrxj20cQg5qCIAEvC+FoFHREdUngB8SwQc1AKQkA2kMChgvABawWPXo/oMDPHZPj8j4QSQn2ccbLNEYKzDeEC32tfOkAHvciwAOvuEDNZKSBjY4pTFagD0F4BBhRXxOEE4Ay+zJsh4/sKUkc+mNFgxgAR24RruCqZ0VeNJ5EkiiPZK5zB98AwcZ+GWzTPFAEbUgAs4TAAWAIJEhKJONNvDmN3SAtmtg0ThAOMEBTHe800nAke18ZzyHUs9g3FOYLUDBCU5AgROkQJs0GcIN1lgDeX7DJiop6DjKubZ23qCi9tBB1wbB0Y4uZAgW/QbVRlpSk1rKacBzaaFgCj+qUFOmW9la+IpyLJxiRWzsUk6pfMqUkAVJPHwjak+4QqCRaWJTSoUKUN2h/iQ7RXUkHRmpIVp51XT0IG+UOc1QuzoSGZzEEiOAzSisIQoX1LGjIkUECDqwAQs4gAENXNVNyVqstIBAAxBYAAEumVcG/WKTfE1HDDDxgQssYIvGI0A0m3XQqJakAxAY7PIcoNGyRYKriTWGDjIwAOddYFwqDK09WkBC5w1gA1VzWcVeptp0WBN6khUYVGtrjFdmz5c9420li/m8VZqNPWjCXGiDYMntOeBuneCEJ6LrCUFIt7qxhR9ilToEYnLPAzzYgXjDK97xlve849Vhe0AUWt9uLwApwMpOIVEcsvKye/CVL2yK5tNBqi++T1HOXo3WQ/WdQL+nkU1Ur5dH/gR/qKVZ8+/6JuDgD731OMYYQhCWOMwBSoCdEsmBQi4Rm0KANkND8FsLTjCBzRngxTAmbvoOANHVTqDGRHhaLTwGLyC0gAIHkPELk9dIfwABBQKIAIiPsZy9XbgvQVhxBIQ85OWtwB45WOSHvfEiEZz4Ny2YAJWrzLwJiISGxtsyMoCkXP/gYALXJDP0DIDjIxNXyVwG0pdHA4QUxFnO2bvyMXLgQuTROc+aqqxfcIBOQKcvAtBoASGPB9AcS1N8i9gzZILo6PQJAAf5pOLyKIAOJaXWOH7u9Pok0FrmGWDJlkbhpT0xFnxSYMyqrrKZ1+wOUXDi19e9EUKS8uSe/gCBApDNtZwNsAJYx7pFH9lBS7jxihmo57gPMwlyydEKauFzkcp29DG/QV8IS0MH1o7Bd4DN7lvgQtrFxgoQwB1uMgfgxvXwLCoEwd+FSCMWLYmFNLgR7zCdoN6ANkAKguKIfhPVvQgfMgE2wO6KN8KtiW2BqCP+QgJ8wDOYCIH8ICxTIDSa4y8MwGlB4YLEMhfl9l55JgYMtvvCvMoBgMAhI9HmqBb45jh3gDjTVAhTDKbg5sQ10NW3gN9BIqlX/fnSyTwACAw9H1CPqs2nDugEYCAEab3EbpX6cq53OgAKwMDVPULytQFB6Wbv+AMYoWmjpTLu4da3Wsrn0yAUmBrvuW5E3WMGhD8DXs4FYS9Rt354RxdEBC5Q9MK02HhVP2InPqV35RHPNcf4huB9MfnmO70JGJgD6epIUIB4rBUJj57zzdiGU8LEjV6xg+Yb6eTrAa0KVshAB7AAvTqiQfBY7KBX39G7J3AvEU7vvsoBeypccOEt6ldfBt4KEMCYvxAGPx/64csPe8Qvfkdw3x8pSPb31xcIACH5BAUEAD4ALLkAfwCUAMMAhQAAAAsZGRcXFw8hIBMqKhYzMiQbICYnJzU1NSFIRyVQTylaWS5mZDFqaTd4dkVFRVNTU19+fmpqanl5eTuBf0aHhkKQjkebmUyopVGvrVe+u3i5t1jAvV3Kx1/X1GTZ1nfd24mIiZmZmamHmKampri4uIDf3YXh3ozi4Jjl46bp57jt7P+Yy/+gz/+n0v632srKysvR0dfY2MHv7sXw78vy8dj19P/J5P7Y6+jo6On5+f/g7//o8/7+/v///wAAAAb+wI9wSCwaj8ikcin0OJ9M5dMZrVqv2Kx2CEqpvqkUCOv5oLzg06e8bbvfb9DKpuvZezobDVUFqeh2dTp5KnCGZIdXKnV3jXcqY0ooNY6VNWqJmZptK5WePTSRRh4ojJ93Onybq6xKi6eVK0gnNrCONqKtuqwqtp4pRqW+jiu5WWy7yVy9w446RSi1zY2qytZur9ONwEK02o001+JaKabfPbIfINLneMbj8Ejl7Xc26uztOu/x/EIm5u1wUaJ3pxorZG4QZlpHsN7Ahj0w9ZsIYgbEi44MTlSmMBvGi/o29vv38SMukfA8gHhYEmI6lOM6tQR5QuEum/GEzXQJcxz+w50NT67C2ZMZUHpCe3IEAfDotKRKlcl0+g1qVERXdFJ9auLqtalbh9nQ6LUViLDTUpW1BhYtrEJrk5116+tl3DWs2tK1tK8N0bVMQV60IfFuK6MEB12Ea1gXy3yP24Vr3MqDiYsrmlbti/KvJsT5MkNkTHnVT4IrIm/W5RmmZc1p/0DkVjovxBke282ofawPvnM6UlhsSJb3ocAECf/+VoOzcWyjUzQMbrj1IRrTT+jVZvX5IdjNmqueRtr7IZIExYD3paOr+Uzz6OlDEfT954bNt0+jrdT6Ev9GjNdMIQKy55x9WSynDR/r2VJDTwC2gl4+IMxFT3kI4nWMVuf+NCddehkeAto3soyY1oEhVmEieR8M105zKcKh3zDUFWjLbjG+YSMsISk4oFcRLuSjWBU2CAt/OWZx2jn2IAdcCtYFad6SzJlh5Cc6FJbkFZYNWdcH8THp3hsASimOByc0pAIpyaG4JRIcfgPlhwGBYGY/d1ZBypWeBOdBmFW+uWFDc/JZSXeCDoETm/LxseIwzeWZ45+JqQGoNjAWIel7lMpnqaHO0DDDDCusoMIJFRKxaWmd5sPHpdPhQYMKKLgZz6qj0AncGLCWZANutr6n6zeptEqVDZAkGmdaaix7lA3FvOksjXY6iZYO0eY4LXu1urgXstqC6kgN4s60R4r+VO6FkQ7JNvaXSl6qS9AlEG6RrrwYjWXfSvgCRd172PW7E7vuIjGjwNMhyerBCCdWXGOPNjxdsEr1KjFEuODaBEfbXoyacdZ6/BGGd90r8nQPr7XjycyJsg/FyTDM8icxwGBzzTfHsEEGPPfsswY8cwBTxJ7EIMIEEiSt9NJMN+3001A3DQECVFdtNQFYZ611AQRw3UAHKA1riwwQCADA2WinrfbabLft9ttwwz0ABiidYCgJceet9958v70A2BuFDIsIfRdu+OFrL6AxHPE2AgMCiEcuedwBWACTzI5DoPnmnHfu+QNmS/6A56R//nYCgGOVCdGV6JDD67DHLrv+7CVALnkJs+c+uwwkHND23zBZuJUMtkceA0El+L42Az0JDlQOD0hugAyn8HAHD9hjv8MOOOAwggFrU9D8yhhJILoMPHSPww3ss//C+y684ML8LbTAwv0vhKD23Eqx/pEIAYjcBOrwAvvd74AITOABX9AD4qUNdRVzSwyKVzgBlMAOPHiBAjeIwBdYTwcTQFsALhAV+rglhIeDQA4acQMObtCDd8Db2ZgXFbE5JQcU3NsBYFCJGxjQhSxwwQ4cZ7YECC0q/ivJ4/omABFoxodAdIH1HHcABWjAK42bCQyip7cDkAAWOPhhAoVYCRhUIHVJWNwVTEaVGEAgbwi4oC3+cOACBboAB56wh19UFwXh7SUHIchh2g4gAeoNg44IbAEePWGXqPhRXUaTwAOsBoEQyHEaPKgjC1pwg1OsqSwmRJgOZCCDGJByhe3IIAs6eYoVqFETHZuZLdJnC0ShJJSy9BeUvILLXO6kkT2xoS8/kqkSDvMoWXrlccp1zGGQTCSPbCZGgAkTZkoTFrakSBavqQ2YSSERmOMmi66SRHEOYzJRuYw51+UVNq6zm1eRwzsvojAusUKY85wGNUUSy3zCophC6ADQLGcNmwTMn7sKKAYcoAACnG0i5URoI4LDAQooIIBpo4g18ymDChSgbaqCRzgligcSCDKjGiXpLGH+AAGMum0oVzioSj0hAuXBjZ8z/YQIwJc3aG70mDyYQOh6KpKRihOELiUqR45QBovlUwf669sWpEQFJJhgm9zcKRNh4i2JkmCofIMJPtfpwMIFAAnK/M+E/KkD8x0ueFgdpgjAKlWYyHSeZX3r0MTJA8Xgoa9RRVwwf7oV1/EOaQ84gGINoNgD0LVwzSPsUXJQggmALqmTW5tS4hoWHpQgBKDLrFJZUwXyoaUEEhiAaPfWv4vJQAI8Xa3etJBWIYwVLTmoqWzrmpBE9FJdW9wtZCPbr+QJd7gh5Uc0w6ID3R6XtzDhLEiE+lzkRvePKKwudKFp2ovkwK3a3W5R3fL+3fAaLipGJUgOqGte8W4kvfmYa3utG7awlCC282Vta6kCvfzSN40a0sVtL5Jd/+q3KFQpwWMNfNMITvaNDA7rfoGi4AhLOJjIhLCFZzvhmVR4wxzG8MAKDOIGI3gnOcBvid+GRKDIcMVxi0pXP6JhGLNYKfD1RQ5sauOXbgQZ0djJh3vs48DJBiiEI/KNU6KOFIjGKeBVMtvi0YUZAIIqOuCilKd8jS7U4MphyeuW1UZaM6QGXzDg8ZjRtosUdFfIal4zAHSRG3x9Vc5k5sXFkoxnNq/CqXuRb58fuoo3O0XQg/6zZP83aD9rIsdHQXSfN+FOdQGw0XPOBJoW/ZGLIU9aE+r0mHEbrQk0nUzMeGaqX5wnMC1/eiGGpkqUU70JSEd6wVtexVobFgNcS9k0MxYYD1wtZ1ZUei+BpfUqgqwNv2oRs2PWBb988Ssx3PUjOajxmpOrCTc3RQc1WEGthmBrW7y42DcBU6nWnQIT2KkI5YYFqnMtjjH8Jd6DezVMsYDvU8iA2FIOAgA7\" /></strong></p>', '2023-04-03 21:18:53', '2023-04-03 21:18:53');
INSERT INTO `edu_course_description` VALUES ('1643116433900670978', '', '2023-04-04 13:01:00', '2023-04-04 13:01:00');
INSERT INTO `edu_course_description` VALUES ('1643124816716337154', '', '2023-04-04 13:34:19', '2023-04-04 13:34:19');
INSERT INTO `edu_course_description` VALUES ('1643125097441103873', '', '2023-04-04 13:35:26', '2023-04-04 13:35:26');
INSERT INTO `edu_course_description` VALUES ('1643147420319715329', '<p>66</p>', '2023-04-04 15:04:08', '2023-04-04 15:04:08');
INSERT INTO `edu_course_description` VALUES ('1643147984210333697', '<p>88</p>', '2023-04-04 15:06:22', '2023-04-04 15:06:22');
INSERT INTO `edu_course_description` VALUES ('1643199082858090498', '<p>8</p>', '2023-04-04 18:29:25', '2023-04-04 18:29:25');
INSERT INTO `edu_course_description` VALUES ('1643207758910132225', '<p>789</p>', '2023-04-04 19:03:54', '2023-04-04 19:03:54');
INSERT INTO `edu_course_description` VALUES ('1643214154657501186', '<p>55</p>', '2023-04-04 19:29:19', '2023-04-04 19:29:19');
INSERT INTO `edu_course_description` VALUES ('1643219434736783361', '<p>789</p>', '2023-04-04 19:50:17', '2023-04-04 19:50:17');
INSERT INTO `edu_course_description` VALUES ('1643219865823154177', '<p>21</p>', '2023-04-04 19:52:00', '2023-04-04 19:52:00');
INSERT INTO `edu_course_description` VALUES ('1643226553380777985', '<p>789</p>', '2023-04-04 20:18:35', '2023-04-04 20:18:35');
INSERT INTO `edu_course_description` VALUES ('1643249182900817921', '<p>789</p>', '2023-04-04 21:48:30', '2023-04-04 21:48:30');
INSERT INTO `edu_course_description` VALUES ('1643252017549873154', '<p>789</p>', '2023-04-04 21:59:46', '2023-04-04 21:59:46');
INSERT INTO `edu_course_description` VALUES ('1643253415318458370', '<p>7777</p>', '2023-04-04 22:05:19', '2023-04-04 22:05:19');
INSERT INTO `edu_course_description` VALUES ('1643253636043706369', '<p>88</p>', '2023-04-04 22:06:12', '2023-04-04 22:06:12');
INSERT INTO `edu_course_description` VALUES ('1643483096252678146', '<p>7</p>', '2023-04-05 13:17:59', '2023-04-05 13:19:01');
INSERT INTO `edu_course_description` VALUES ('1643616487207890945', '<p>78</p>', '2023-04-05 22:08:02', '2023-04-05 22:08:02');
INSERT INTO `edu_course_description` VALUES ('1652353596194914305', '<p>55</p>', '2023-04-30 00:46:11', '2023-04-30 00:46:11');
INSERT INTO `edu_course_description` VALUES ('1657002640489943042', '<p>后续填充</p>', '2023-05-12 20:39:50', '2023-05-12 20:39:50');
INSERT INTO `edu_course_description` VALUES ('1657013984710639617', '<p>后续补充</p>', '2023-05-12 21:24:54', '2023-05-12 21:24:54');
INSERT INTO `edu_course_description` VALUES ('1657017156397187073', '<p>后续补充</p>', '2023-05-12 21:37:31', '2023-05-12 21:37:31');
INSERT INTO `edu_course_description` VALUES ('1657017368071127042', '<p>后续补充</p>', '2023-05-12 21:38:21', '2023-05-12 21:38:21');
INSERT INTO `edu_course_description` VALUES ('1657017611118460929', '<p>后续补充</p>', '2023-05-12 21:39:19', '2023-05-12 21:39:19');
INSERT INTO `edu_course_description` VALUES ('1657018076484878338', '<p>后续补充</p>', '2023-05-12 21:41:10', '2023-05-12 21:41:10');
INSERT INTO `edu_course_description` VALUES ('1657018369217937410', '<p>后续补充</p>', '2023-05-12 21:42:20', '2023-05-12 21:42:20');
INSERT INTO `edu_course_description` VALUES ('1657018639540830209', '<p>后续补充</p>', '2023-05-12 21:43:24', '2023-05-12 21:43:24');
INSERT INTO `edu_course_description` VALUES ('1657019194174619649', '<p>后续补充</p>', '2023-05-12 21:45:36', '2023-05-12 21:45:36');
INSERT INTO `edu_course_description` VALUES ('1657019608915787778', '<p>后续补充</p>', '2023-05-12 21:47:15', '2023-05-12 21:47:15');
INSERT INTO `edu_course_description` VALUES ('1657019929964593153', '<p>后续补充</p>', '2023-05-12 21:48:32', '2023-05-12 21:48:32');
INSERT INTO `edu_course_description` VALUES ('1657020082662424577', '<p>后续补充</p>', '2023-05-12 21:49:08', '2023-05-12 21:49:08');
INSERT INTO `edu_course_description` VALUES ('1657020328691908609', '<p>后续补充</p>', '2023-05-12 21:50:07', '2023-05-12 21:50:07');
INSERT INTO `edu_course_description` VALUES ('1657020536133795842', '<p>后续补充</p>', '2023-05-12 21:50:56', '2023-05-12 21:50:56');
INSERT INTO `edu_course_description` VALUES ('1657020752371138561', '<p>后续补充</p>', '2023-05-12 21:51:48', '2023-05-12 21:51:48');
INSERT INTO `edu_course_description` VALUES ('1657020953848725505', '<p>后续补充</p>', '2023-05-12 21:52:36', '2023-05-12 21:52:36');
INSERT INTO `edu_course_description` VALUES ('1657021199551053825', '<p>后续补充</p>', '2023-05-12 21:53:35', '2023-05-12 21:53:35');
INSERT INTO `edu_course_description` VALUES ('1657021462361948162', '<p>后续补充</p>', '2023-05-12 21:54:37', '2023-05-12 21:54:37');
INSERT INTO `edu_course_description` VALUES ('1657021827681632258', '<p>后续补充</p>', '2023-05-12 21:56:04', '2023-05-12 21:56:04');
INSERT INTO `edu_course_description` VALUES ('1657022108318318593', '<p>后续补充</p>', '2023-05-12 21:57:11', '2023-05-12 21:57:11');
INSERT INTO `edu_course_description` VALUES ('1657022500624154626', '<p>后续补充</p>', '2023-05-12 21:58:45', '2023-05-12 21:58:45');

-- ----------------------------
-- Table structure for edu_subject
-- ----------------------------
DROP TABLE IF EXISTS `edu_subject`;
CREATE TABLE `edu_subject` (
  `id` char(19) DEFAULT NULL COMMENT '课程类别ID',
  `title` varchar(10) NOT NULL COMMENT '类别名称',
  `parent_id` char(19) NOT NULL DEFAULT '0' COMMENT '父ID',
  `sort` int unsigned NOT NULL DEFAULT '0' COMMENT '排序字段',
  `gmt_create` datetime NOT NULL COMMENT '创建时间',
  `gmt_modified` datetime NOT NULL COMMENT '更新时间',
  KEY `idx_parent_id` (`parent_id`)
) ENGINE=InnoDB DEFAULT CHARSET=utf8mb4 COLLATE=utf8mb4_0900_ai_ci ROW_FORMAT=COMPACT COMMENT='课程科目';

-- ----------------------------
-- Records of edu_subject
-- ----------------------------
INSERT INTO `edu_subject` VALUES ('1293200126289928194', '前端开发', '0', '0', '2020-08-11 22:58:31', '2020-08-11 22:58:31');
INSERT INTO `edu_subject` VALUES ('1293200126319288322', 'vue', '1293200126289928194', '0', '2020-08-11 22:58:31', '2020-08-11 22:58:31');
INSERT INTO `edu_subject` VALUES ('1293200126365425666', 'JavaScript', '1293200126289928194', '0', '2020-08-11 22:58:31', '2020-08-11 22:58:31');
INSERT INTO `edu_subject` VALUES ('1293200126688387074', 'JQuery', '1293200126289928194', '0', '2020-08-11 22:58:31', '2020-08-11 22:58:31');
INSERT INTO `edu_subject` VALUES ('1293200126705164289', '后端开发', '0', '0', '2020-08-11 22:58:31', '2020-08-11 22:58:31');
INSERT INTO `edu_subject` VALUES ('1293200126730330114', 'java', '1293200126705164289', '0', '2020-08-11 22:58:31', '2020-08-11 22:58:31');
INSERT INTO `edu_subject` VALUES ('1293200126772273153', 'c++', '1293200126705164289', '0', '2020-08-11 22:58:31', '2020-08-11 22:58:31');
INSERT INTO `edu_subject` VALUES ('1293200126793244674', '数据库开发', '0', '0', '2020-08-11 22:58:31', '2020-08-11 22:58:31');
INSERT INTO `edu_subject` VALUES ('1293200126810021889', 'mysql', '1293200126793244674', '0', '2020-08-11 22:58:31', '2020-08-11 22:58:31');
INSERT INTO `edu_subject` VALUES ('1636697564038422529', 'vue2', '1293200126289928194', '0', '2023-03-17 19:54:42', '2023-03-17 19:54:42');

-- ----------------------------
-- Table structure for edu_teacher
-- ----------------------------
DROP TABLE IF EXISTS `edu_teacher`;
CREATE TABLE `edu_teacher` (
  `id` char(19) NOT NULL COMMENT '讲师ID',
  `name` varchar(20) NOT NULL COMMENT '讲师姓名',
  `intro` varchar(500) NOT NULL DEFAULT '' COMMENT '讲师简介',
  `career` varchar(500) DEFAULT NULL COMMENT '讲师资历,一句话说明讲师',
  `level` int unsigned NOT NULL COMMENT '头衔 1高级讲师 2首席讲师',
  `avatar` varchar(255) DEFAULT NULL COMMENT '讲师头像',
  `sort` int unsigned NOT NULL DEFAULT '0' COMMENT '排序',
  `is_deleted` tinyint unsigned NOT NULL DEFAULT '0' COMMENT '逻辑删除 1（true）已删除， 0（false）未删除',
  `gmt_create` datetime NOT NULL COMMENT '创建时间',
  `gmt_modified` datetime NOT NULL COMMENT '更新时间',
  PRIMARY KEY (`id`),
  UNIQUE KEY `uk_name` (`name`)
) ENGINE=InnoDB DEFAULT CHARSET=utf8mb4 COLLATE=utf8mb4_0900_ai_ci COMMENT='讲师';

-- ----------------------------
-- Records of edu_teacher
-- ----------------------------
INSERT INTO `edu_teacher` VALUES ('1', '张三', '清华大学经济学博士后，曾任中央银行行长、清华大学经管学院院长。', '清华大学', '1', 'https://online-education-test1010.oss-cn-fuzhou.aliyuncs.com/2023/04/%E6%96%B0%E5%BB%BA%E6%96%87%E4%BB%B6%E5%A4%B9/%E6%96%B0%E5%BB%BA%E6%96%87%E4%BB%B6%E5%A4%B9/mmexport1629909394962.jpg', '0', '0', '2019-10-30 14:18:46', '2023-03-08 20:44:18');
INSERT INTO `edu_teacher` VALUES ('1189389726308478977', '晴天', '中国光网络的先驱者之一，同时也是中国电信行业的著名专家，他的主要研究方向包括：光通信、接入网、NGN/NGI 以及网络演进策略。迄今为止，他已经发表了100多篇论文，并出版了9本专业书籍。从2001年至2008年，他担任中国电信集团的首席技术官一职，2008年以后，他出任中国电信集团科学技术委员会主任。目前他还担任中华人民共和国工业与信息化部科学技术委员会常务副主任，以及2014年11月成立的SDN/NFV 产业联盟理事长，新一代光传送网发展论坛(NGOF)理事长。', '清华大学', '2', 'https://online-education-test1010.oss-cn-fuzhou.aliyuncs.com/2023/04/%E6%96%B0%E5%BB%BA%E6%96%87%E4%BB%B6%E5%A4%B9/20220301_15090467.png.jpg', '1', '0', '2019-10-30 11:53:03', '2023-05-12 21:36:01');
INSERT INTO `edu_teacher` VALUES ('1189390295668469762', '李刚', '同济大学管理工程学专业毕业，研究生学历，博士学位，苏州大学教授，博士生导师，新教育改革发起人。现任十一届全国人大常委，民进中央专职副主席，中国教育学会副会长。朱永新先后求学于江苏师范学院、上海师范大学、同济大学、复旦大学，主修教育心理学，一直攻读到博士后。20 年来，他在美国、英国、日本和国内发表有关教育的论文 200 余篇，出版了多本论著。', '同济大学', '2', 'https://online-education-test1010.oss-cn-fuzhou.aliyuncs.com/2023/04/%E6%96%B0%E5%BB%BA%E6%96%87%E4%BB%B6%E5%A4%B9/%E6%96%B0%E5%BB%BA%E6%96%87%E4%BB%B6%E5%A4%B9/mmexport1608132867728.jpg', '2', '0', '2019-10-30 11:55:19', '2023-03-08 20:56:28');
INSERT INTO `edu_teacher` VALUES ('1189426437876985857', '王二', '中国人民大学附属中学校长，数学特级教师，现任第十届北京市政协委员，全国劳动模范，中国人民大学党委委员，中国人才研究会超常人才专业委员会副理事长、全国青少年劳技教育发明创造专业委员会主任、中国教育学会高中教育专业委员会副理事长等职务,享受国务院特殊津贴。中国数学奥林匹克高级教练员，所教学生曾获国际奥林匹克数学竞赛金牌、银牌，400余人在全国、北京市中学生数学竞赛中获奖。', '中国人民大学', '1', 'https://online-education-test1010.oss-cn-fuzhou.aliyuncs.com/2023/04/%E6%96%B0%E5%BB%BA%E6%96%87%E4%BB%B6%E5%A4%B9/%E6%96%B0%E5%BB%BA%E6%96%87%E4%BB%B6%E5%A4%B9/2a22706a864b9835.jpg', '0', '0', '2019-10-30 14:18:56', '2019-11-12 13:37:35');
INSERT INTO `edu_teacher` VALUES ('1189426464967995393', '王五', '1962年毕业于上海师范学院数学系。现任上海中学校长。主要论著有《多项式《高中数学解题策略》忡学数学教学目的和内容的中西比锄等。现为上海市中小学数学教学研究会副理事长、全国高级中学校长委员会常务理事、IBO国际文凭组织校长委员会委员、上海市教育学会副会长、上海市数学学会常务理事兼中学数学教育委员会主任、上海市中学教师高级职称评审委员会委员兼数学学科组组长、上海师范大学兼职教授及教育硕士兼职导师。', '上海师范学院', '1', 'https://online-education-test1010.oss-cn-fuzhou.aliyuncs.com/2023/04/%E6%96%B0%E5%BB%BA%E6%96%87%E4%BB%B6%E5%A4%B9/%E6%96%B0%E5%BB%BA%E6%96%87%E4%BB%B6%E5%A4%B9/2109743358.jpeg', '0', '0', '2019-10-30 14:19:02', '2019-11-12 13:37:18');
INSERT INTO `edu_teacher` VALUES ('1192249914833055746', '李四', '辽宁省盘锦市教育局局长，当代著名教育改革家。因在教育教改中的突出成绩，先后荣获省功勋教师、全国劳动模范、全国优秀班主任、全国有突出贡献的中青年专家、首届中国十大杰出青年等殊荣。兼任全国教育科研规划领导小组成员、中国中学学习科学研究会理事长、全国中语会副理事会长。著有《语文教学探索》、《班主任工作漫谈》、《家教漫谈》等书。教育思想：教育民主、科学管理。', '清华大学', '1', 'https://online-education-test1010.oss-cn-fuzhou.aliyuncs.com/2023/04/%E6%96%B0%E5%BB%BA%E6%96%87%E4%BB%B6%E5%A4%B9/%E6%96%B0%E5%BB%BA%E6%96%87%E4%BB%B6%E5%A4%B9/2105949821.jpeg', '0', '0', '2019-11-07 09:18:25', '2019-11-12 13:37:01');
INSERT INTO `edu_teacher` VALUES ('1192327476087115778', '张晶', '现任上海市教育科学研究院副院长、研究员，华东师范大学教授、博士生导师。在上海青浦县主持了长达15年的数学教育改革实验，并进行了近十年的后续研究。多次被评为上海市劳动模范、全国劳动模范，并荣获“全国五一劳动奖章”等。是上海市首届教育功臣、享受国务院特殊津贴的专家。主要著述有《学会教学》、《教学实验论》《当代教学策略》《寻找中间地带》《教学改革的行动诠释》等。教育思想：行动教育。', '复旦大学', '1', 'https://online-education-test1010.oss-cn-fuzhou.aliyuncs.com/2023/04/%E6%96%B0%E5%BB%BA%E6%96%87%E4%BB%B6%E5%A4%B9/%E6%96%B0%E5%BB%BA%E6%96%87%E4%BB%B6%E5%A4%B9/1668220453384.jpeg', '0', '0', '2019-11-07 14:26:37', '2023-04-06 15:20:52');
INSERT INTO `edu_teacher` VALUES ('1195337453429129218', '林鹏', '数学特级教师，享受国务院特殊津贴专家，北京附属中学副校长。曾荣获“北京市十大杰出青年”“全国优秀教师”“苏步青数学教育奖”一等奖、胡楚南优秀教学成果奖等荣誉。他的“中学数学建模和导学探索的教学模式”在中学数学界引起了极大的反响。', '北京大学', '1', 'https://online-education-test1010.oss-cn-fuzhou.aliyuncs.com/2023/04/%E6%96%B0%E5%BB%BA%E6%96%87%E4%BB%B6%E5%A4%B9/2188242325.jpeg', '0', '0', '2019-11-15 21:47:12', '2020-08-04 23:45:31');
INSERT INTO `edu_teacher` VALUES ('1289906631454273538', '王鲲鹏', '中国人民大学附中校长，北京市数学特级教师。第十届北京市政协委员，中国数学奥林匹克高级教练员。荣获北京市优秀教师、北京市劳动模范、全国三八红旗手、全国教育系统先进工作者等称号。著有《人生为一大事来》、《我的教育思想》等。', '中国人民大学', '0', 'https://online-education-test1010.oss-cn-fuzhou.aliyuncs.com/2023/04/%E6%96%B0%E5%BB%BA%E6%96%87%E4%BB%B6%E5%A4%B9/1842852813.jpg', '0', '0', '2020-08-02 20:51:21', '2020-08-02 21:07:03');
INSERT INTO `edu_teacher` VALUES ('1290646470801776642', '张武', '国家督学，山东省潍坊市教育局局长，全国优秀教师，全国劳动模范。独创的“语文实验室计划”获全国教育实验优秀教改成果二等奖，并走上国际讲台。著有《教育随想录》、《为了自由呼吸的教育》、《学生第二〉《36天，我的美国教育之旅〉等。', '南京大学', '1', 'https://online-education-test1010.oss-cn-fuzhou.aliyuncs.com/2023/04/%E6%96%B0%E5%BB%BA%E6%96%87%E4%BB%B6%E5%A4%B9/mmexport1683245391199.jpg', '1', '0', '2020-08-04 21:51:12', '2020-08-04 21:51:12');
INSERT INTO `edu_teacher` VALUES ('1290647121648709633', '李鹏', '北京师范大学心理学部教授。教书育人是他毕生的事业，“培养出超越自己、值得自己崇拜的学生”是他的教育理念。他培养出了88名博士，为中国发展心理学研究的学术梯队建设做出了重要贡献。他坚持“严在当严处，爱在细微中”的育人观，在科研上对学生严格要求，在生活中对学生关心无微不至。他是师德教育的研究者，也是高尚师德的践行者，2021年被教育部聘为全国师德师风建设专家委员会总顾问。曾获全国劳动模范、全国十佳师德标兵、北京市人民教师等荣誉。', '北京师范大学', '1', 'https://online-education-test1010.oss-cn-fuzhou.aliyuncs.com/2023/04/%E6%96%B0%E5%BB%BA%E6%96%87%E4%BB%B6%E5%A4%B9/mmexport1683191081662.jpg', '1', '0', '2020-08-04 21:53:48', '2020-08-04 21:53:48');
INSERT INTO `edu_teacher` VALUES ('1290670160830558210', '王达', '南开大学物理科学学院教授。他从教28年来，潜心于光学与光子学领域的教学科研工作，积极推动中国物理学教育和科学普及，发起了中国大学生物理学术竞赛，对大学物理教育改革起到了示范作用。他以育人为根本任务，言传身教，培养出一批光学和光子学领域的优秀青年科技人才。他指导研究生在拓扑光子学、弱光非线性与光场调控、铌酸锂光电器件等领域取得多项原始创新成果，引领相关领域创新发展，部分成果应用于载人航天、航母等重大工程。曾获宝钢优秀教师奖、全国优秀科技工作者等荣誉。', '南开大学', '1', 'https://online-education-test1010.oss-cn-fuzhou.aliyuncs.com/2023/04/%E6%96%B0%E5%BB%BA%E6%96%87%E4%BB%B6%E5%A4%B9/mmexport1673963639488.jpg', '0', '0', '2020-08-04 23:25:20', '2020-08-05 15:16:24');
INSERT INTO `edu_teacher` VALUES ('1290907563440754690', '杰克', '山西大学光电研究所教授。他始终牢记人民教师的光荣职责，坚持扎根于中西部，突出因材施教，注重培养学生科研兴趣，鼓励他们大胆假设、小心求证，培养出一批有理想、有本领、有担当的优秀青年人才。他坚守科技教育工作使命，瞄准国际科学前沿、国家战略需求以及地方转型发展需要，围绕“卡脖子”技术，矢志打造一流团队、完成一流成果，在国际上率先实验实现一维和两维自旋轨道耦合的简并费米气体。他坚持学高为师、身正为范、教学相长，打造有力教师团队，入选教育部“全国高校黄大年式教师团队”。曾获全国五一劳动奖章、山西省特级劳动模范等荣誉。', '山西大学', '1', 'https://online-education-test1010.oss-cn-fuzhou.aliyuncs.com/2023/04/%E6%96%B0%E5%BB%BA%E6%96%87%E4%BB%B6%E5%A4%B9/mmexport1668416924194.jpg', '1', '0', '2020-08-05 15:08:42', '2020-08-05 15:08:42');
INSERT INTO `edu_teacher` VALUES ('1292097031057219585', '龙洋', '吉林农业大学农学院教授、中国工程院院士。作为菌物学学科的拓荒者，他始终以立德树人为根本，系统做好人才培养工作，经过30余年努力，他为学校建立了从专科到博士的菌物科学与食用菌工程人才培养体系和学科发展体系，培养了100多名农业技术和经营管理人才。他始终秉持教书育人初心，几十年如一日潜心教学，古稀之年仍坚持为本科生授课。他治学严谨、甘为人梯，以卓越学识和崇高品格，凝聚和培养了一代又一代教师，推动教育事业青蓝相续、薪火相传。曾获国家教学名师、全国优秀教育工作者、全国脱贫攻坚楷模等荣誉。', '吉林农业大学', '1', 'https://online-education-test1010.oss-cn-fuzhou.aliyuncs.com/2023/04/%E6%96%B0%E5%BB%BA%E6%96%87%E4%BB%B6%E5%A4%B9/%E6%96%B0%E5%BB%BA%E6%96%87%E4%BB%B6%E5%A4%B9/-77c19ba3cee1f73c.jpg', '0', '0', '2020-08-08 21:55:13', '2020-08-08 21:55:13');
INSERT INTO `edu_teacher` VALUES ('1294175384794947586', '廖大姐', '复旦大学上海医学院教授、中国科学院院士。从教30多年来，他坚持躬耕在教学一线，关注学生全面发展，悉心引导学生在科研领域攻坚克难，为医学事业培养了大量人才。在教学工作中，他以大先生为追求，强调德才兼备，坚持以身作则，将大医情怀传递给学生，以师德培养医德，让每位学生在行医生涯中为患者带去生命之光。作为医院管理者，他忠实履行附属医院在医学教育中的责任和使命，推动建设一流医学教育，为健康中国添砖加瓦。作为医学专家，立足临床，以病人为中心，创新治疗手段，勇斗“癌王”，为病人带来希望。曾获国家科技进步二等奖、宝钢优秀教师奖等荣誉。', '复旦大学', '1', 'https://online-education-test1010.oss-cn-fuzhou.aliyuncs.com/2023/04/%E6%96%B0%E5%BB%BA%E6%96%87%E4%BB%B6%E5%A4%B9/mmexport1657431390736.jpg', '0', '0', '2020-08-14 15:33:51', '2020-08-14 15:33:51');
INSERT INTO `edu_teacher` VALUES ('1630912954054598657', '陈博宇', '东南大学附属中大医院教授。他扎根教学一线30年，培养硕士、博士研究生243人，很多毕业生成为重症医学骨干力量。他在重症医学教育教学改革中做出了重要探索，修订重症医学质控指标，率先在江苏省试点重症医学专项规范技能培训和资格认证。在防控新冠肺炎疫情工作中，他秉持“重症病人在哪里，我就应该在哪里”作风，持续战斗在救治一线。', '东南大学', '1', 'https://online-education-test1010.oss-cn-fuzhou.aliyuncs.com/2023/04/%E6%96%B0%E5%BB%BA%E6%96%87%E4%BB%B6%E5%A4%B9/mmexport1657431379629.jpg', '0', '0', '2023-03-01 20:48:44', '2023-03-01 21:29:50');
INSERT INTO `edu_teacher` VALUES ('1634172817689841665', '陈柏', '山东农业大学农学院教授。从教30多年来，他始终坚持“德才兼备、以德为先”的育人理念，用自己的实际行动诠释着“学为人师、行为世范”的人民教师职业准则。他教导学生学农爱农、立志为农，引导学生将个人理想融入国家发展战略，多名毕业生被评为全国劳动模范，成为行业优秀人才。他历经20年，成功克隆抗赤霉病基因Fhb7并探明其遗传和分子机理，实现了重要科技突破。', '山东农业大学', '1', 'https://online-education-test1010.oss-cn-fuzhou.aliyuncs.com/2023/04/%E6%96%B0%E5%BB%BA%E6%96%87%E4%BB%B6%E5%A4%B9/46cc36ac885cb1d1.jpg', '1', '0', '2023-03-10 20:42:16', '2023-03-10 20:42:21');
INSERT INTO `edu_teacher` VALUES ('1635506140278218754', '郑达', '武汉大学遥感信息工程学院教授、中国工程院院士。他以大先生为追求，61年坚守教学一线，无论是当副校长期间还是当院士后，都从未间断亲自上讲台授课，培养了一批又一批遥感测绘之才。他不遗余力提携后学，不拘一格使用人才，创造平台让他们施展特长，凝聚起遥感测绘研究的强大团队。他向学院捐赠100万元设立“教书育人奖”，奖励教书育人方面表现突出的优秀教师。他首次提出了数字摄影测量网格思想，研制出我国首套完全自主知识产权的航空航天遥感影像数字摄影测量网格处理系统，打破了国际软件的垄断，极大推动了我国摄影测量技术的进步与产业化发展。曾获国家自然科学奖二等奖、湖北省荆楚楷模年度人物等荣誉。', '武汉大学', '1', 'https://online-education-test1010.oss-cn-fuzhou.aliyuncs.com/2023/04/%E6%96%B0%E5%BB%BA%E6%96%87%E4%BB%B6%E5%A4%B9/mmexport1658826061758.jpg', '1', '0', '2023-03-14 13:00:25', '2023-03-14 13:00:25');
INSERT INTO `edu_teacher` VALUES ('1656657733594214402', '张小静', '中南大学地球科学与信息物理学院教授、中国工程院院士。他从事高等教育及科学研究60多年，是我国电磁勘探领域的开拓者，领衔建立的电磁探测中国学派，引领国际地球物理学前沿。他为人师表，在耄耋之年仍奔波在教学科研一线，为我国深地探测战略和新能源战略的实施贡献力量。他注重教学科研创新，培养了大批高层次中青年人才，很多毕业生成为电磁勘探领域的中坚力量。', '中南大学', '1', 'https://online-education-test1010.oss-cn-fuzhou.aliyuncs.com/2023/03/14e63cd250e4044a36b5a47ba6a1a64f5afile.png', '2', '0', '2023-05-11 21:49:18', '2023-05-11 21:49:18');
INSERT INTO `edu_teacher` VALUES ('2', '周杰伦', '华南理工大学建筑学院教授、中国科学院院士。他以大先生为追求，做建筑环境声学研究与教学领域的拓荒人与推动者，培养了众多优秀的硕士、博士毕业生，为该学科在我国的发展培养了重要的学术力量。他热爱教育事业，秉持着“熟能生巧”“他山之石，可以攻玉”“文理兼修”等教育理念，潜心教书育人，力做学生为学、为事、为人的示范。\r\n华南理工大学建筑学院教授、中国科学院院士。他以大先生为追求，做建筑环境声学研究与教学领域的拓荒人与推动者，培养了众多优秀的硕士、博士毕业生，为该学科在我国的发展培养了重要的学术力量。他热爱教育事业，秉持着“熟能生巧”“他山之石，可以攻玉”“文理兼修”等教育理念，潜心教书育人，力做学生为学、为事、为人的示范。', '华南理工大学', '1', 'https://online-education-test1010.oss-cn-fuzhou.aliyuncs.com/2023/04/%E6%96%B0%E5%BB%BA%E6%96%87%E4%BB%B6%E5%A4%B9/2179794410.jpeg', '0', '0', '2020-08-02 16:54:17', '2020-08-02 16:54:21');
INSERT INTO `edu_teacher` VALUES ('66', '廖晓悦', '西安电子科技大学微电子学院教授、中国科学院院士。他扎根祖国西部四十年如一日，深耕讲坛、潜心育人，先后培养硕士、博士毕业生370多名。他创新教育教学理念，构建了“理论课程—实践能力—创新素质”三位一体集成电路复合型创新人才培养模式，在全国多所高校推广应用，为我国关键技术领域突破培养了大批拔尖创新人才。', '西安电子科技大学', '2', 'https://online-education-test1010.oss-cn-fuzhou.aliyuncs.com/2023/04/%E6%96%B0%E5%BB%BA%E6%96%87%E4%BB%B6%E5%A4%B9/%E6%96%B0%E5%BB%BA%E6%96%87%E4%BB%B6%E5%A4%B9/mmexport1657431379629.jpg', '0', '0', '2020-08-03 16:44:36', '2023-03-08 20:51:25');
INSERT INTO `edu_teacher` VALUES ('999', '热巴', '宁夏大学化学化工学院教授。她扎根西部二十五载，坚守教书育人一线，在构建化工专业本科人才实践能力培养模式方面不断探索，取得扎实育人成效。她注重创新创业教育，先后指导200多名学生参加各种创新创业项目，获得各级奖励30余项。', '宁夏大学', '0', 'https://online-education-test1010.oss-cn-fuzhou.aliyuncs.com/2023/04/%E6%96%B0%E5%BB%BA%E6%96%87%E4%BB%B6%E5%A4%B9/mmexport1683430598949.jpg', '0', '0', '2020-07-27 17:18:04', '2020-08-04 17:18:08');

-- ----------------------------
-- Table structure for edu_video
-- ----------------------------
DROP TABLE IF EXISTS `edu_video`;
CREATE TABLE `edu_video` (
  `id` char(19) NOT NULL COMMENT '视频ID',
  `course_id` char(19) NOT NULL COMMENT '课程ID',
  `chapter_id` char(19) NOT NULL COMMENT '章节ID',
  `title` varchar(50) NOT NULL COMMENT '节点名称',
  `video_source_id` varchar(100) DEFAULT NULL COMMENT '云端视频资源',
  `video_original_name` varchar(100) DEFAULT NULL COMMENT '原始文件名称',
  `sort` int unsigned NOT NULL DEFAULT '0' COMMENT '排序字段',
  `play_count` bigint unsigned NOT NULL DEFAULT '0' COMMENT '播放次数',
  `is_free` tinyint unsigned NOT NULL DEFAULT '0' COMMENT '是否可以试听：0收费 1免费',
  `duration` float NOT NULL DEFAULT '0' COMMENT '视频时长（秒）',
  `status` varchar(20) NOT NULL DEFAULT 'Empty' COMMENT 'Empty未上传 Transcoding转码中  Normal正常',
  `size` bigint unsigned NOT NULL DEFAULT '0' COMMENT '视频源文件大小（字节）',
  `version` bigint unsigned NOT NULL DEFAULT '1' COMMENT '乐观锁',
  `gmt_create` datetime NOT NULL COMMENT '创建时间',
  `gmt_modified` datetime NOT NULL COMMENT '更新时间',
  PRIMARY KEY (`id`),
  KEY `idx_course_id` (`course_id`),
  KEY `idx_chapter_id` (`chapter_id`)
) ENGINE=InnoDB DEFAULT CHARSET=utf8mb4 COLLATE=utf8mb4_0900_ai_ci ROW_FORMAT=COMPACT COMMENT='课程视频';

-- ----------------------------
-- Records of edu_video
-- ----------------------------
INSERT INTO `edu_video` VALUES ('1', '1294175937918787585', '1294175999164014594', '艺术的起源', 'fedcdb5027c5428ba29b93f7ef7c7a93', '', '0', '0', '0', '0', 'Empty', '0', '1', '2020-08-14 15:36:57', '2020-08-14 15:36:57');
INSERT INTO `edu_video` VALUES ('1292090147784925186', '1292089410745049089', '1292089439882878978', '第一节', 'e895880ce4784d9a866b17e8d8cd377b', '6 - What If I Want to Move Faster.mp4', '0', '0', '0', '0', 'Empty', '0', '1', '2020-08-08 21:27:52', '2020-08-08 21:27:52');
INSERT INTO `edu_video` VALUES ('1292097844735418369', '1292097678242521090', '1292097784467464194', '什么是时间', '851d386575034d1aa196f35525f9ad72', null, '0', '0', '0', '0', 'Empty', '0', '1', '2020-08-08 21:58:27', '2020-08-08 21:58:27');
INSERT INTO `edu_video` VALUES ('1292097969151057921', '1292097678242521090', '1292097784467464194', '为什么要时间管理', '851d386575034d1aa196f35525f9ad72', null, '0', '0', '0', '0', 'Empty', '0', '1', '2020-08-08 21:58:57', '2020-08-08 21:58:57');
INSERT INTO `edu_video` VALUES ('1292098059089518594', '1292097678242521090', '1292097784467464194', '怎样实现时间管理', '851d386575034d1aa196f35525f9ad72', null, '0', '0', '0', '0', 'Empty', '0', '1', '2020-08-08 21:59:18', '2020-08-08 21:59:18');
INSERT INTO `edu_video` VALUES ('1292380892084277249', '1292380353153961986', '1292380380689567746', '9999', '851d386575034d1aa196f35525f9ad72', '6 - What If I Want to Move Faster.mp4', '0', '0', '0', '0', 'Empty', '0', '1', '2020-08-09 16:43:11', '2020-08-09 16:43:11');
INSERT INTO `edu_video` VALUES ('1292682517811355649', '1292682429575782401', '1292682457631481857', '151', '851d386575034d1aa196f35525f9ad72', null, '10', '0', '0', '0', 'Empty', '0', '1', '2020-08-10 12:41:44', '2020-08-10 12:41:44');
INSERT INTO `edu_video` VALUES ('1294176165854044162', '1294175937918787585', '1294175999164014594', '艺术的起源', '851d386575034d1aa196f35525f9ad72', null, '0', '0', '0', '0', 'Empty', '0', '1', '2020-08-14 15:36:57', '2020-08-14 15:36:57');
INSERT INTO `edu_video` VALUES ('1294176222691057665', '1294175937918787585', '1294175999164014594', '艺术的发展过程', '851d386575034d1aa196f35525f9ad72', null, '0', '0', '0', '0', 'Empty', '0', '1', '2020-08-14 15:37:11', '2020-08-14 15:37:11');
INSERT INTO `edu_video` VALUES ('1643531161311379457', '15', '1643511234965807106', '第一节 获取变身器入门', '\r\nd00d3840d75671eda0b40764a0ec0102', null, '1', '0', '1', '0', 'Empty', '0', '1', '2023-04-05 16:28:59', '2023-04-05 16:51:55');
INSERT INTO `edu_video` VALUES ('1643531359244779521', '15', '1643511234965807106', '第二节 变身器石化怎么办', '\r\nd00d3840d75671eda0b40764a0ec0102', null, '3', '0', '0', '0', 'Empty', '0', '1', '2023-04-05 16:29:46', '2023-04-05 16:44:47');
INSERT INTO `edu_video` VALUES ('1645020757488652289', '18', '666666', '测试20230409video', 'a9a11e80e6ae71ed8ccc0764b3ec0102', '6 - What If I Want to Move Faster.mp4', '3', '0', '0', '0', 'Empty', '0', '1', '2023-04-09 19:08:06', '2023-04-30 00:55:38');
INSERT INTO `edu_video` VALUES ('1657007785076346882', '1657002640489943042', '1657002735784529921', '第一节 Java从何而来', 'a9a11e80e6ae71ed8ccc0764b3ec0102', '', '1', '0', '1', '0', 'Empty', '0', '1', '2023-05-12 21:00:16', '2023-05-12 21:18:26');
INSERT INTO `edu_video` VALUES ('1657012565077147649', '1657002640489943042', '1657002735784529921', '第二节 Java如何发展', 'a9a11e80e6ae71ed8ccc0764b3ec0102', '', '1', '0', '1', '0', 'Empty', '0', '1', '2023-05-12 21:19:16', '2023-05-12 21:19:16');
INSERT INTO `edu_video` VALUES ('1657012749223870465', '1657002640489943042', '1657012621188546562', '第一节 开发环境', 'a9a11e80e6ae71ed8ccc0764b3ec0102', '', '1', '0', '0', '0', 'Empty', '0', '1', '2023-05-12 21:20:00', '2023-05-12 21:20:00');
INSERT INTO `edu_video` VALUES ('1657012806702612482', '1657002640489943042', '1657012621188546562', '第二节 Java基础语法', 'a9a11e80e6ae71ed8ccc0764b3ec0102', '', '1', '0', '0', '0', 'Empty', '0', '1', '2023-05-12 21:20:14', '2023-05-12 21:20:14');
INSERT INTO `edu_video` VALUES ('1657012936205942786', '1657002640489943042', '1657012873559818241', '第一节 反射机制', 'a9a11e80e6ae71ed8ccc0764b3ec0102', '', '0', '0', '0', '0', 'Empty', '0', '1', '2023-05-12 21:20:44', '2023-05-12 21:20:44');
INSERT INTO `edu_video` VALUES ('1657012994456436737', '1657002640489943042', '1657012873559818241', '第二节 Java8的新特性', 'a9a11e80e6ae71ed8ccc0764b3ec0102', '', '1', '0', '0', '0', 'Empty', '0', '1', '2023-05-12 21:20:58', '2023-05-12 21:20:58');
INSERT INTO `edu_video` VALUES ('1657014028398510082', '1657013984710639617', '1657014008970493953', '第一节', 'a9a11e80e6ae71ed8ccc0764b3ec0102', '', '0', '0', '0', '0', 'Empty', '0', '1', '2023-05-12 21:25:05', '2023-05-12 21:25:05');
INSERT INTO `edu_video` VALUES ('1657014046400462849', '1657013984710639617', '1657014008970493953', '第二节', 'a9a11e80e6ae71ed8ccc0764b3ec0102', '', '0', '0', '0', '0', 'Empty', '0', '1', '2023-05-12 21:25:09', '2023-05-12 21:25:09');
INSERT INTO `edu_video` VALUES ('1657014089706651650', '1657013984710639617', '1657014068865155074', '第一节', 'a9a11e80e6ae71ed8ccc0764b3ec0102', '', '1', '0', '0', '0', 'Empty', '0', '1', '2023-05-12 21:25:19', '2023-05-12 21:25:19');
INSERT INTO `edu_video` VALUES ('1657014109751230466', '1657013984710639617', '1657014068865155074', '第二节', 'a9a11e80e6ae71ed8ccc0764b3ec0102', '', '2', '0', '0', '0', 'Empty', '0', '1', '2023-05-12 21:25:24', '2023-05-12 21:25:24');
INSERT INTO `edu_video` VALUES ('1657017209392218114', '1657017156397187073', '1657017185555988481', '第一节', 'a9a11e80e6ae71ed8ccc0764b3ec0102', '', '0', '0', '1', '0', 'Empty', '0', '1', '2023-05-12 21:37:43', '2023-05-12 21:37:43');
INSERT INTO `edu_video` VALUES ('1657017230787362817', '1657017156397187073', '1657017185555988481', '第二节', 'a9a11e80e6ae71ed8ccc0764b3ec0102', '', '1', '0', '1', '0', 'Empty', '0', '1', '2023-05-12 21:37:48', '2023-05-12 21:37:48');
INSERT INTO `edu_video` VALUES ('1657017424513875970', '1657017368071127042', '1657017391043330050', '第一节', 'a9a11e80e6ae71ed8ccc0764b3ec0102', '', '0', '0', '0', '0', 'Empty', '0', '1', '2023-05-12 21:38:35', '2023-05-12 21:38:35');
INSERT INTO `edu_video` VALUES ('1657017439210717185', '1657017368071127042', '1657017391043330050', '第二节', 'a9a11e80e6ae71ed8ccc0764b3ec0102', '', '0', '0', '0', '0', 'Empty', '0', '1', '2023-05-12 21:38:38', '2023-05-12 21:38:38');
INSERT INTO `edu_video` VALUES ('1657017487260663810', '1657017368071127042', '1657017463005003777', '第一节', 'a9a11e80e6ae71ed8ccc0764b3ec0102', '', '0', '0', '0', '0', 'Empty', '0', '1', '2023-05-12 21:38:50', '2023-05-12 21:38:50');
INSERT INTO `edu_video` VALUES ('1657017905306943490', '1657017611118460929', '1657017662108614657', '第一节', 'a9a11e80e6ae71ed8ccc0764b3ec0102', '', '0', '0', '0', '0', 'Empty', '0', '1', '2023-05-12 21:40:29', '2023-05-12 21:40:29');
INSERT INTO `edu_video` VALUES ('1657017927960379393', '1657017611118460929', '1657017662108614657', '第二节', 'a9a11e80e6ae71ed8ccc0764b3ec0102', '', '1', '0', '0', '0', 'Empty', '0', '1', '2023-05-12 21:40:35', '2023-05-12 21:40:35');
INSERT INTO `edu_video` VALUES ('1657017968422830081', '1657017611118460929', '1657017950932582401', '第一节', 'a9a11e80e6ae71ed8ccc0764b3ec0102', '', '0', '0', '0', '0', 'Empty', '0', '1', '2023-05-12 21:40:44', '2023-05-12 21:40:44');
INSERT INTO `edu_video` VALUES ('1657018119308722178', '1657018076484878338', '1657018098362368001', '第一节', 'a9a11e80e6ae71ed8ccc0764b3ec0102', '', '0', '0', '0', '0', 'Empty', '0', '1', '2023-05-12 21:41:20', '2023-05-12 21:41:20');
INSERT INTO `edu_video` VALUES ('1657018141232349185', '1657018076484878338', '1657018098362368001', '第二节', 'a9a11e80e6ae71ed8ccc0764b3ec0102', '', '1', '0', '0', '0', 'Empty', '0', '1', '2023-05-12 21:41:25', '2023-05-12 21:41:25');
INSERT INTO `edu_video` VALUES ('1657018413962772482', '1657018369217937410', '1657018393121275906', '第一节', 'a9a11e80e6ae71ed8ccc0764b3ec0102', '', '0', '0', '1', '0', 'Empty', '0', '1', '2023-05-12 21:42:30', '2023-05-12 21:42:30');
INSERT INTO `edu_video` VALUES ('1657018432228966402', '1657018369217937410', '1657018393121275906', '第二节', 'a9a11e80e6ae71ed8ccc0764b3ec0102', '', '0', '0', '1', '0', 'Empty', '0', '1', '2023-05-12 21:42:35', '2023-05-12 21:42:35');
INSERT INTO `edu_video` VALUES ('1657018509311885314', '1657018369217937410', '1657018491683225601', '第一节', 'a9a11e80e6ae71ed8ccc0764b3ec0102', '', '0', '0', '0', '0', 'Empty', '0', '1', '2023-05-12 21:42:53', '2023-05-12 21:42:53');
INSERT INTO `edu_video` VALUES ('1657018859855036417', '1657018639540830209', '1657018671585312769', '第一节', 'a9a11e80e6ae71ed8ccc0764b3ec0102', '', '0', '0', '1', '0', 'Empty', '0', '1', '2023-05-12 21:44:17', '2023-05-12 21:44:17');
INSERT INTO `edu_video` VALUES ('1657018875873083394', '1657018639540830209', '1657018671585312769', '第二节', 'a9a11e80e6ae71ed8ccc0764b3ec0102', '', '0', '0', '0', '0', 'Empty', '0', '1', '2023-05-12 21:44:21', '2023-05-12 21:44:21');
INSERT INTO `edu_video` VALUES ('1657018924468289537', '1657018639540830209', '1657018900636254210', '第一节', 'a9a11e80e6ae71ed8ccc0764b3ec0102', '', '0', '0', '1', '0', 'Empty', '0', '1', '2023-05-12 21:44:32', '2023-05-12 21:44:32');
INSERT INTO `edu_video` VALUES ('1657018940570222594', '1657018639540830209', '1657018900636254210', '第二节', 'a9a11e80e6ae71ed8ccc0764b3ec0102', '', '0', '0', '0', '0', 'Empty', '0', '1', '2023-05-12 21:44:36', '2023-05-12 21:44:36');
INSERT INTO `edu_video` VALUES ('1657019236545478658', '1657019194174619649', '1657019216660283393', '第一节', 'a9a11e80e6ae71ed8ccc0764b3ec0102', '', '0', '0', '0', '0', 'Empty', '0', '1', '2023-05-12 21:45:47', '2023-05-12 21:45:47');
INSERT INTO `edu_video` VALUES ('1657019278459158530', '1657019194174619649', '1657019253477883906', '第一节', 'a9a11e80e6ae71ed8ccc0764b3ec0102', '', '0', '0', '0', '0', 'Empty', '0', '1', '2023-05-12 21:45:57', '2023-05-12 21:45:57');
INSERT INTO `edu_video` VALUES ('1657019321681461249', '1657019194174619649', '1657019305290121217', '第一节', 'a9a11e80e6ae71ed8ccc0764b3ec0102', '', '0', '0', '0', '0', 'Empty', '0', '1', '2023-05-12 21:46:07', '2023-05-12 21:46:07');
INSERT INTO `edu_video` VALUES ('1657019648778452993', '1657019608915787778', '1657019627865653249', '第一节', 'a9a11e80e6ae71ed8ccc0764b3ec0102', '', '0', '0', '1', '0', 'Empty', '0', '1', '2023-05-12 21:47:25', '2023-05-12 21:47:25');
INSERT INTO `edu_video` VALUES ('1657019672732123137', '1657019608915787778', '1657019627865653249', '第二节', 'a9a11e80e6ae71ed8ccc0764b3ec0102', '', '1', '0', '0', '0', 'Empty', '0', '1', '2023-05-12 21:47:31', '2023-05-12 21:47:31');
INSERT INTO `edu_video` VALUES ('1657019974206111746', '1657019929964593153', '1657019957244346370', '第一节', 'a9a11e80e6ae71ed8ccc0764b3ec0102', '', '0', '0', '0', '0', 'Empty', '0', '1', '2023-05-12 21:48:42', '2023-05-12 21:48:42');
INSERT INTO `edu_video` VALUES ('1657020128254509057', '1657020082662424577', '1657020113528307714', '第一节', 'a9a11e80e6ae71ed8ccc0764b3ec0102', '', '0', '0', '0', '0', 'Empty', '0', '1', '2023-05-12 21:49:19', '2023-05-12 21:49:19');
INSERT INTO `edu_video` VALUES ('1657020144100589570', '1657020082662424577', '1657020113528307714', '第二节', 'a9a11e80e6ae71ed8ccc0764b3ec0102', '', '0', '0', '0', '0', 'Empty', '0', '1', '2023-05-12 21:49:23', '2023-05-12 21:49:23');
INSERT INTO `edu_video` VALUES ('1657020378339885057', '1657020328691908609', '1657020354201665537', '第一节', 'a9a11e80e6ae71ed8ccc0764b3ec0102', '', '0', '0', '0', '0', 'Empty', '0', '1', '2023-05-12 21:50:19', '2023-05-12 21:50:19');
INSERT INTO `edu_video` VALUES ('1657020578659844098', '1657020536133795842', '1657020557835124738', '第一节', 'a9a11e80e6ae71ed8ccc0764b3ec0102', '', '0', '0', '1', '0', 'Empty', '0', '1', '2023-05-12 21:51:07', '2023-05-12 21:51:07');
INSERT INTO `edu_video` VALUES ('1657020596355612674', '1657020536133795842', '1657020557835124738', '第二节', 'a9a11e80e6ae71ed8ccc0764b3ec0102', '', '1', '0', '0', '0', 'Empty', '0', '1', '2023-05-12 21:51:11', '2023-05-12 21:51:13');
INSERT INTO `edu_video` VALUES ('1657020842909384705', '1657020752371138561', '1657020792753897474', '第一节', 'a9a11e80e6ae71ed8ccc0764b3ec0102', '', '0', '0', '0', '0', 'Empty', '0', '1', '2023-05-12 21:52:10', '2023-05-12 21:52:10');
INSERT INTO `edu_video` VALUES ('1657021000871067650', '1657020953848725505', '1657020977357799426', '第一节', 'a9a11e80e6ae71ed8ccc0764b3ec0102', '', '0', '0', '0', '0', 'Empty', '0', '1', '2023-05-12 21:52:47', '2023-05-12 21:52:47');
INSERT INTO `edu_video` VALUES ('1657021021934862338', '1657020953848725505', '1657020977357799426', '第二节', 'a9a11e80e6ae71ed8ccc0764b3ec0102', '', '1', '0', '0', '0', 'Empty', '0', '1', '2023-05-12 21:52:52', '2023-05-12 21:52:52');
INSERT INTO `edu_video` VALUES ('1657021254278332417', '1657021199551053825', '1657021229729071105', '第一节', 'a9a11e80e6ae71ed8ccc0764b3ec0102', '', '0', '0', '0', '0', 'Empty', '0', '1', '2023-05-12 21:53:48', '2023-05-12 21:53:48');
INSERT INTO `edu_video` VALUES ('1657021308426797058', '1657021199551053825', '1657021229729071105', '第二节', 'a9a11e80e6ae71ed8ccc0764b3ec0102', '', '1', '0', '0', '0', 'Empty', '0', '1', '2023-05-12 21:54:01', '2023-05-12 21:54:01');
INSERT INTO `edu_video` VALUES ('1657021502702764033', '1657021462361948162', '1657021485552254978', '第一节', 'a9a11e80e6ae71ed8ccc0764b3ec0102', '', '0', '0', '0', '0', 'Empty', '0', '1', '2023-05-12 21:54:47', '2023-05-12 21:54:47');
INSERT INTO `edu_video` VALUES ('1657021519681306626', '1657021462361948162', '1657021485552254978', '第二节', 'a9a11e80e6ae71ed8ccc0764b3ec0102', '', '0', '0', '0', '0', 'Empty', '0', '1', '2023-05-12 21:54:51', '2023-05-12 21:54:51');
INSERT INTO `edu_video` VALUES ('1657021539075768321', '1657021462361948162', '1657021485552254978', '第三节', 'a9a11e80e6ae71ed8ccc0764b3ec0102', '', '0', '0', '0', '0', 'Empty', '0', '1', '2023-05-12 21:54:56', '2023-05-12 21:54:56');
INSERT INTO `edu_video` VALUES ('1657021580997836801', '1657021462361948162', '1657021560114397185', '第一节', 'a9a11e80e6ae71ed8ccc0764b3ec0102', '', '0', '0', '0', '0', 'Empty', '0', '1', '2023-05-12 21:55:06', '2023-05-12 21:55:06');
INSERT INTO `edu_video` VALUES ('1657021597716332545', '1657021462361948162', '1657021560114397185', '第二节', 'a9a11e80e6ae71ed8ccc0764b3ec0102', '', '0', '0', '0', '0', 'Empty', '0', '1', '2023-05-12 21:55:10', '2023-05-12 21:55:10');
INSERT INTO `edu_video` VALUES ('1657021874745917442', '1657021827681632258', '1657021857805123586', '第一节', 'a9a11e80e6ae71ed8ccc0764b3ec0102', '', '0', '0', '0', '0', 'Empty', '0', '1', '2023-05-12 21:56:16', '2023-05-12 21:56:16');
INSERT INTO `edu_video` VALUES ('1657022143537889282', '1657022108318318593', '1657022128237068289', '第一节', 'a9a11e80e6ae71ed8ccc0764b3ec0102', '', '0', '0', '0', '0', 'Empty', '0', '1', '2023-05-12 21:57:20', '2023-05-12 21:57:20');
INSERT INTO `edu_video` VALUES ('1657022161686642689', '1657022108318318593', '1657022128237068289', '第二节', 'a9a11e80e6ae71ed8ccc0764b3ec0102', '', '1', '0', '0', '0', 'Empty', '0', '1', '2023-05-12 21:57:24', '2023-05-12 21:57:24');
INSERT INTO `edu_video` VALUES ('1657022543691268098', '1657022500624154626', '1657022523705409537', '第一节', 'a9a11e80e6ae71ed8ccc0764b3ec0102', '', '0', '0', '1', '0', 'Empty', '0', '1', '2023-05-12 21:58:55', '2023-05-12 21:58:55');
INSERT INTO `edu_video` VALUES ('1657022564411129857', '1657022500624154626', '1657022523705409537', '第二节', 'a9a11e80e6ae71ed8ccc0764b3ec0102', '', '1', '0', '1', '0', 'Empty', '0', '1', '2023-05-12 21:59:00', '2023-05-12 21:59:00');
INSERT INTO `edu_video` VALUES ('1657022624620363777', '1657022500624154626', '1657022600003993601', '第一节', 'a9a11e80e6ae71ed8ccc0764b3ec0102', '', '0', '0', '0', '0', 'Empty', '0', '1', '2023-05-12 21:59:14', '2023-05-12 21:59:14');
INSERT INTO `edu_video` VALUES ('1657022642483904513', '1657022500624154626', '1657022600003993601', '第二节', 'a9a11e80e6ae71ed8ccc0764b3ec0102', '', '1', '0', '0', '0', 'Empty', '0', '1', '2023-05-12 21:59:19', '2023-05-12 21:59:19');
INSERT INTO `edu_video` VALUES ('666674565456', '1657016274364416002', '666666', '第一节', 'a9a11e80e6ae71ed8ccc0764b3ec0102', null, '0', '0', '0', '0', 'Empty', '0', '1', '2023-05-16 11:00:14', '2023-05-16 11:00:18');

-- ----------------------------
-- Table structure for sg_article
-- ----------------------------
DROP TABLE IF EXISTS `sg_article`;
CREATE TABLE `sg_article` (
  `id` char(19) NOT NULL,
  `title` varchar(256) DEFAULT NULL COMMENT '标题',
  `content` longtext COMMENT '文章内容',
  `summary` varchar(1024) DEFAULT NULL COMMENT '文章摘要',
  `category_name` varchar(256) DEFAULT NULL COMMENT '所属分类名称',
  `thumbnail` varchar(256) DEFAULT NULL COMMENT '缩略图',
  `is_top` char(1) DEFAULT '0' COMMENT '是否置顶（0否，1是）',
  `status` char(1) DEFAULT '1' COMMENT '状态（0已发布，1草稿）',
  `view_count` bigint DEFAULT '0' COMMENT '访问量',
  `is_comment` char(1) DEFAULT '1' COMMENT '是否允许评论 1是，0否',
  `create_by` bigint DEFAULT NULL,
  `gmt_create` datetime NOT NULL,
  `update_by` bigint DEFAULT NULL,
  `gmt_modified` datetime NOT NULL,
  `del_flag` int DEFAULT '0' COMMENT '删除标志（0代表未删除，1代表已删除）',
  PRIMARY KEY (`id`)
) ENGINE=InnoDB DEFAULT CHARSET=utf8mb4 COLLATE=utf8mb4_0900_ai_ci COMMENT='文章表';

-- ----------------------------
-- Records of sg_article
-- ----------------------------
INSERT INTO `sg_article` VALUES ('1', 'SpringSecurity从入门到精通', '## 课程介绍\n![image20211219121555979.png](https://sg-blog-oss.oss-cn-beijing.aliyuncs.com/2022/01/31/e7131718e9e64faeaf3fe16404186eb4.png)\n\n## 0. 简介1\n\n​	**Spring Security** 是 Spring 家族中的一个安全管理框架。相比与另外一个安全框架**Shiro**，它提供了更丰富的功能，社区资源也比Shiro丰富。\n\n​	一般来说中大型的项目都是使用**SpringSecurity** 来做安全框架。小项目有Shiro的比较多，因为相比与SpringSecurity，Shiro的上手更加的简单。\n\n​	 一般Web应用的需要进行**认证**和**授权**。\n\n​		**认证：验证当前访问系统的是不是本系统的用户，并且要确认具体是哪个用户**\n\n​		**授权：经过认证后判断当前用户是否有权限进行某个操作**\n\n​	而认证和授权也是SpringSecurity作为安全框架的核心功能。\n\n\n\n## 1. 快速入门\n\n### 1.1 准备工作\n\n​	我们先要搭建一个简单的SpringBoot工程\n\n① 设置父工程 添加依赖\n\n~~~~\n    <parent>\n        <groupId>org.springframework.boot</groupId>\n        <artifactId>spring-boot-starter-parent</artifactId>\n        <version>2.5.0</version>\n    </parent>\n    <dependencies>\n        <dependency>\n            <groupId>org.springframework.boot</groupId>\n            <artifactId>spring-boot-starter-web</artifactId>\n        </dependency>\n        <dependency>\n            <groupId>org.projectlombok</groupId>\n            <artifactId>lombok</artifactId>\n            <optional>true</optional>\n        </dependency>\n    </dependencies>\n~~~~\n\n② 创建启动类\n\n~~~~\n@SpringBootApplication\npublic class SecurityApplication {\n\n    public static void main(String[] args) {\n        SpringApplication.run(SecurityApplication.class,args);\n    }\n}\n\n~~~~\n\n③ 创建Controller\n\n~~~~java\n\nimport org.springframework.web.bind.annotation.RequestMapping;\nimport org.springframework.web.bind.annotation.RestController;\n\n@RestController\npublic class HelloController {\n\n    @RequestMapping(\"/hello\")\n    public String hello(){\n        return \"hello\";\n    }\n}\n\n~~~~\n\n\n\n### 1.2 引入SpringSecurity\n\n​	在SpringBoot项目中使用SpringSecurity我们只需要引入依赖即可实现入门案例。\n\n~~~~xml\n        <dependency>\n            <groupId>org.springframework.boot</groupId>\n            <artifactId>spring-boot-starter-security</artifactId>\n        </dependency>\n~~~~\n\n​	引入依赖后我们在尝试去访问之前的接口就会自动跳转到一个SpringSecurity的默认登陆页面，默认用户名是user,密码会输出在控制台。\n\n​	必须登陆之后才能对接口进行访问。\n\n\n\n## 2. 认证\n\n### 2.1 登陆校验流程\n![image20211215094003288.png](https://sg-blog-oss.oss-cn-beijing.aliyuncs.com/2022/01/31/414a87eeed344828b5b00ffa80178958.png)', 'SpringSecurity框架教程-Spring Security+JWT实现项目级前端分离认证授权', 'java', 'https://sg-blog-oss.oss-cn-beijing.aliyuncs.com/2022/01/31/948597e164614902ab1662ba8452e106.png', '1', '0', '213', '0', null, '2023-06-12 23:20:11', null, '2023-06-15 16:10:00', '0');
INSERT INTO `sg_article` VALUES ('1668425385064796162', '77777', '', '', '', '', '0', '0', '0', '0', null, '2023-06-13 09:09:44', null, '2023-06-15 16:10:00', '0');
INSERT INTO `sg_article` VALUES ('1668427648739119105', '555555', '', '', '', '', '0', '0', '0', '0', null, '2023-06-13 09:18:44', null, '2023-06-15 16:10:00', '0');
INSERT INTO `sg_article` VALUES ('1668428010514616321', '66666688', '', '', '', '', '0', '0', '0', '0', null, '2023-06-13 09:20:10', null, '2023-06-15 16:10:00', '0');
INSERT INTO `sg_article` VALUES ('1668430459656802306', '1111111', '111', '11111', '1111', null, '0', '0', '0', '0', null, '2023-06-13 09:29:54', null, '2023-06-15 16:10:00', '0');
INSERT INTO `sg_article` VALUES ('1668431345011462146', '555555555', '', '555555555', '555555555', '', '0', '0', '0', '0', null, '2023-06-13 09:33:25', null, '2023-06-13 09:54:00', '1');
INSERT INTO `sg_article` VALUES ('1668434463900110849', '123456', '123456', '123456', '123456', 'http://online-education-test1010.oss-cn-fuzhou.aliyuncs.com/2023/06/13f845f3f8fd9c446f8e8b648981b162eebj3.png', '0', '1', '0', '1', null, '2023-06-13 09:45:49', null, '2023-06-15 16:10:00', '0');
INSERT INTO `sg_article` VALUES ('2', 'wqlllll', 'adadaeqelllllllll', '123456', 'java', 'http://online-education-test1010.oss-cn-fuzhou.aliyuncs.com/2023/06/12b19b09b9d1804c5bb481c2962c42fd77background.jpg', '0', '0', '26', '1', null, '2023-06-12 14:58:30', null, '2023-06-15 16:10:00', '0');
INSERT INTO `sg_article` VALUES ('3', 'dad', 'asdasda', 'sadad', 'java', 'https://sg-blog-oss.oss-cn-beijing.aliyuncs.com/2022/01/15/737a0ed0b8ea430d8700a12e76aa1cd1.png', '0', '0', '33', '0', null, '2023-06-12 14:58:34', null, '2023-06-15 16:10:00', '0');
INSERT INTO `sg_article` VALUES ('5', 'sdad', '![Snipaste_20220115_165812.png](https://sg-blog-oss.oss-cn-beijing.aliyuncs.com/2022/01/15/1d9d283f5d874b468078b183e4b98b71.png)\r\n\r\n## sda \r\n\r\n222\r\n### sdasd newnewnew', null, 'java', '', '0', '0', '44', '0', null, '2023-06-12 14:58:37', null, '2023-06-15 16:10:00', '0');
INSERT INTO `sg_article` VALUES ('6', '788758', null, null, null, null, '1', '1', '0', '1', null, '2023-06-15 16:04:12', null, '2023-06-15 16:10:00', '0');
INSERT INTO `sg_article` VALUES ('7', '897', null, null, null, null, '0', '1', '0', '1', null, '2023-06-15 16:11:05', null, '2023-06-15 16:11:09', '0');
INSERT INTO `sg_article` VALUES ('8', 'dsad', null, null, null, null, '0', '1', '0', '1', null, '2023-06-15 16:18:45', null, '2023-06-15 16:18:54', '0');
INSERT INTO `sg_article` VALUES ('9', '545', null, null, null, null, '0', '1', '0', '1', null, '2023-06-15 16:23:22', null, '2023-06-15 16:23:24', '0');

-- ----------------------------
-- Table structure for sg_category
-- ----------------------------
DROP TABLE IF EXISTS `sg_category`;
CREATE TABLE `sg_category` (
  `id` bigint NOT NULL AUTO_INCREMENT,
  `name` varchar(128) DEFAULT NULL COMMENT '分类名',
  `pid` bigint DEFAULT '-1' COMMENT '父分类id，如果没有父分类为-1',
  `description` varchar(512) DEFAULT NULL COMMENT '描述',
  `status` char(1) DEFAULT '0' COMMENT '状态0:正常,1禁用',
  `create_by` bigint DEFAULT NULL,
  `create_time` datetime DEFAULT NULL,
  `update_by` bigint DEFAULT NULL,
  `update_time` datetime DEFAULT NULL,
  `del_flag` int DEFAULT '0' COMMENT '删除标志（0代表未删除，1代表已删除）',
  PRIMARY KEY (`id`)
) ENGINE=InnoDB AUTO_INCREMENT=15 DEFAULT CHARSET=utf8mb4 COLLATE=utf8mb4_0900_ai_ci COMMENT='分类表';

-- ----------------------------
-- Records of sg_category
-- ----------------------------
INSERT INTO `sg_category` VALUES ('1', 'java', '-1', 'wsd', '0', null, null, null, null, '0');
INSERT INTO `sg_category` VALUES ('2', 'PHP', '-1', 'wsd', '0', null, null, null, null, '0');

-- ----------------------------
-- Table structure for statistics_daily
-- ----------------------------
DROP TABLE IF EXISTS `statistics_daily`;
CREATE TABLE `statistics_daily` (
  `id` char(19) NOT NULL COMMENT '主键',
  `date_calculated` varchar(20) NOT NULL COMMENT '统计日期',
  `register_num` int NOT NULL DEFAULT '0' COMMENT '注册人数',
  `login_num` int NOT NULL DEFAULT '0' COMMENT '登录人数',
  `video_view_num` int NOT NULL DEFAULT '0' COMMENT '每日播放视频数',
  `course_num` int NOT NULL DEFAULT '0' COMMENT '每日新增课程数',
  `gmt_create` datetime NOT NULL COMMENT '创建时间',
  `gmt_modified` datetime NOT NULL COMMENT '更新时间',
  PRIMARY KEY (`id`),
  KEY `statistics_day` (`date_calculated`)
) ENGINE=InnoDB DEFAULT CHARSET=utf8mb3 COMMENT='网站统计日数据';

-- ----------------------------
-- Records of statistics_daily
-- ----------------------------
INSERT INTO `statistics_daily` VALUES ('1078490017163833345', '2018-12-28', '0', '0', '154', '170', '2018-12-28 11:17:12', '2019-09-09 12:12:12');
INSERT INTO `statistics_daily` VALUES ('1087142127818768386', '2019-01-02', '2', '0', '167', '177', '2019-01-21 08:17:36', '2019-09-09 12:12:12');
INSERT INTO `statistics_daily` VALUES ('1087198321809457153', '2019-01-01', '1', '0', '130', '189', '2019-01-21 12:00:54', '2019-09-09 12:12:12');
INSERT INTO `statistics_daily` VALUES ('1087198383973236738', '2019-01-03', '0', '0', '114', '130', '2019-01-21 12:01:09', '2019-09-09 12:12:12');
INSERT INTO `statistics_daily` VALUES ('1087451681764982785', '2019-01-04', '0', '0', '118', '155', '2019-01-22 04:47:39', '2019-09-09 12:12:12');
INSERT INTO `statistics_daily` VALUES ('1087455336471785473', '2019-01-05', '0', '0', '184', '186', '2019-01-22 05:02:11', '2019-09-09 12:12:12');
INSERT INTO `statistics_daily` VALUES ('1105339962460491777', '2019-03-01', '0', '143', '168', '136', '2019-03-12 13:29:18', '2019-03-12 13:29:18');
INSERT INTO `statistics_daily` VALUES ('1105339977027309569', '2019-03-02', '0', '165', '171', '158', '2019-03-12 13:29:21', '2019-03-12 13:29:21');
INSERT INTO `statistics_daily` VALUES ('1105339990738489346', '2019-03-03', '0', '143', '147', '194', '2019-03-12 13:29:25', '2019-03-12 13:29:25');
INSERT INTO `statistics_daily` VALUES ('1105340000544772098', '2019-03-04', '0', '155', '106', '153', '2019-03-12 13:29:27', '2019-03-12 13:29:27');
INSERT INTO `statistics_daily` VALUES ('1105340011244441602', '2019-03-05', '0', '186', '102', '155', '2019-03-12 13:29:30', '2019-03-12 13:29:30');
INSERT INTO `statistics_daily` VALUES ('1105340020929089538', '2019-03-06', '0', '140', '192', '129', '2019-03-12 13:29:32', '2019-03-12 13:29:32');
INSERT INTO `statistics_daily` VALUES ('1105340029800042497', '2019-03-07', '0', '186', '139', '116', '2019-03-12 13:29:34', '2019-03-12 13:29:34');
INSERT INTO `statistics_daily` VALUES ('1105340038696161282', '2019-03-08', '0', '120', '166', '112', '2019-03-12 13:29:36', '2019-03-12 13:29:36');
INSERT INTO `statistics_daily` VALUES ('1105340049441968129', '2019-03-09', '0', '182', '147', '119', '2019-03-12 13:29:39', '2019-03-12 13:29:39');
INSERT INTO `statistics_daily` VALUES ('1105340059738984449', '2019-03-10', '0', '199', '141', '103', '2019-03-12 13:29:41', '2019-03-12 13:29:41');
INSERT INTO `statistics_daily` VALUES ('1105340070438653953', '2019-03-11', '0', '127', '137', '156', '2019-03-12 13:29:44', '2019-03-12 13:29:44');
INSERT INTO `statistics_daily` VALUES ('1105340080307851266', '2019-03-12', '0', '167', '123', '132', '2019-03-12 13:29:46', '2019-03-12 13:29:46');
INSERT INTO `statistics_daily` VALUES ('1105340090047025153', '2019-03-13', '0', '106', '132', '103', '2019-03-12 13:29:48', '2019-03-12 13:29:48');
INSERT INTO `statistics_daily` VALUES ('1105340100075606017', '2019-03-14', '0', '166', '180', '118', '2019-03-12 13:29:51', '2019-03-12 13:29:51');
INSERT INTO `statistics_daily` VALUES ('1105340110511034370', '2019-03-15', '0', '114', '151', '185', '2019-03-12 13:29:53', '2019-03-12 13:29:53');
INSERT INTO `statistics_daily` VALUES ('1105340121412030466', '2019-03-16', '0', '134', '105', '126', '2019-03-12 13:29:56', '2019-03-12 13:29:56');
INSERT INTO `statistics_daily` VALUES ('1105340132833120258', '2019-03-17', '0', '169', '106', '131', '2019-03-12 13:29:59', '2019-03-12 13:29:59');
INSERT INTO `statistics_daily` VALUES ('1105340145659301890', '2019-03-18', '0', '120', '106', '163', '2019-03-12 13:30:02', '2019-03-12 13:30:02');
INSERT INTO `statistics_daily` VALUES ('1105340153578147842', '2019-03-19', '0', '146', '155', '153', '2019-03-12 13:30:03', '2019-03-12 13:30:03');
INSERT INTO `statistics_daily` VALUES ('1105340162436517890', '2019-03-20', '0', '127', '181', '186', '2019-03-12 13:30:06', '2019-03-12 13:30:06');
INSERT INTO `statistics_daily` VALUES ('1105340171517186050', '2019-03-21', '0', '106', '134', '145', '2019-03-12 13:30:08', '2019-03-12 13:30:08');
INSERT INTO `statistics_daily` VALUES ('1105340181034061825', '2019-03-22', '0', '161', '182', '143', '2019-03-12 13:30:10', '2019-03-12 13:30:10');
INSERT INTO `statistics_daily` VALUES ('1105340190072786946', '2019-03-23', '0', '183', '101', '182', '2019-03-12 13:30:12', '2019-03-12 13:30:12');
INSERT INTO `statistics_daily` VALUES ('1105340199426084865', '2019-03-24', '0', '117', '100', '102', '2019-03-12 13:30:14', '2019-03-12 13:30:14');
INSERT INTO `statistics_daily` VALUES ('1105340209261727745', '2019-03-25', '0', '116', '103', '160', '2019-03-12 13:30:17', '2019-03-12 13:30:17');
INSERT INTO `statistics_daily` VALUES ('1105340217935548418', '2019-03-26', '0', '101', '119', '150', '2019-03-12 13:30:19', '2019-03-12 13:30:19');
INSERT INTO `statistics_daily` VALUES ('1105340225967640577', '2019-03-27', '0', '129', '141', '181', '2019-03-12 13:30:21', '2019-03-12 13:30:21');
INSERT INTO `statistics_daily` VALUES ('1105340234075230209', '2019-03-28', '0', '113', '179', '158', '2019-03-12 13:30:23', '2019-03-12 13:30:23');
INSERT INTO `statistics_daily` VALUES ('1105340242837131265', '2019-03-29', '0', '117', '131', '101', '2019-03-12 13:30:25', '2019-03-12 13:30:25');
INSERT INTO `statistics_daily` VALUES ('1105340252395950082', '2019-03-30', '0', '153', '187', '174', '2019-03-12 13:30:27', '2019-03-12 13:30:27');
INSERT INTO `statistics_daily` VALUES ('1105340261958963201', '2019-03-31', '0', '179', '135', '199', '2019-03-12 13:30:29', '2019-03-12 13:30:29');
INSERT INTO `statistics_daily` VALUES ('1105372743634898945', '2019-01-06', '0', '113', '143', '148', '2019-03-12 15:39:34', '2019-03-12 15:39:34');
INSERT INTO `statistics_daily` VALUES ('1105372754380705793', '2019-01-07', '0', '173', '158', '153', '2019-03-12 15:39:36', '2019-03-12 15:39:36');
INSERT INTO `statistics_daily` VALUES ('1105372762526044162', '2019-01-08', '0', '135', '199', '131', '2019-03-12 15:39:38', '2019-03-12 15:39:38');
INSERT INTO `statistics_daily` VALUES ('1105372771229224961', '2019-01-09', '0', '161', '107', '162', '2019-03-12 15:39:40', '2019-03-12 15:39:40');
INSERT INTO `statistics_daily` VALUES ('1105372780922261505', '2019-01-10', '0', '182', '196', '135', '2019-03-12 15:39:42', '2019-03-12 15:39:42');
INSERT INTO `statistics_daily` VALUES ('1105372790103592961', '2019-01-11', '0', '123', '194', '102', '2019-03-12 15:39:45', '2019-03-12 15:39:45');
INSERT INTO `statistics_daily` VALUES ('1105372798626418689', '2019-01-12', '0', '185', '106', '180', '2019-03-12 15:39:47', '2019-03-12 15:39:47');
INSERT INTO `statistics_daily` VALUES ('1165', '2018-01-01', '583', '26', '236', '14', '2018-01-25 06:38:19', '2019-09-09 12:12:12');
INSERT INTO `statistics_daily` VALUES ('1166', '2018-01-02', '583', '26', '236', '14', '2018-01-25 06:38:19', '2019-09-09 12:12:12');
INSERT INTO `statistics_daily` VALUES ('1167', '2018-01-03', '584', '26', '236', '14', '2018-01-25 06:38:19', '2019-09-09 12:12:12');
INSERT INTO `statistics_daily` VALUES ('1168', '2018-01-04', '584', '26', '237', '14', '2018-01-25 06:38:19', '2019-09-09 12:12:12');
INSERT INTO `statistics_daily` VALUES ('1169', '2018-01-05', '585', '26', '237', '14', '2018-01-25 06:38:19', '2019-09-09 12:12:12');
INSERT INTO `statistics_daily` VALUES ('1170', '2018-01-06', '585', '26', '237', '14', '2018-01-25 06:38:19', '2019-09-09 12:12:12');
INSERT INTO `statistics_daily` VALUES ('1171', '2018-01-07', '586', '26', '237', '14', '2018-01-25 06:38:19', '2019-09-09 12:12:12');
INSERT INTO `statistics_daily` VALUES ('1172', '2018-01-08', '586', '26', '237', '14', '2018-01-25 06:38:19', '2019-09-09 12:12:12');
INSERT INTO `statistics_daily` VALUES ('1173', '2018-01-09', '587', '26', '238', '14', '2018-01-25 06:38:19', '2019-09-09 12:12:12');
INSERT INTO `statistics_daily` VALUES ('1174', '2018-01-10', '587', '26', '238', '14', '2018-01-25 06:38:19', '2019-09-09 12:12:12');
INSERT INTO `statistics_daily` VALUES ('1175', '2018-01-11', '588', '27', '238', '14', '2018-01-25 06:38:19', '2019-09-09 12:12:12');
INSERT INTO `statistics_daily` VALUES ('1176', '2018-01-12', '588', '27', '238', '14', '2018-01-25 06:38:19', '2019-09-09 12:12:12');
INSERT INTO `statistics_daily` VALUES ('1177', '2018-01-13', '589', '27', '238', '14', '2018-01-25 06:38:19', '2019-09-09 12:12:12');
INSERT INTO `statistics_daily` VALUES ('1178', '2018-01-14', '589', '27', '239', '14', '2018-01-25 06:38:19', '2019-09-09 12:12:12');
INSERT INTO `statistics_daily` VALUES ('1179', '2018-01-15', '590', '27', '239', '14', '2018-01-25 06:38:19', '2019-09-09 12:12:12');
INSERT INTO `statistics_daily` VALUES ('1180', '2018-01-16', '590', '27', '239', '14', '2018-01-25 06:38:19', '2019-09-09 12:12:12');
INSERT INTO `statistics_daily` VALUES ('1181', '2018-01-17', '591', '27', '239', '14', '2018-01-25 06:38:19', '2019-09-09 12:12:12');
INSERT INTO `statistics_daily` VALUES ('1182', '2018-01-18', '591', '27', '239', '14', '2018-01-25 06:38:19', '2019-09-09 12:12:12');
INSERT INTO `statistics_daily` VALUES ('1183', '2018-01-19', '592', '27', '240', '14', '2018-01-25 06:38:19', '2019-09-09 12:12:12');
INSERT INTO `statistics_daily` VALUES ('1183991737299263490', '2019-10-01', '0', '145', '149', '153', '2019-10-15 14:23:22', '2019-10-15 14:23:22');
INSERT INTO `statistics_daily` VALUES ('1183999299272904705', '2019-10-03', '0', '125', '102', '153', '2019-10-15 14:53:25', '2019-10-15 14:53:25');
INSERT INTO `statistics_daily` VALUES ('1183999309477646338', '2019-10-04', '0', '103', '194', '161', '2019-10-15 14:53:28', '2019-10-15 14:53:28');
INSERT INTO `statistics_daily` VALUES ('1183999318919024642', '2019-10-05', '0', '173', '174', '147', '2019-10-15 14:53:30', '2019-10-15 14:53:30');
INSERT INTO `statistics_daily` VALUES ('1183999331409661954', '2019-10-06', '0', '129', '197', '173', '2019-10-15 14:53:33', '2019-10-15 14:53:33');
INSERT INTO `statistics_daily` VALUES ('1183999342897860610', '2019-10-07', '0', '184', '125', '169', '2019-10-15 14:53:36', '2019-10-15 14:53:36');
INSERT INTO `statistics_daily` VALUES ('1183999351588458498', '2019-10-08', '0', '173', '143', '138', '2019-10-15 14:53:38', '2019-10-15 14:53:38');
INSERT INTO `statistics_daily` VALUES ('1183999360316805122', '2019-10-09', '0', '161', '158', '117', '2019-10-15 14:53:40', '2019-10-15 14:53:40');
INSERT INTO `statistics_daily` VALUES ('1183999367480676353', '2019-10-10', '0', '190', '166', '135', '2019-10-15 14:53:42', '2019-10-15 14:53:42');
INSERT INTO `statistics_daily` VALUES ('1184', '2018-01-20', '592', '27', '240', '14', '2018-01-25 06:38:19', '2019-09-09 12:12:12');
INSERT INTO `statistics_daily` VALUES ('1184030117693284353', '2019-10-11', '0', '182', '199', '193', '2019-10-15 16:55:53', '2019-10-15 16:55:53');
INSERT INTO `statistics_daily` VALUES ('1185', '2018-01-21', '593', '27', '240', '14', '2018-01-25 06:38:19', '2019-09-09 12:12:12');
INSERT INTO `statistics_daily` VALUES ('1185373213064482818', '2019-01-19', '6', '135', '126', '167', '2019-10-19 09:52:52', '2019-10-19 09:52:52');
INSERT INTO `statistics_daily` VALUES ('1186', '2018-01-22', '593', '27', '240', '14', '2018-01-25 06:38:19', '2019-09-09 12:12:12');
INSERT INTO `statistics_daily` VALUES ('1186536619937435650', '2019-10-02', '0', '187', '183', '108', '2019-10-22 14:55:50', '2019-10-22 14:55:50');
INSERT INTO `statistics_daily` VALUES ('1187', '2018-01-23', '594', '27', '240', '14', '2018-01-25 06:38:19', '2019-09-09 12:12:12');
INSERT INTO `statistics_daily` VALUES ('1188', '2018-01-24', '594', '27', '241', '14', '2018-01-25 06:38:19', '2019-09-09 12:12:12');
INSERT INTO `statistics_daily` VALUES ('1189', '2018-01-25', '595', '27', '241', '14', '2018-01-25 06:38:19', '2019-09-09 12:12:12');
INSERT INTO `statistics_daily` VALUES ('1190', '2018-01-26', '595', '27', '241', '14', '2018-01-25 06:38:19', '2019-09-09 12:12:12');
INSERT INTO `statistics_daily` VALUES ('1191', '2018-01-27', '596', '27', '241', '14', '2018-01-25 06:38:19', '2019-09-09 12:12:12');
INSERT INTO `statistics_daily` VALUES ('1192', '2018-01-28', '596', '27', '241', '14', '2018-01-25 06:38:19', '2019-09-09 12:12:12');
INSERT INTO `statistics_daily` VALUES ('1192253597226455042', '2019-11-01', '0', '129', '122', '167', '2019-11-07 09:33:03', '2019-11-07 09:33:03');
INSERT INTO `statistics_daily` VALUES ('1192253902756335617', '2019-11-02', '0', '170', '192', '192', '2019-11-07 09:34:16', '2019-11-07 09:34:16');
INSERT INTO `statistics_daily` VALUES ('1193', '2018-01-29', '597', '27', '242', '14', '2018-01-25 06:38:19', '2019-09-09 12:12:12');
INSERT INTO `statistics_daily` VALUES ('1194', '2018-01-30', '597', '27', '242', '14', '2018-01-25 06:38:19', '2019-09-09 12:12:12');
INSERT INTO `statistics_daily` VALUES ('1194060032935493633', '2019-11-11', '0', '121', '121', '122', '2019-11-12 09:11:11', '2019-11-12 09:11:11');
INSERT INTO `statistics_daily` VALUES ('1194060301425475585', '2019-11-10', '0', '155', '187', '140', '2019-11-12 09:12:15', '2019-11-12 09:12:15');
INSERT INTO `statistics_daily` VALUES ('1195', '2018-01-31', '598', '27', '242', '14', '2018-01-25 06:38:19', '2019-09-09 12:12:12');
INSERT INTO `statistics_daily` VALUES ('1196', '2018-02-01', '598', '27', '242', '14', '2018-01-25 06:38:19', '2019-09-09 12:12:12');
INSERT INTO `statistics_daily` VALUES ('1197', '2018-02-02', '599', '27', '242', '14', '2018-01-25 06:38:19', '2019-09-09 12:12:12');
INSERT INTO `statistics_daily` VALUES ('1198', '2018-02-03', '599', '27', '243', '14', '2018-01-25 06:38:19', '2019-09-09 12:12:12');
INSERT INTO `statistics_daily` VALUES ('1199', '2018-02-04', '600', '27', '243', '14', '2018-01-25 06:38:19', '2019-09-09 12:12:12');
INSERT INTO `statistics_daily` VALUES ('1200', '2018-02-05', '600', '27', '243', '14', '2018-01-25 06:38:19', '2019-09-09 12:12:12');
INSERT INTO `statistics_daily` VALUES ('1201', '2018-02-06', '601', '27', '243', '14', '2018-01-25 06:38:19', '2019-09-09 12:12:12');
INSERT INTO `statistics_daily` VALUES ('1202', '2018-02-07', '601', '27', '243', '14', '2018-01-25 06:38:19', '2019-09-09 12:12:12');
INSERT INTO `statistics_daily` VALUES ('1203', '2018-02-08', '602', '27', '244', '14', '2018-01-25 06:38:19', '2019-09-09 12:12:12');
INSERT INTO `statistics_daily` VALUES ('1204', '2018-02-09', '602', '27', '244', '14', '2018-01-25 06:38:19', '2019-09-09 12:12:12');
INSERT INTO `statistics_daily` VALUES ('1205', '2018-02-10', '603', '27', '244', '14', '2018-01-25 06:38:19', '2019-09-09 12:12:12');
INSERT INTO `statistics_daily` VALUES ('1206', '2018-02-11', '603', '27', '244', '14', '2018-01-25 06:38:19', '2019-09-09 12:12:12');
INSERT INTO `statistics_daily` VALUES ('1207', '2018-02-12', '604', '27', '244', '14', '2018-01-25 06:38:19', '2019-09-09 12:12:12');
INSERT INTO `statistics_daily` VALUES ('1208', '2018-02-13', '604', '27', '245', '14', '2018-01-25 06:38:19', '2019-09-09 12:12:12');
INSERT INTO `statistics_daily` VALUES ('1209', '2018-02-14', '605', '27', '245', '14', '2018-01-25 06:38:19', '2019-09-09 12:12:12');
INSERT INTO `statistics_daily` VALUES ('1210', '2018-02-15', '605', '27', '245', '14', '2018-01-25 06:38:19', '2019-09-09 12:12:12');
INSERT INTO `statistics_daily` VALUES ('1211', '2018-02-16', '606', '27', '245', '14', '2018-01-25 06:38:19', '2019-09-09 12:12:12');
INSERT INTO `statistics_daily` VALUES ('1212', '2018-02-17', '606', '27', '245', '14', '2018-01-25 06:38:19', '2019-09-09 12:12:12');
INSERT INTO `statistics_daily` VALUES ('1213', '2018-02-18', '607', '27', '246', '14', '2018-01-25 06:38:19', '2019-09-09 12:12:12');
INSERT INTO `statistics_daily` VALUES ('1214', '2018-02-19', '607', '27', '246', '14', '2018-01-25 06:38:19', '2019-09-09 12:12:12');
INSERT INTO `statistics_daily` VALUES ('1215', '2018-02-20', '608', '27', '246', '14', '2018-01-25 06:38:19', '2019-09-09 12:12:12');
INSERT INTO `statistics_daily` VALUES ('1216', '2018-02-21', '608', '27', '246', '14', '2018-01-25 06:38:19', '2019-09-09 12:12:12');
INSERT INTO `statistics_daily` VALUES ('1217', '2018-02-22', '609', '27', '246', '14', '2018-01-25 06:38:19', '2019-09-09 12:12:12');
INSERT INTO `statistics_daily` VALUES ('1218', '2018-02-23', '609', '27', '247', '14', '2018-01-25 06:38:19', '2019-09-09 12:12:12');
INSERT INTO `statistics_daily` VALUES ('1219', '2018-02-24', '610', '27', '247', '14', '2018-01-25 06:38:19', '2019-09-09 12:12:12');
INSERT INTO `statistics_daily` VALUES ('1220', '2018-02-25', '610', '27', '247', '14', '2018-01-25 06:38:19', '2019-09-09 12:12:12');
INSERT INTO `statistics_daily` VALUES ('1221', '2018-02-26', '611', '27', '247', '14', '2018-01-25 06:38:19', '2019-09-09 12:12:12');
INSERT INTO `statistics_daily` VALUES ('1222', '2018-02-27', '611', '27', '247', '14', '2018-01-25 06:38:19', '2019-09-09 12:12:12');
INSERT INTO `statistics_daily` VALUES ('1223', '2018-02-28', '612', '27', '248', '14', '2018-01-25 06:38:19', '2019-09-09 12:12:12');
INSERT INTO `statistics_daily` VALUES ('1224', '2018-03-01', '612', '27', '248', '14', '2018-01-25 06:38:19', '2019-09-09 12:12:12');
INSERT INTO `statistics_daily` VALUES ('1225', '2018-03-02', '613', '28', '248', '14', '2018-01-25 06:38:19', '2019-09-09 12:12:12');
INSERT INTO `statistics_daily` VALUES ('1226', '2018-03-03', '613', '28', '248', '14', '2018-01-25 06:38:19', '2019-09-09 12:12:12');
INSERT INTO `statistics_daily` VALUES ('1227', '2018-03-04', '614', '28', '248', '14', '2018-01-25 06:38:19', '2019-09-09 12:12:12');
INSERT INTO `statistics_daily` VALUES ('1228', '2018-03-05', '614', '28', '249', '14', '2018-01-25 06:38:19', '2019-09-09 12:12:12');
INSERT INTO `statistics_daily` VALUES ('1229', '2018-03-06', '615', '28', '249', '14', '2018-01-25 06:38:19', '2019-09-09 12:12:12');
INSERT INTO `statistics_daily` VALUES ('1230', '2018-03-07', '615', '28', '249', '14', '2018-01-25 06:38:19', '2019-09-09 12:12:12');
INSERT INTO `statistics_daily` VALUES ('1231', '2018-03-08', '616', '28', '249', '14', '2018-01-25 06:38:19', '2019-09-09 12:12:12');
INSERT INTO `statistics_daily` VALUES ('1232', '2018-03-09', '616', '28', '249', '14', '2018-01-25 06:38:19', '2019-09-09 12:12:12');
INSERT INTO `statistics_daily` VALUES ('1233', '2018-03-10', '617', '28', '250', '14', '2018-01-25 06:38:19', '2019-09-09 12:12:12');
INSERT INTO `statistics_daily` VALUES ('1234', '2018-03-11', '617', '28', '250', '14', '2018-01-25 06:38:19', '2019-09-09 12:12:12');
INSERT INTO `statistics_daily` VALUES ('1235', '2018-03-12', '618', '28', '250', '14', '2018-01-25 06:38:19', '2019-09-09 12:12:12');
INSERT INTO `statistics_daily` VALUES ('1236', '2018-03-13', '618', '28', '250', '14', '2018-01-25 06:38:19', '2019-09-09 12:12:12');
INSERT INTO `statistics_daily` VALUES ('1237', '2018-03-14', '619', '28', '250', '14', '2018-01-25 06:38:19', '2019-09-09 12:12:12');
INSERT INTO `statistics_daily` VALUES ('1238', '2018-03-15', '619', '28', '251', '14', '2018-01-25 06:38:19', '2019-09-09 12:12:12');
INSERT INTO `statistics_daily` VALUES ('1239', '2018-03-16', '620', '28', '251', '14', '2018-01-25 06:38:19', '2019-09-09 12:12:12');
INSERT INTO `statistics_daily` VALUES ('1240', '2018-03-17', '620', '28', '251', '14', '2018-01-25 06:38:19', '2019-09-09 12:12:12');
INSERT INTO `statistics_daily` VALUES ('1241', '2018-03-18', '621', '28', '251', '14', '2018-01-25 06:38:19', '2019-09-09 12:12:12');
INSERT INTO `statistics_daily` VALUES ('1242', '2018-03-19', '621', '28', '251', '14', '2018-01-25 06:38:19', '2019-09-09 12:12:12');
INSERT INTO `statistics_daily` VALUES ('1243', '2018-03-20', '622', '28', '252', '14', '2018-01-25 06:38:19', '2019-09-09 12:12:12');
INSERT INTO `statistics_daily` VALUES ('1244', '2018-03-21', '622', '28', '252', '14', '2018-01-25 06:38:19', '2019-09-09 12:12:12');
INSERT INTO `statistics_daily` VALUES ('1245', '2018-03-22', '623', '28', '252', '14', '2018-01-25 06:38:19', '2019-09-09 12:12:12');
INSERT INTO `statistics_daily` VALUES ('1246', '2018-03-23', '623', '28', '252', '14', '2018-01-25 06:38:19', '2019-09-09 12:12:12');
INSERT INTO `statistics_daily` VALUES ('1247', '2018-03-24', '624', '28', '252', '14', '2018-01-25 06:38:19', '2019-09-09 12:12:12');
INSERT INTO `statistics_daily` VALUES ('1248', '2018-03-25', '624', '28', '253', '14', '2018-01-25 06:38:19', '2019-09-09 12:12:12');
INSERT INTO `statistics_daily` VALUES ('1249', '2018-03-26', '625', '28', '253', '14', '2018-01-25 06:38:19', '2019-09-09 12:12:12');
INSERT INTO `statistics_daily` VALUES ('1250', '2018-03-27', '625', '28', '253', '14', '2018-01-25 06:38:19', '2019-09-09 12:12:12');
INSERT INTO `statistics_daily` VALUES ('1251', '2018-03-28', '626', '28', '253', '14', '2018-01-25 06:38:19', '2019-09-09 12:12:12');
INSERT INTO `statistics_daily` VALUES ('1252', '2018-03-29', '626', '28', '253', '14', '2018-01-25 06:38:19', '2019-09-09 12:12:12');
INSERT INTO `statistics_daily` VALUES ('1253', '2018-03-30', '627', '28', '254', '14', '2018-01-25 06:38:19', '2019-09-09 12:12:12');
INSERT INTO `statistics_daily` VALUES ('1254', '2018-03-31', '627', '28', '254', '14', '2018-01-25 06:38:19', '2019-09-09 12:12:12');
INSERT INTO `statistics_daily` VALUES ('1255', '2018-04-01', '628', '28', '254', '14', '2018-01-25 06:38:19', '2019-09-09 12:12:12');
INSERT INTO `statistics_daily` VALUES ('1256', '2018-04-02', '628', '28', '254', '14', '2018-01-25 06:38:19', '2019-09-09 12:12:12');
INSERT INTO `statistics_daily` VALUES ('1257', '2018-04-03', '629', '28', '254', '14', '2018-01-25 06:38:19', '2019-09-09 12:12:12');
INSERT INTO `statistics_daily` VALUES ('1258', '2018-04-04', '629', '28', '255', '14', '2018-01-25 06:38:19', '2019-09-09 12:12:12');
INSERT INTO `statistics_daily` VALUES ('1259', '2018-04-05', '630', '28', '255', '14', '2018-01-25 06:38:19', '2019-09-09 12:12:12');
INSERT INTO `statistics_daily` VALUES ('1260', '2018-04-06', '630', '28', '255', '14', '2018-01-25 06:38:19', '2019-09-09 12:12:12');
INSERT INTO `statistics_daily` VALUES ('1261', '2018-04-07', '631', '28', '255', '14', '2018-01-25 06:38:19', '2019-09-09 12:12:12');
INSERT INTO `statistics_daily` VALUES ('1262', '2018-04-08', '631', '28', '255', '14', '2018-01-25 06:38:19', '2019-09-09 12:12:12');
INSERT INTO `statistics_daily` VALUES ('1263', '2018-04-09', '632', '28', '256', '14', '2018-01-25 06:38:19', '2019-09-09 12:12:12');
INSERT INTO `statistics_daily` VALUES ('1264', '2018-04-10', '632', '28', '256', '14', '2018-01-25 06:38:19', '2019-09-09 12:12:12');
INSERT INTO `statistics_daily` VALUES ('1265', '2018-04-11', '633', '28', '256', '14', '2018-01-25 06:38:19', '2019-09-09 12:12:12');
INSERT INTO `statistics_daily` VALUES ('1266', '2018-04-12', '633', '28', '256', '14', '2018-01-25 06:38:19', '2019-09-09 12:12:12');
INSERT INTO `statistics_daily` VALUES ('1267', '2018-04-13', '634', '28', '256', '14', '2018-01-25 06:38:19', '2019-09-09 12:12:12');
INSERT INTO `statistics_daily` VALUES ('1268', '2018-04-14', '634', '28', '257', '14', '2018-01-25 06:38:19', '2019-09-09 12:12:12');
INSERT INTO `statistics_daily` VALUES ('1269', '2018-04-15', '635', '28', '257', '14', '2018-01-25 06:38:19', '2019-09-09 12:12:12');
INSERT INTO `statistics_daily` VALUES ('1270', '2018-04-16', '635', '28', '257', '14', '2018-01-25 06:38:19', '2019-09-09 12:12:12');
INSERT INTO `statistics_daily` VALUES ('1271', '2018-04-17', '636', '28', '257', '14', '2018-01-25 06:38:19', '2019-09-09 12:12:12');
INSERT INTO `statistics_daily` VALUES ('1272', '2018-04-18', '636', '28', '257', '14', '2018-01-25 06:38:19', '2019-09-09 12:12:12');
INSERT INTO `statistics_daily` VALUES ('1273', '2018-04-19', '637', '28', '258', '14', '2018-01-25 06:38:19', '2019-09-09 12:12:12');
INSERT INTO `statistics_daily` VALUES ('1274', '2018-04-20', '637', '28', '258', '14', '2018-01-25 06:38:19', '2019-09-09 12:12:12');
INSERT INTO `statistics_daily` VALUES ('1275', '2018-04-21', '638', '29', '258', '14', '2018-01-25 06:38:19', '2019-09-09 12:12:12');
INSERT INTO `statistics_daily` VALUES ('1276', '2018-04-22', '638', '29', '258', '14', '2018-01-25 06:38:19', '2019-09-09 12:12:12');
INSERT INTO `statistics_daily` VALUES ('1277', '2018-04-23', '639', '29', '258', '14', '2018-01-25 06:38:19', '2019-09-09 12:12:12');
INSERT INTO `statistics_daily` VALUES ('1278', '2018-04-24', '639', '29', '259', '14', '2018-01-25 06:38:19', '2019-09-09 12:12:12');
INSERT INTO `statistics_daily` VALUES ('1279', '2018-04-25', '640', '29', '259', '14', '2018-01-25 06:38:19', '2019-09-09 12:12:12');
INSERT INTO `statistics_daily` VALUES ('1280', '2018-04-26', '640', '29', '259', '14', '2018-01-25 06:38:19', '2019-09-09 12:12:12');
INSERT INTO `statistics_daily` VALUES ('1281', '2018-04-27', '641', '29', '259', '14', '2018-01-25 06:38:19', '2019-09-09 12:12:12');
INSERT INTO `statistics_daily` VALUES ('1282', '2018-04-28', '641', '29', '259', '14', '2018-01-25 06:38:19', '2019-09-09 12:12:12');
INSERT INTO `statistics_daily` VALUES ('1283', '2018-04-29', '642', '29', '260', '14', '2018-01-25 06:38:19', '2019-09-09 12:12:12');
INSERT INTO `statistics_daily` VALUES ('1284', '2018-04-30', '642', '29', '260', '14', '2018-01-25 06:38:19', '2019-09-09 12:12:12');
INSERT INTO `statistics_daily` VALUES ('1285', '2018-05-01', '643', '29', '260', '14', '2018-01-25 06:38:19', '2019-09-09 12:12:12');
INSERT INTO `statistics_daily` VALUES ('1286', '2018-05-02', '643', '29', '260', '14', '2018-01-25 06:38:19', '2019-09-09 12:12:12');
INSERT INTO `statistics_daily` VALUES ('1287', '2018-05-03', '644', '29', '260', '14', '2018-01-25 06:38:19', '2019-09-09 12:12:12');
INSERT INTO `statistics_daily` VALUES ('1288', '2018-05-04', '644', '29', '261', '14', '2018-01-25 06:38:19', '2019-09-09 12:12:12');
INSERT INTO `statistics_daily` VALUES ('1289', '2018-05-05', '645', '29', '261', '14', '2018-01-25 06:38:19', '2019-09-09 12:12:12');
INSERT INTO `statistics_daily` VALUES ('1290', '2018-05-06', '645', '29', '261', '14', '2018-01-25 06:38:19', '2019-09-09 12:12:12');
INSERT INTO `statistics_daily` VALUES ('1291', '2018-05-07', '646', '29', '261', '14', '2018-01-25 06:38:19', '2019-09-09 12:12:12');
INSERT INTO `statistics_daily` VALUES ('1292', '2018-05-08', '646', '29', '261', '14', '2018-01-25 06:38:19', '2019-09-09 12:12:12');
INSERT INTO `statistics_daily` VALUES ('1293', '2018-05-09', '647', '29', '262', '14', '2018-01-25 06:38:19', '2019-09-09 12:12:12');
INSERT INTO `statistics_daily` VALUES ('1294', '2018-05-10', '647', '29', '262', '14', '2018-01-25 06:38:19', '2019-09-09 12:12:12');
INSERT INTO `statistics_daily` VALUES ('1295', '2018-05-11', '648', '29', '262', '14', '2018-01-25 06:38:19', '2019-09-09 12:12:12');
INSERT INTO `statistics_daily` VALUES ('1295626066102104065', '2020-08-12', '3', '145', '168', '131', '2020-08-18 15:38:20', '2020-08-18 15:38:20');
INSERT INTO `statistics_daily` VALUES ('1296', '2018-05-12', '648', '29', '262', '14', '2018-01-25 06:38:19', '2019-09-09 12:12:12');
INSERT INTO `statistics_daily` VALUES ('1297', '2018-05-13', '649', '29', '262', '14', '2018-01-25 06:38:19', '2019-09-09 12:12:12');
INSERT INTO `statistics_daily` VALUES ('1298', '2018-05-14', '649', '29', '263', '14', '2018-01-25 06:38:19', '2019-09-09 12:12:12');
INSERT INTO `statistics_daily` VALUES ('1299', '2018-05-15', '5', '29', '263', '14', '2018-01-25 06:38:19', '2019-09-09 12:12:12');
INSERT INTO `statistics_daily` VALUES ('1300', '2018-05-16', '650', '29', '263', '14', '2018-01-25 06:38:19', '2019-09-09 12:12:12');
INSERT INTO `statistics_daily` VALUES ('1301', '2018-05-17', '651', '29', '263', '14', '2018-01-25 06:38:19', '2019-09-09 12:12:12');
INSERT INTO `statistics_daily` VALUES ('1302', '2018-05-18', '651', '29', '263', '14', '2018-01-25 06:38:19', '2019-09-09 12:12:12');
INSERT INTO `statistics_daily` VALUES ('1303', '2018-05-19', '652', '29', '264', '14', '2018-01-25 06:38:19', '2019-09-09 12:12:12');
INSERT INTO `statistics_daily` VALUES ('1304', '2018-05-20', '652', '29', '264', '14', '2018-01-25 06:38:19', '2019-09-09 12:12:12');
INSERT INTO `statistics_daily` VALUES ('1305', '2018-05-21', '653', '29', '264', '14', '2018-01-25 06:38:19', '2019-09-09 12:12:12');
INSERT INTO `statistics_daily` VALUES ('1306', '2018-05-22', '1', '29', '264', '14', '2018-01-25 06:38:19', '2019-09-09 12:12:12');
INSERT INTO `statistics_daily` VALUES ('1307', '2018-05-23', '654', '29', '264', '14', '2018-01-25 06:38:19', '2019-09-09 12:12:12');
INSERT INTO `statistics_daily` VALUES ('1308', '2018-05-24', '654', '29', '265', '14', '2018-01-25 06:38:19', '2019-09-09 12:12:12');
INSERT INTO `statistics_daily` VALUES ('1309', '2018-05-25', '1', '29', '265', '14', '2018-01-25 06:38:19', '2019-09-09 12:12:12');
INSERT INTO `statistics_daily` VALUES ('1310', '2018-05-26', '655', '29', '265', '14', '2018-01-25 06:38:19', '2019-09-09 12:12:12');
INSERT INTO `statistics_daily` VALUES ('1311', '2018-05-27', '656', '29', '265', '14', '2018-01-25 06:38:19', '2019-09-09 12:12:12');
INSERT INTO `statistics_daily` VALUES ('1312', '2018-05-28', '656', '29', '265', '14', '2018-01-25 06:38:19', '2019-09-09 12:12:12');
INSERT INTO `statistics_daily` VALUES ('1313', '2018-05-29', '657', '29', '266', '14', '2018-01-25 06:38:19', '2019-09-09 12:12:12');
INSERT INTO `statistics_daily` VALUES ('1314', '2018-05-30', '657', '29', '266', '14', '2018-01-25 06:38:19', '2019-09-09 12:12:12');
INSERT INTO `statistics_daily` VALUES ('1315', '2018-05-31', '658', '29', '266', '14', '2018-01-25 06:38:19', '2019-09-09 12:12:12');
INSERT INTO `statistics_daily` VALUES ('1316', '2018-06-01', '658', '29', '266', '14', '2018-01-25 06:38:19', '2019-09-09 12:12:12');
INSERT INTO `statistics_daily` VALUES ('1317', '2018-06-02', '659', '29', '266', '14', '2018-01-25 06:38:19', '2019-09-09 12:12:12');
INSERT INTO `statistics_daily` VALUES ('1318', '2018-06-03', '659', '29', '267', '14', '2018-01-25 06:38:19', '2019-09-09 12:12:12');
INSERT INTO `statistics_daily` VALUES ('1319', '2018-06-04', '660', '29', '267', '14', '2018-01-25 06:38:19', '2019-09-09 12:12:12');
INSERT INTO `statistics_daily` VALUES ('1320', '2018-06-05', '660', '29', '267', '14', '2018-01-25 06:38:19', '2019-09-09 12:12:12');
INSERT INTO `statistics_daily` VALUES ('1321', '2018-06-06', '661', '29', '267', '14', '2018-01-25 06:38:19', '2019-09-09 12:12:12');
INSERT INTO `statistics_daily` VALUES ('1322', '2018-06-07', '661', '29', '267', '14', '2018-01-25 06:38:19', '2019-09-09 12:12:12');
INSERT INTO `statistics_daily` VALUES ('1323', '2018-06-08', '662', '29', '268', '14', '2018-01-25 06:38:19', '2019-09-09 12:12:12');
INSERT INTO `statistics_daily` VALUES ('1324', '2018-06-09', '662', '29', '268', '14', '2018-01-25 06:38:19', '2019-09-09 12:12:12');
INSERT INTO `statistics_daily` VALUES ('1325', '2018-06-10', '663', '30', '268', '14', '2018-01-25 06:38:19', '2019-09-09 12:12:12');
INSERT INTO `statistics_daily` VALUES ('1326', '2018-06-11', '663', '30', '268', '14', '2018-01-25 06:38:19', '2019-09-09 12:12:12');
INSERT INTO `statistics_daily` VALUES ('1327', '2018-06-12', '664', '30', '268', '14', '2018-01-25 06:38:19', '2019-09-09 12:12:12');
INSERT INTO `statistics_daily` VALUES ('1328', '2018-06-13', '664', '30', '269', '14', '2018-01-25 06:38:19', '2019-09-09 12:12:12');
INSERT INTO `statistics_daily` VALUES ('1329', '2018-06-14', '665', '30', '269', '14', '2018-01-25 06:38:19', '2019-09-09 12:12:12');
INSERT INTO `statistics_daily` VALUES ('1330', '2018-06-15', '665', '30', '269', '14', '2018-01-25 06:38:19', '2019-09-09 12:12:12');
INSERT INTO `statistics_daily` VALUES ('1331', '2018-06-16', '666', '30', '269', '14', '2018-01-25 06:38:19', '2019-09-09 12:12:12');
INSERT INTO `statistics_daily` VALUES ('1332', '2018-06-17', '666', '30', '269', '14', '2018-01-25 06:38:19', '2019-09-09 12:12:12');
INSERT INTO `statistics_daily` VALUES ('1333', '2018-06-18', '667', '30', '270', '14', '2018-01-25 06:38:19', '2019-09-09 12:12:12');
INSERT INTO `statistics_daily` VALUES ('1334', '2018-06-19', '667', '30', '270', '14', '2018-01-25 06:38:19', '2019-09-09 12:12:12');
INSERT INTO `statistics_daily` VALUES ('1335', '2018-06-20', '668', '30', '270', '14', '2018-01-25 06:38:19', '2019-09-09 12:12:12');
INSERT INTO `statistics_daily` VALUES ('1336', '2018-06-21', '668', '30', '270', '14', '2018-01-25 06:38:19', '2019-09-09 12:12:12');
INSERT INTO `statistics_daily` VALUES ('1337', '2018-06-22', '669', '30', '270', '14', '2018-01-25 06:38:19', '2019-09-09 12:12:12');
INSERT INTO `statistics_daily` VALUES ('1338', '2018-06-23', '669', '30', '271', '14', '2018-01-25 06:38:19', '2019-09-09 12:12:12');
INSERT INTO `statistics_daily` VALUES ('1339', '2018-06-24', '670', '30', '271', '14', '2018-01-25 06:38:19', '2019-09-09 12:12:12');
INSERT INTO `statistics_daily` VALUES ('1340', '2018-06-25', '670', '30', '271', '14', '2018-01-25 06:38:19', '2019-09-09 12:12:12');
INSERT INTO `statistics_daily` VALUES ('1341', '2018-06-26', '671', '30', '271', '14', '2018-01-25 06:38:19', '2019-09-09 12:12:12');
INSERT INTO `statistics_daily` VALUES ('1342', '2018-06-27', '671', '30', '271', '14', '2018-01-25 06:38:19', '2019-09-09 12:12:12');
INSERT INTO `statistics_daily` VALUES ('1343', '2018-06-28', '672', '30', '272', '14', '2018-01-25 06:38:19', '2019-09-09 12:12:12');
INSERT INTO `statistics_daily` VALUES ('1344', '2018-06-29', '672', '30', '272', '14', '2018-01-25 06:38:19', '2019-09-09 12:12:12');
INSERT INTO `statistics_daily` VALUES ('1345', '2018-06-30', '673', '30', '272', '14', '2018-01-25 06:38:20', '2019-09-09 12:12:12');
INSERT INTO `statistics_daily` VALUES ('1346', '2018-07-01', '673', '30', '272', '14', '2018-01-25 06:38:20', '2019-09-09 12:12:12');
INSERT INTO `statistics_daily` VALUES ('1347', '2018-07-02', '674', '30', '272', '14', '2018-01-25 06:38:20', '2019-09-09 12:12:12');
INSERT INTO `statistics_daily` VALUES ('1348', '2018-07-03', '674', '30', '273', '14', '2018-01-25 06:38:20', '2019-09-09 12:12:12');
INSERT INTO `statistics_daily` VALUES ('1349', '2018-07-04', '675', '30', '273', '14', '2018-01-25 06:38:20', '2019-09-09 12:12:12');
INSERT INTO `statistics_daily` VALUES ('1350', '2018-07-05', '675', '30', '273', '14', '2018-01-25 06:38:20', '2019-09-09 12:12:12');
INSERT INTO `statistics_daily` VALUES ('1351', '2018-07-06', '676', '30', '273', '14', '2018-01-25 06:38:20', '2019-09-09 12:12:12');
INSERT INTO `statistics_daily` VALUES ('1352', '2018-07-07', '676', '30', '273', '14', '2018-01-25 06:38:20', '2019-09-09 12:12:12');
INSERT INTO `statistics_daily` VALUES ('1353', '2018-07-08', '677', '30', '274', '14', '2018-01-25 06:38:20', '2019-09-09 12:12:12');
INSERT INTO `statistics_daily` VALUES ('1354', '2018-07-09', '677', '30', '274', '14', '2018-01-25 06:38:20', '2019-09-09 12:12:12');
INSERT INTO `statistics_daily` VALUES ('1355', '2018-07-10', '678', '30', '274', '14', '2018-01-25 06:38:20', '2019-09-09 12:12:12');
INSERT INTO `statistics_daily` VALUES ('1356', '2018-07-11', '678', '30', '274', '14', '2018-01-25 06:38:20', '2019-09-09 12:12:12');
INSERT INTO `statistics_daily` VALUES ('1357', '2018-07-12', '679', '30', '274', '14', '2018-01-25 06:38:20', '2019-09-09 12:12:12');
INSERT INTO `statistics_daily` VALUES ('1358', '2018-07-13', '679', '30', '275', '14', '2018-01-25 06:38:20', '2019-09-09 12:12:12');
INSERT INTO `statistics_daily` VALUES ('1359', '2018-07-14', '680', '30', '275', '14', '2018-01-25 06:38:20', '2019-09-09 12:12:12');
INSERT INTO `statistics_daily` VALUES ('1360', '2018-07-15', '680', '30', '275', '14', '2018-01-25 06:38:20', '2019-09-09 12:12:12');
INSERT INTO `statistics_daily` VALUES ('1361', '2018-07-16', '681', '30', '275', '14', '2018-01-25 06:38:20', '2019-09-09 12:12:12');
INSERT INTO `statistics_daily` VALUES ('1362', '2018-07-17', '681', '30', '275', '14', '2018-01-25 06:38:20', '2019-09-09 12:12:12');
INSERT INTO `statistics_daily` VALUES ('1363', '2018-07-18', '682', '30', '276', '14', '2018-01-25 06:38:20', '2019-09-09 12:12:12');
INSERT INTO `statistics_daily` VALUES ('1364', '2018-07-19', '682', '30', '276', '14', '2018-01-25 06:38:20', '2019-09-09 12:12:12');
INSERT INTO `statistics_daily` VALUES ('1365', '2018-07-20', '683', '30', '276', '14', '2018-01-25 06:38:20', '2019-09-09 12:12:12');
INSERT INTO `statistics_daily` VALUES ('1366', '2018-07-21', '683', '30', '276', '14', '2018-01-25 06:38:20', '2019-09-09 12:12:12');
INSERT INTO `statistics_daily` VALUES ('1367', '2018-07-22', '684', '30', '276', '14', '2018-01-25 06:38:20', '2019-09-09 12:12:12');
INSERT INTO `statistics_daily` VALUES ('1368', '2018-07-23', '684', '30', '277', '14', '2018-01-25 06:38:20', '2019-09-09 12:12:12');
INSERT INTO `statistics_daily` VALUES ('1369', '2018-07-24', '685', '30', '277', '14', '2018-01-25 06:38:20', '2019-09-09 12:12:12');
INSERT INTO `statistics_daily` VALUES ('1370', '2018-07-25', '685', '30', '277', '14', '2018-01-25 06:38:20', '2019-09-09 12:12:12');
INSERT INTO `statistics_daily` VALUES ('1371', '2018-07-26', '686', '30', '277', '14', '2018-01-25 06:38:20', '2019-09-09 12:12:12');
INSERT INTO `statistics_daily` VALUES ('1372', '2018-07-27', '686', '30', '277', '14', '2018-01-25 06:38:20', '2019-09-09 12:12:12');
INSERT INTO `statistics_daily` VALUES ('1373', '2018-07-28', '687', '30', '278', '14', '2018-01-25 06:38:20', '2019-09-09 12:12:12');
INSERT INTO `statistics_daily` VALUES ('1374', '2018-07-29', '687', '30', '278', '14', '2018-01-25 06:38:20', '2019-09-09 12:12:12');
INSERT INTO `statistics_daily` VALUES ('1375', '2018-07-30', '688', '31', '278', '14', '2018-01-25 06:38:20', '2019-09-09 12:12:12');
INSERT INTO `statistics_daily` VALUES ('1376', '2018-07-31', '688', '31', '278', '14', '2018-01-25 06:38:20', '2019-09-09 12:12:12');
INSERT INTO `statistics_daily` VALUES ('1377', '2018-08-01', '689', '31', '278', '14', '2018-01-25 06:38:20', '2019-09-09 12:12:12');
INSERT INTO `statistics_daily` VALUES ('1378', '2018-08-02', '689', '31', '279', '14', '2018-01-25 06:38:20', '2019-09-09 12:12:12');
INSERT INTO `statistics_daily` VALUES ('1379', '2018-08-03', '690', '31', '279', '14', '2018-01-25 06:38:20', '2019-09-09 12:12:12');
INSERT INTO `statistics_daily` VALUES ('1380', '2018-08-04', '690', '31', '279', '14', '2018-01-25 06:38:20', '2019-09-09 12:12:12');
INSERT INTO `statistics_daily` VALUES ('1381', '2018-08-05', '691', '31', '279', '14', '2018-01-25 06:38:20', '2019-09-09 12:12:12');
INSERT INTO `statistics_daily` VALUES ('1382', '2018-08-06', '691', '31', '279', '14', '2018-01-25 06:38:20', '2019-09-09 12:12:12');
INSERT INTO `statistics_daily` VALUES ('1383', '2018-08-07', '692', '31', '280', '14', '2018-01-25 06:38:20', '2019-09-09 12:12:12');
INSERT INTO `statistics_daily` VALUES ('1384', '2018-08-08', '692', '31', '280', '14', '2018-01-25 06:38:20', '2019-09-09 12:12:12');
INSERT INTO `statistics_daily` VALUES ('1385', '2018-08-09', '1', '31', '280', '14', '2018-01-25 06:38:20', '2019-09-09 12:12:12');
INSERT INTO `statistics_daily` VALUES ('1386', '2018-08-10', '693', '31', '280', '14', '2018-01-25 06:38:20', '2019-09-09 12:12:12');
INSERT INTO `statistics_daily` VALUES ('1387', '2018-08-11', '694', '31', '280', '14', '2018-01-25 06:38:20', '2019-09-09 12:12:12');
INSERT INTO `statistics_daily` VALUES ('1388', '2018-08-12', '694', '31', '281', '14', '2018-01-25 06:38:20', '2019-09-09 12:12:12');
INSERT INTO `statistics_daily` VALUES ('1389', '2018-08-13', '695', '31', '281', '14', '2018-01-25 06:38:20', '2019-09-09 12:12:12');
INSERT INTO `statistics_daily` VALUES ('1390', '2018-08-14', '695', '31', '281', '14', '2018-01-25 06:38:20', '2019-09-09 12:12:12');
INSERT INTO `statistics_daily` VALUES ('1391', '2018-08-15', '696', '31', '281', '14', '2018-01-25 06:38:20', '2019-09-09 12:12:12');
INSERT INTO `statistics_daily` VALUES ('1392', '2018-08-16', '696', '31', '281', '14', '2018-01-25 06:38:20', '2019-09-09 12:12:12');
INSERT INTO `statistics_daily` VALUES ('1393', '2018-08-17', '697', '31', '282', '14', '2018-01-25 06:38:20', '2019-09-09 12:12:12');
INSERT INTO `statistics_daily` VALUES ('1394', '2018-08-18', '697', '31', '282', '14', '2018-01-25 06:38:20', '2019-09-09 12:12:12');
INSERT INTO `statistics_daily` VALUES ('1395', '2018-08-19', '698', '31', '282', '14', '2018-01-25 06:38:20', '2019-09-09 12:12:12');
INSERT INTO `statistics_daily` VALUES ('1396', '2018-08-20', '698', '31', '282', '14', '2018-01-25 06:38:20', '2019-09-09 12:12:12');
INSERT INTO `statistics_daily` VALUES ('1397', '2018-08-21', '699', '31', '282', '14', '2018-01-25 06:38:20', '2019-09-09 12:12:12');
INSERT INTO `statistics_daily` VALUES ('1398', '2018-08-22', '699', '31', '283', '14', '2018-01-25 06:38:20', '2019-09-09 12:12:12');
INSERT INTO `statistics_daily` VALUES ('1399', '2018-08-23', '700', '31', '283', '14', '2018-01-25 06:38:20', '2019-09-09 12:12:12');
INSERT INTO `statistics_daily` VALUES ('1400', '2018-08-24', '700', '31', '283', '14', '2018-01-25 06:38:20', '2019-09-09 12:12:12');
INSERT INTO `statistics_daily` VALUES ('1401', '2018-08-25', '701', '31', '283', '14', '2018-01-25 06:38:20', '2019-09-09 12:12:12');
INSERT INTO `statistics_daily` VALUES ('1402', '2018-08-26', '701', '31', '283', '14', '2018-01-25 06:38:20', '2019-09-09 12:12:12');
INSERT INTO `statistics_daily` VALUES ('1403', '2018-08-27', '702', '31', '284', '14', '2018-01-25 06:38:20', '2019-09-09 12:12:12');
INSERT INTO `statistics_daily` VALUES ('1404', '2018-08-28', '702', '31', '284', '14', '2018-01-25 06:38:20', '2019-09-09 12:12:12');
INSERT INTO `statistics_daily` VALUES ('1405', '2018-08-29', '703', '31', '284', '14', '2018-01-25 06:38:20', '2019-09-09 12:12:12');
INSERT INTO `statistics_daily` VALUES ('1406', '2018-08-30', '703', '31', '284', '14', '2018-01-25 06:38:20', '2019-09-09 12:12:12');
INSERT INTO `statistics_daily` VALUES ('1407', '2018-08-31', '704', '31', '284', '14', '2018-01-25 06:38:20', '2019-09-09 12:12:12');
INSERT INTO `statistics_daily` VALUES ('1408', '2018-09-01', '1', '31', '285', '14', '2018-01-25 06:38:20', '2019-09-09 12:12:12');
INSERT INTO `statistics_daily` VALUES ('1409', '2018-09-02', '705', '31', '285', '14', '2018-01-25 06:38:20', '2019-09-09 12:12:12');
INSERT INTO `statistics_daily` VALUES ('1410', '2018-09-03', '705', '31', '285', '14', '2018-01-25 06:38:20', '2019-09-09 12:12:12');
INSERT INTO `statistics_daily` VALUES ('1411', '2018-09-04', '706', '31', '285', '14', '2018-01-25 06:38:20', '2019-09-09 12:12:12');
INSERT INTO `statistics_daily` VALUES ('1412', '2018-09-05', '706', '31', '285', '14', '2018-01-25 06:38:20', '2019-09-09 12:12:12');
INSERT INTO `statistics_daily` VALUES ('1413', '2018-09-06', '707', '31', '286', '14', '2018-01-25 06:38:20', '2019-09-09 12:12:12');
INSERT INTO `statistics_daily` VALUES ('1414', '2018-09-07', '707', '31', '1', '14', '2018-01-25 06:38:20', '2019-09-09 12:12:12');
INSERT INTO `statistics_daily` VALUES ('1415', '2018-09-08', '708', '31', '1', '14', '2018-01-25 06:38:20', '2019-09-09 12:12:12');
INSERT INTO `statistics_daily` VALUES ('1416', '2018-09-09', '1', '31', '1', '14', '2018-01-25 06:38:20', '2019-09-09 12:12:12');
INSERT INTO `statistics_daily` VALUES ('1417', '2018-09-10', '1', '31', '2', '14', '2018-01-25 06:38:20', '2019-09-09 12:12:12');
INSERT INTO `statistics_daily` VALUES ('1418', '2018-09-11', '709', '31', '287', '14', '2018-01-25 06:38:20', '2019-09-09 12:12:12');
INSERT INTO `statistics_daily` VALUES ('1419', '2018-09-12', '710', '31', '287', '14', '2018-01-25 06:38:20', '2019-09-09 12:12:12');
INSERT INTO `statistics_daily` VALUES ('1420', '2018-09-13', '710', '31', '287', '14', '2018-01-25 06:38:20', '2019-09-09 12:12:12');
INSERT INTO `statistics_daily` VALUES ('1421', '2018-09-14', '711', '31', '287', '14', '2018-01-25 06:38:20', '2019-09-09 12:12:12');
INSERT INTO `statistics_daily` VALUES ('1422', '2018-09-15', '711', '31', '287', '14', '2018-01-25 06:38:20', '2019-09-09 12:12:12');
INSERT INTO `statistics_daily` VALUES ('1423', '2018-09-16', '712', '31', '288', '14', '2018-01-25 06:38:20', '2019-09-09 12:12:12');
INSERT INTO `statistics_daily` VALUES ('1424', '2018-09-17', '712', '31', '288', '14', '2018-01-25 06:38:20', '2019-09-09 12:12:12');
INSERT INTO `statistics_daily` VALUES ('1425', '2018-09-18', '713', '32', '288', '14', '2018-01-25 06:38:20', '2019-09-09 12:12:12');
INSERT INTO `statistics_daily` VALUES ('1426', '2018-09-19', '713', '32', '288', '14', '2018-01-25 06:38:20', '2019-09-09 12:12:12');
INSERT INTO `statistics_daily` VALUES ('1427', '2018-09-20', '714', '32', '288', '14', '2018-01-25 06:38:20', '2019-09-09 12:12:12');
INSERT INTO `statistics_daily` VALUES ('1428', '2018-09-21', '714', '32', '289', '14', '2018-01-25 06:38:20', '2019-09-09 12:12:12');
INSERT INTO `statistics_daily` VALUES ('1429', '2018-09-22', '715', '32', '289', '14', '2018-01-25 06:38:20', '2019-09-09 12:12:12');
INSERT INTO `statistics_daily` VALUES ('1430', '2018-09-23', '715', '32', '289', '14', '2018-01-25 06:38:20', '2019-09-09 12:12:12');
INSERT INTO `statistics_daily` VALUES ('1431', '2018-09-24', '716', '32', '1', '14', '2018-01-25 06:38:20', '2019-09-09 12:12:12');
INSERT INTO `statistics_daily` VALUES ('1432', '2018-09-25', '716', '32', '289', '14', '2018-01-25 06:38:20', '2019-09-09 12:12:12');
INSERT INTO `statistics_daily` VALUES ('1433', '2018-09-26', '717', '32', '290', '14', '2018-01-25 06:38:20', '2019-09-09 12:12:12');
INSERT INTO `statistics_daily` VALUES ('1434', '2018-09-27', '717', '32', '290', '14', '2018-01-25 06:38:20', '2019-09-09 12:12:12');
INSERT INTO `statistics_daily` VALUES ('1435', '2018-09-28', '718', '32', '290', '14', '2018-01-25 06:38:20', '2019-09-09 12:12:12');
INSERT INTO `statistics_daily` VALUES ('1436', '2018-09-29', '718', '32', '1', '14', '2018-01-25 06:38:20', '2019-09-09 12:12:12');
INSERT INTO `statistics_daily` VALUES ('1437', '2018-09-30', '719', '32', '290', '14', '2018-01-25 06:38:20', '2019-09-09 12:12:12');
INSERT INTO `statistics_daily` VALUES ('1438', '2018-10-01', '719', '32', '291', '14', '2018-01-25 06:38:20', '2019-09-09 12:12:12');
INSERT INTO `statistics_daily` VALUES ('1439', '2018-10-02', '720', '32', '291', '14', '2018-01-25 06:38:20', '2019-09-09 12:12:12');
INSERT INTO `statistics_daily` VALUES ('1440', '2018-10-03', '720', '32', '291', '14', '2018-01-25 06:38:20', '2019-09-09 12:12:12');
INSERT INTO `statistics_daily` VALUES ('1441', '2018-10-04', '721', '32', '291', '14', '2018-01-25 06:38:20', '2019-09-09 12:12:12');
INSERT INTO `statistics_daily` VALUES ('1442', '2018-10-05', '721', '32', '291', '14', '2018-01-25 06:38:20', '2019-09-09 12:12:12');
INSERT INTO `statistics_daily` VALUES ('1443', '2018-10-06', '722', '32', '292', '14', '2018-01-25 06:38:20', '2019-09-09 12:12:12');
INSERT INTO `statistics_daily` VALUES ('1444', '2018-10-07', '722', '32', '292', '14', '2018-01-25 06:38:20', '2019-09-09 12:12:12');
INSERT INTO `statistics_daily` VALUES ('1445', '2018-10-08', '1', '32', '292', '14', '2018-01-25 06:38:20', '2019-09-09 12:12:12');
INSERT INTO `statistics_daily` VALUES ('1446', '2018-10-09', '723', '32', '292', '14', '2018-01-25 06:38:20', '2019-09-09 12:12:12');
INSERT INTO `statistics_daily` VALUES ('1447', '2018-10-10', '724', '32', '292', '14', '2018-01-25 06:38:20', '2019-09-09 12:12:12');
INSERT INTO `statistics_daily` VALUES ('1448', '2018-10-11', '724', '32', '293', '14', '2018-01-25 06:38:20', '2019-09-09 12:12:12');
INSERT INTO `statistics_daily` VALUES ('1449', '2018-10-12', '725', '32', '293', '14', '2018-01-25 06:38:20', '2019-09-09 12:12:12');
INSERT INTO `statistics_daily` VALUES ('1450', '2018-10-13', '725', '32', '293', '14', '2018-01-25 06:38:20', '2019-09-09 12:12:12');
INSERT INTO `statistics_daily` VALUES ('1451', '2018-10-14', '726', '32', '4', '14', '2018-01-25 06:38:20', '2019-09-09 12:12:12');
INSERT INTO `statistics_daily` VALUES ('1452', '2018-10-15', '726', '32', '293', '14', '2018-01-25 06:38:20', '2019-09-09 12:12:12');
INSERT INTO `statistics_daily` VALUES ('1453', '2018-10-16', '727', '32', '294', '14', '2018-01-25 06:38:20', '2019-09-09 12:12:12');
INSERT INTO `statistics_daily` VALUES ('1454', '2018-10-17', '727', '32', '294', '14', '2018-01-25 06:38:20', '2019-09-09 12:12:12');
INSERT INTO `statistics_daily` VALUES ('1455', '2018-10-18', '728', '32', '294', '14', '2018-01-25 06:38:20', '2019-09-09 12:12:12');
INSERT INTO `statistics_daily` VALUES ('1456', '2018-10-19', '728', '32', '294', '14', '2018-01-25 06:38:20', '2019-09-09 12:12:12');
INSERT INTO `statistics_daily` VALUES ('1457', '2018-10-20', '729', '32', '294', '14', '2018-01-25 06:38:20', '2019-09-09 12:12:12');
INSERT INTO `statistics_daily` VALUES ('1458', '2018-10-21', '729', '32', '295', '14', '2018-01-25 06:38:20', '2019-09-09 12:12:12');
INSERT INTO `statistics_daily` VALUES ('1459', '2018-10-22', '730', '32', '1', '14', '2018-01-25 06:38:20', '2019-09-09 12:12:12');
INSERT INTO `statistics_daily` VALUES ('1460', '2018-10-23', '730', '32', '295', '14', '2018-01-25 06:38:20', '2019-09-09 12:12:12');
INSERT INTO `statistics_daily` VALUES ('1461', '2018-10-24', '731', '32', '295', '14', '2018-01-25 06:38:20', '2019-09-09 12:12:12');
INSERT INTO `statistics_daily` VALUES ('1462', '2018-10-25', '731', '32', '295', '14', '2018-01-25 06:38:20', '2019-09-09 12:12:12');
INSERT INTO `statistics_daily` VALUES ('1463', '2018-10-26', '732', '32', '296', '14', '2018-01-25 06:38:20', '2019-09-09 12:12:12');
INSERT INTO `statistics_daily` VALUES ('1464', '2018-10-27', '732', '32', '296', '14', '2018-01-25 06:38:20', '2019-09-09 12:12:12');
INSERT INTO `statistics_daily` VALUES ('1465', '2018-10-28', '733', '32', '296', '14', '2018-01-25 06:38:20', '2019-09-09 12:12:12');
INSERT INTO `statistics_daily` VALUES ('1466', '2018-10-29', '2', '32', '3', '14', '2018-01-25 06:38:20', '2019-09-09 12:12:12');
INSERT INTO `statistics_daily` VALUES ('1467', '2018-10-30', '734', '32', '296', '14', '2018-01-25 06:38:20', '2019-09-09 12:12:12');
INSERT INTO `statistics_daily` VALUES ('1468', '2018-10-31', '734', '32', '297', '14', '2018-01-25 06:38:20', '2019-09-09 12:12:12');
INSERT INTO `statistics_daily` VALUES ('1469', '2018-11-01', '735', '32', '297', '14', '2018-01-25 06:38:20', '2019-09-09 12:12:12');
INSERT INTO `statistics_daily` VALUES ('1470', '2018-11-02', '735', '32', '297', '14', '2018-01-25 06:38:20', '2019-09-09 12:12:12');
INSERT INTO `statistics_daily` VALUES ('1471', '2018-11-03', '1', '32', '297', '14', '2018-01-25 06:38:20', '2019-09-09 12:12:12');
INSERT INTO `statistics_daily` VALUES ('1472', '2018-11-04', '736', '32', '1', '14', '2018-01-25 06:38:20', '2019-09-09 12:12:12');
INSERT INTO `statistics_daily` VALUES ('1473', '2018-11-05', '737', '32', '298', '14', '2018-01-25 06:38:20', '2019-09-09 12:12:12');
INSERT INTO `statistics_daily` VALUES ('1474', '2018-11-06', '737', '32', '298', '14', '2018-01-25 06:38:20', '2019-09-09 12:12:12');
INSERT INTO `statistics_daily` VALUES ('1475', '2018-11-07', '738', '33', '298', '14', '2018-01-25 06:38:20', '2019-09-09 12:12:12');
INSERT INTO `statistics_daily` VALUES ('1476', '2018-11-08', '738', '33', '169', '14', '2018-01-25 06:38:20', '2019-09-09 12:12:12');
INSERT INTO `statistics_daily` VALUES ('1477', '2018-11-09', '1', '33', '298', '14', '2018-01-25 06:38:20', '2019-09-09 12:12:12');
INSERT INTO `statistics_daily` VALUES ('1478', '2018-11-10', '739', '33', '78', '14', '2018-01-25 06:38:20', '2019-09-09 12:12:12');
INSERT INTO `statistics_daily` VALUES ('1479', '2018-11-11', '740', '33', '299', '14', '2018-01-25 06:38:20', '2019-09-09 12:12:12');
INSERT INTO `statistics_daily` VALUES ('1480', '2018-11-12', '740', '33', '299', '14', '2018-01-25 06:38:20', '2019-09-09 12:12:12');
INSERT INTO `statistics_daily` VALUES ('1481', '2018-11-13', '741', '33', '299', '14', '2018-01-25 06:38:20', '2019-09-09 12:12:12');
INSERT INTO `statistics_daily` VALUES ('1482', '2018-11-14', '741', '33', '299', '14', '2018-01-25 06:38:20', '2019-09-09 12:12:12');
INSERT INTO `statistics_daily` VALUES ('1483', '2018-11-15', '742', '33', '300', '14', '2018-01-25 06:38:20', '2019-09-09 12:12:12');
INSERT INTO `statistics_daily` VALUES ('1484', '2018-11-16', '742', '33', '35', '14', '2018-01-25 06:38:20', '2019-09-09 12:12:12');
INSERT INTO `statistics_daily` VALUES ('1485', '2018-11-17', '743', '33', '300', '14', '2018-01-25 06:38:20', '2019-09-09 12:12:12');
INSERT INTO `statistics_daily` VALUES ('1486', '2018-11-18', '743', '33', '300', '14', '2018-01-25 06:38:20', '2019-09-09 12:12:12');
INSERT INTO `statistics_daily` VALUES ('1487', '2018-11-19', '744', '33', '300', '14', '2018-01-25 06:38:20', '2019-09-09 12:12:12');
INSERT INTO `statistics_daily` VALUES ('1488', '2018-11-20', '744', '33', '301', '14', '2018-01-25 06:38:20', '2019-09-09 12:12:12');
INSERT INTO `statistics_daily` VALUES ('1489', '2018-11-21', '745', '33', '234', '14', '2018-01-25 06:38:20', '2019-09-09 12:12:12');
INSERT INTO `statistics_daily` VALUES ('1490', '2018-11-22', '456', '33', '301', '14', '2018-01-25 06:38:20', '2019-09-09 12:12:12');
INSERT INTO `statistics_daily` VALUES ('1491', '2018-11-23', '746', '33', '301', '14', '2018-01-25 06:38:20', '2019-09-09 12:12:12');
INSERT INTO `statistics_daily` VALUES ('1492', '2018-11-24', '746', '33', '301', '14', '2018-01-25 06:38:20', '2019-09-09 12:12:12');
INSERT INTO `statistics_daily` VALUES ('1493', '2018-11-25', '747', '33', '302', '14', '2018-01-25 06:38:20', '2019-09-09 12:12:12');
INSERT INTO `statistics_daily` VALUES ('1494', '2018-11-26', '747', '4', '302', '14', '2018-01-25 06:38:20', '2019-09-09 12:12:12');
INSERT INTO `statistics_daily` VALUES ('1495', '2018-11-27', '748', '33', '302', '14', '2018-01-25 06:38:20', '2019-09-09 12:12:12');
INSERT INTO `statistics_daily` VALUES ('1496', '2018-11-28', '748', '33', '36', '14', '2018-01-25 06:38:20', '2019-09-09 12:12:12');
INSERT INTO `statistics_daily` VALUES ('1497', '2018-11-29', '749', '33', '302', '2', '2018-01-25 06:38:20', '2019-09-09 12:12:12');
INSERT INTO `statistics_daily` VALUES ('1498', '2018-11-30', '749', '3', '303', '14', '2018-01-25 06:38:20', '2019-09-09 12:12:12');
INSERT INTO `statistics_daily` VALUES ('1499', '2018-12-01', '750', '33', '303', '14', '2018-01-25 06:38:20', '2019-09-09 12:12:12');
INSERT INTO `statistics_daily` VALUES ('1500', '2018-12-02', '234', '33', '303', '14', '2018-01-25 06:38:20', '2019-09-09 12:12:12');
INSERT INTO `statistics_daily` VALUES ('1501', '2018-12-03', '751', '33', '303', '14', '2018-01-25 06:38:20', '2019-09-09 12:12:12');
INSERT INTO `statistics_daily` VALUES ('1502', '2018-12-04', '751', '33', '303', '14', '2018-01-25 06:38:20', '2019-09-09 12:12:12');
INSERT INTO `statistics_daily` VALUES ('1503', '2018-12-05', '752', '6', '304', '33', '2018-01-25 06:38:20', '2019-09-09 12:12:12');
INSERT INTO `statistics_daily` VALUES ('1505', '2018-12-07', '753', '33', '55', '14', '2018-01-25 06:38:20', '2019-09-09 12:12:12');
INSERT INTO `statistics_daily` VALUES ('1506', '2018-12-08', '753', '33', '304', '14', '2018-01-25 06:38:20', '2019-09-09 12:12:12');
INSERT INTO `statistics_daily` VALUES ('1507', '2018-12-09', '754', '33', '304', '14', '2018-01-25 06:38:20', '2019-09-09 12:12:12');
INSERT INTO `statistics_daily` VALUES ('1508', '2018-12-10', '754', '1', '305', '14', '2018-01-25 06:38:20', '2019-09-09 12:12:12');
INSERT INTO `statistics_daily` VALUES ('1509', '2018-12-11', '755', '33', '305', '14', '2018-01-25 06:38:20', '2019-09-09 12:12:12');
INSERT INTO `statistics_daily` VALUES ('1510', '2018-12-12', '755', '33', '305', '14', '2018-01-25 06:38:20', '2019-09-09 12:12:12');
INSERT INTO `statistics_daily` VALUES ('1511', '2018-12-13', '756', '33', '305', '14', '2018-01-25 06:38:20', '2019-09-09 12:12:12');
INSERT INTO `statistics_daily` VALUES ('1512', '2018-12-14', '366', '33', '305', '14', '2018-01-25 06:38:20', '2019-09-09 12:12:12');
INSERT INTO `statistics_daily` VALUES ('1513', '2018-12-15', '757', '33', '66', '14', '2018-01-25 06:38:20', '2019-09-09 12:12:12');
INSERT INTO `statistics_daily` VALUES ('1514', '2018-12-16', '757', '33', '306', '14', '2018-01-25 06:38:20', '2019-09-09 12:12:12');
INSERT INTO `statistics_daily` VALUES ('1515', '2018-12-17', '758', '33', '306', '14', '2018-01-25 06:38:20', '2019-09-09 12:12:12');
INSERT INTO `statistics_daily` VALUES ('1516', '2018-12-18', '758', '2', '306', '14', '2018-01-25 06:38:20', '2019-09-09 12:12:12');
INSERT INTO `statistics_daily` VALUES ('1517', '2018-12-19', '759', '33', '306', '14', '2018-01-25 06:38:20', '2019-09-09 12:12:12');
INSERT INTO `statistics_daily` VALUES ('1518', '2018-12-20', '564', '33', '307', '14', '2018-01-25 06:38:20', '2019-09-09 12:12:12');
INSERT INTO `statistics_daily` VALUES ('1519', '2018-12-21', '760', '33', '307', '14', '2018-01-25 06:38:20', '2019-09-09 12:12:12');
INSERT INTO `statistics_daily` VALUES ('1520', '2018-12-22', '760', '33', '307', '14', '2018-01-25 06:38:20', '2019-09-09 12:12:12');
INSERT INTO `statistics_daily` VALUES ('1521', '2018-12-23', '761', '33', '307', '14', '2018-01-25 06:38:20', '2019-09-09 12:12:12');
INSERT INTO `statistics_daily` VALUES ('1522', '2018-12-24', '761', '33', '307', '14', '2018-01-25 06:38:20', '2019-09-09 12:12:12');
INSERT INTO `statistics_daily` VALUES ('1527', '2018-12-29', '764', '34', '308', '14', '2018-01-25 06:38:20', '2019-09-09 12:12:12');
INSERT INTO `statistics_daily` VALUES ('1528', '2018-12-30', '764', '34', '309', '14', '2018-01-25 06:38:20', '2019-09-09 12:12:12');
INSERT INTO `statistics_daily` VALUES ('1529', '2018-12-31', '765', '34', '309', '14', '2018-01-25 06:38:20', '2019-09-09 12:12:12');
INSERT INTO `statistics_daily` VALUES ('1554', '2018-01-01', '333', '34', '314', '14', '2018-02-02 08:58:31', '2019-09-09 12:12:12');
INSERT INTO `statistics_daily` VALUES ('1555', '2018-01-02', '778', '34', '314', '14', '2018-02-02 08:58:31', '2019-09-09 12:12:12');
INSERT INTO `statistics_daily` VALUES ('1556', '2018-01-03', '778', '34', '314', '14', '2018-02-02 08:58:31', '2019-09-09 12:12:12');
INSERT INTO `statistics_daily` VALUES ('1557', '2018-01-04', '779', '34', '314', '14', '2018-02-02 08:58:31', '2019-09-09 12:12:12');
INSERT INTO `statistics_daily` VALUES ('1558', '2018-01-05', '779', '34', '315', '14', '2018-02-02 08:58:31', '2019-09-09 12:12:12');
INSERT INTO `statistics_daily` VALUES ('1559', '2018-01-06', '780', '34', '315', '14', '2018-02-02 08:58:31', '2019-09-09 12:12:12');
INSERT INTO `statistics_daily` VALUES ('1560', '2018-01-07', '780', '34', '315', '14', '2018-02-02 08:58:31', '2019-09-09 12:12:12');
INSERT INTO `statistics_daily` VALUES ('1561', '2018-01-08', '781', '34', '315', '14', '2018-02-02 08:58:31', '2019-09-09 12:12:12');
INSERT INTO `statistics_daily` VALUES ('1562', '2018-01-09', '781', '34', '315', '14', '2018-02-02 08:58:31', '2019-09-09 12:12:12');
INSERT INTO `statistics_daily` VALUES ('1563', '2018-01-10', '782', '34', '316', '14', '2018-02-02 08:58:31', '2019-09-09 12:12:12');
INSERT INTO `statistics_daily` VALUES ('1564', '2018-01-11', '782', '34', '316', '14', '2018-02-02 08:58:31', '2019-09-09 12:12:12');
INSERT INTO `statistics_daily` VALUES ('1565', '2018-01-12', '783', '34', '316', '14', '2018-02-02 08:58:31', '2019-09-09 12:12:12');
INSERT INTO `statistics_daily` VALUES ('1566', '2018-01-13', '783', '34', '316', '14', '2018-02-02 08:58:31', '2019-09-09 12:12:12');
INSERT INTO `statistics_daily` VALUES ('1567', '2018-01-14', '784', '34', '316', '14', '2018-02-02 08:58:31', '2019-09-09 12:12:12');
INSERT INTO `statistics_daily` VALUES ('1568', '2018-01-15', '784', '34', '317', '14', '2018-02-02 08:58:31', '2019-09-09 12:12:12');
INSERT INTO `statistics_daily` VALUES ('1569', '2018-01-16', '23', '34', '317', '14', '2018-02-02 08:58:31', '2019-09-09 12:12:12');
INSERT INTO `statistics_daily` VALUES ('1570', '2018-01-17', '785', '34', '317', '14', '2018-02-02 08:58:31', '2019-09-09 12:12:12');
INSERT INTO `statistics_daily` VALUES ('1571', '2018-01-18', '786', '34', '317', '14', '2018-02-02 08:58:31', '2019-09-09 12:12:12');
INSERT INTO `statistics_daily` VALUES ('1572', '2018-01-19', '786', '34', '317', '14', '2018-02-02 08:58:31', '2019-09-09 12:12:12');
INSERT INTO `statistics_daily` VALUES ('1573', '2018-01-20', '787', '2', '318', '14', '2018-02-02 08:58:31', '2019-09-09 12:12:12');
INSERT INTO `statistics_daily` VALUES ('1574', '2018-01-21', '787', '2', '318', '14', '2018-02-02 08:58:31', '2019-09-09 12:12:12');
INSERT INTO `statistics_daily` VALUES ('1575', '2018-01-22', '788', '1', '318', '14', '2018-02-02 08:58:31', '2019-09-09 12:12:12');
INSERT INTO `statistics_daily` VALUES ('1576', '2018-01-23', '788', '35', '318', '14', '2018-02-02 08:58:31', '2019-09-09 12:12:12');
INSERT INTO `statistics_daily` VALUES ('1577', '2018-01-24', '789', '35', '318', '14', '2018-02-02 08:58:31', '2019-09-09 12:12:12');
INSERT INTO `statistics_daily` VALUES ('1578', '2018-01-25', '789', '1', '319', '14', '2018-02-02 08:58:31', '2019-09-09 12:12:12');
INSERT INTO `statistics_daily` VALUES ('1579', '2018-01-26', '790', '1', '319', '14', '2018-02-02 08:58:31', '2019-09-09 12:12:12');
INSERT INTO `statistics_daily` VALUES ('1580', '2018-01-27', '531', '2', '319', '14', '2018-02-02 08:58:31', '2019-09-09 12:12:12');
INSERT INTO `statistics_daily` VALUES ('1581', '2018-01-28', '791', '2', '319', '14', '2018-02-02 08:58:31', '2019-09-09 12:12:12');
INSERT INTO `statistics_daily` VALUES ('1582', '2018-01-29', '791', '2', '319', '14', '2018-02-02 08:58:31', '2019-09-09 12:12:12');
INSERT INTO `statistics_daily` VALUES ('1583', '2018-01-30', '2', '4', '2', '14', '2018-02-02 08:58:31', '2019-09-09 12:12:12');
INSERT INTO `statistics_daily` VALUES ('1584', '2018-01-31', '792', '35', '320', '14', '2018-02-02 08:58:31', '2019-09-09 12:12:12');
INSERT INTO `statistics_daily` VALUES ('1586', '2018-02-01', '793', '4', '3', '14', '2018-02-25 10:54:34', '2019-09-09 12:12:12');
INSERT INTO `statistics_daily` VALUES ('1587', '2018-02-02', '794', '2', '1', '14', '2018-02-25 10:54:34', '2019-09-09 12:12:12');
INSERT INTO `statistics_daily` VALUES ('1588', '2018-02-03', '794', '1', '4', '14', '2018-02-25 10:54:34', '2019-09-09 12:12:12');
INSERT INTO `statistics_daily` VALUES ('1589', '2018-02-04', '795', '35', '321', '14', '2018-02-25 10:54:34', '2019-09-09 12:12:12');
INSERT INTO `statistics_daily` VALUES ('1590', '2018-02-05', '795', '35', '321', '14', '2018-02-25 10:54:34', '2019-09-09 12:12:12');
INSERT INTO `statistics_daily` VALUES ('1591', '2018-02-06', '796', '35', '321', '14', '2018-02-25 10:54:34', '2019-09-09 12:12:12');
INSERT INTO `statistics_daily` VALUES ('1592', '2018-02-07', '796', '35', '321', '14', '2018-02-25 10:54:34', '2019-09-09 12:12:12');
INSERT INTO `statistics_daily` VALUES ('1593', '2018-02-08', '797', '35', '322', '14', '2018-02-25 10:54:34', '2019-09-09 12:12:12');
INSERT INTO `statistics_daily` VALUES ('1594', '2018-02-09', '797', '35', '322', '14', '2018-02-25 10:54:34', '2019-09-09 12:12:12');
INSERT INTO `statistics_daily` VALUES ('1595', '2018-02-10', '99', '35', '322', '14', '2018-02-25 10:54:34', '2019-09-09 12:12:12');
INSERT INTO `statistics_daily` VALUES ('1596', '2018-02-11', '798', '35', '322', '14', '2018-02-25 10:54:34', '2019-09-09 12:12:12');
INSERT INTO `statistics_daily` VALUES ('1597', '2018-02-12', '799', '35', '322', '14', '2018-02-25 10:54:34', '2019-09-09 12:12:12');
INSERT INTO `statistics_daily` VALUES ('1598', '2018-02-13', '799', '35', '323', '14', '2018-02-25 10:54:34', '2019-09-09 12:12:12');
INSERT INTO `statistics_daily` VALUES ('1599', '2018-02-14', '800', '35', '323', '14', '2018-02-25 10:54:34', '2019-09-09 12:12:12');
INSERT INTO `statistics_daily` VALUES ('1600', '2018-02-15', '800', '35', '323', '14', '2018-02-25 10:54:34', '2019-09-09 12:12:12');
INSERT INTO `statistics_daily` VALUES ('1601', '2018-02-16', '89', '35', '90', '14', '2018-02-25 10:54:34', '2019-09-09 12:12:12');
INSERT INTO `statistics_daily` VALUES ('1602', '2018-02-17', '801', '35', '323', '14', '2018-02-25 10:54:34', '2019-09-09 12:12:12');
INSERT INTO `statistics_daily` VALUES ('1603', '2018-02-18', '802', '23', '324', '14', '2018-02-25 10:54:34', '2019-09-09 12:12:12');
INSERT INTO `statistics_daily` VALUES ('1604', '2018-02-19', '802', '2', '324', '14', '2018-02-25 10:54:34', '2019-09-09 12:12:12');
INSERT INTO `statistics_daily` VALUES ('1605', '2018-02-20', '803', '56', '324', '14', '2018-02-25 10:54:34', '2019-09-09 12:12:12');
INSERT INTO `statistics_daily` VALUES ('1606', '2018-02-21', '45', '35', '89', '14', '2018-02-25 10:54:34', '2019-09-09 12:12:12');
INSERT INTO `statistics_daily` VALUES ('1607', '2018-02-22', '804', '35', '324', '14', '2018-02-25 10:54:34', '2019-09-09 12:12:12');
INSERT INTO `statistics_daily` VALUES ('1608', '2018-02-23', '804', '35', '325', '14', '2018-02-25 10:54:34', '2019-09-09 12:12:12');
INSERT INTO `statistics_daily` VALUES ('1609', '2018-02-24', '805', '1', '3', '14', '2018-02-25 10:54:34', '2019-09-09 12:12:12');
INSERT INTO `statistics_daily` VALUES ('1610', '2018-05-15', '0', '0', '0', '7', '2018-05-16 00:25:27', '2019-09-09 12:12:12');
INSERT INTO `statistics_daily` VALUES ('1611', '2018-10-01', '0', '0', '0', '7', '2018-10-24 16:17:15', '2019-09-09 12:12:12');
INSERT INTO `statistics_daily` VALUES ('1612', '2018-10-02', '0', '0', '0', '7', '2018-10-24 16:17:15', '2019-09-09 12:12:12');
INSERT INTO `statistics_daily` VALUES ('1613', '2018-10-03', '0', '0', '0', '7', '2018-10-24 16:17:15', '2019-09-09 12:12:12');
INSERT INTO `statistics_daily` VALUES ('1614', '2018-10-04', '0', '0', '0', '7', '2018-10-24 16:17:15', '2019-09-09 12:12:12');
INSERT INTO `statistics_daily` VALUES ('1615', '2018-10-05', '0', '0', '0', '7', '2018-10-24 16:17:15', '2019-09-09 12:12:12');
INSERT INTO `statistics_daily` VALUES ('1650854283623010306', '2023-04-25', '0', '127', '149', '198', '2023-04-25 21:28:27', '2023-04-25 21:28:27');
INSERT INTO `statistics_daily` VALUES ('1650854347716169730', '2023-04-23', '1', '111', '132', '181', '2023-04-25 21:28:43', '2023-04-25 21:28:43');
INSERT INTO `statistics_daily` VALUES ('1650854716080918529', '2023-04-26', '0', '108', '140', '106', '2023-04-25 21:30:10', '2023-04-25 21:30:10');

-- ----------------------------
-- Table structure for t_order
-- ----------------------------
DROP TABLE IF EXISTS `t_order`;
CREATE TABLE `t_order` (
  `id` char(19) NOT NULL DEFAULT '',
  `order_no` varchar(20) NOT NULL DEFAULT '' COMMENT '订单号',
  `course_id` varchar(19) NOT NULL DEFAULT '' COMMENT '课程id',
  `course_title` varchar(100) DEFAULT NULL COMMENT '课程名称',
  `course_cover` varchar(255) DEFAULT NULL COMMENT '课程封面',
  `teacher_name` varchar(20) DEFAULT NULL COMMENT '讲师名称',
  `member_id` varchar(19) NOT NULL DEFAULT '' COMMENT '会员id',
  `nickname` varchar(50) DEFAULT NULL COMMENT '会员昵称',
  `mobile` varchar(11) DEFAULT NULL COMMENT '会员手机',
  `total_fee` decimal(10,2) DEFAULT '0.01' COMMENT '订单金额（分）',
  `pay_type` tinyint DEFAULT NULL COMMENT '支付类型（1：微信 2：支付宝）',
  `status` tinyint DEFAULT NULL COMMENT '订单状态（0：未支付 1：已支付）',
  `is_deleted` tinyint unsigned NOT NULL DEFAULT '0' COMMENT '逻辑删除 1（true）已删除， 0（false）未删除',
  `gmt_create` datetime NOT NULL COMMENT '创建时间',
  `gmt_modified` datetime NOT NULL COMMENT '更新时间',
  PRIMARY KEY (`id`),
  UNIQUE KEY `ux_order_no` (`order_no`),
  KEY `idx_course_id` (`course_id`),
  KEY `idx_member_id` (`member_id`)
) ENGINE=InnoDB DEFAULT CHARSET=utf8mb4 COLLATE=utf8mb4_0900_ai_ci COMMENT='订单';

-- ----------------------------
-- Records of t_order
-- ----------------------------
INSERT INTO `t_order` VALUES ('1195693605513891841', '1195693605555834880', '18', 'Java精品课程', 'http://guli-file.oss-cn-beijing.aliyuncs.com/cover/2019/03/06/866e9aca-b530-4f71-a690-72d4a4bfd1e7.jpg', '晴天', '1', '小三1231', '13700000001', '1.00', null, '0', '0', '2019-11-16 21:22:25', '2019-11-16 21:22:25');
INSERT INTO `t_order` VALUES ('1195694200178118657', '1195694200186507264', '18', 'Java精品课程', 'http://guli-file.oss-cn-beijing.aliyuncs.com/cover/2019/03/06/866e9aca-b530-4f71-a690-72d4a4bfd1e7.jpg', '晴天', '1', '小三1231', '13700000001', '1.00', null, '0', '0', '2019-11-16 21:24:47', '2019-11-16 21:24:47');
INSERT INTO `t_order` VALUES ('1196264007411744769', '1196264005255872512', '1192252213659774977', 'java基础课程：test', 'https://guli-file-190513.oss-cn-beijing.aliyuncs.com/cover/default.gif', '晴天', '1', '小三1231', '13700000001', '1.00', null, '1', '0', '2019-11-18 11:09:00', '2019-11-18 11:10:14');
INSERT INTO `t_order` VALUES ('1196265495278174209', '1196265495273979904', '18', 'Java精品课程', 'http://guli-file.oss-cn-beijing.aliyuncs.com/cover/2019/03/06/866e9aca-b530-4f71-a690-72d4a4bfd1e7.jpg', '晴天', '1', '小三1231', '13700000001', '1.00', null, '0', '0', '2019-11-18 11:14:54', '2019-11-18 11:14:54');
INSERT INTO `t_order` VALUES ('1650489953538879490', '20230424212044116', '1291291664610062338', 'java从入门到入土', 'http://edu-longyang.oss-cn-beijing.aliyuncs.com/2020/08/06/587d5686663541d986a750be8c9b99b9java.jpg', null, '1650102847549317121', '蓝波波', '13599201049', '30.00', '1', '0', '0', '2023-04-24 21:20:44', '2023-04-24 21:20:44');
INSERT INTO `t_order` VALUES ('1650489998313074689', '20230424212054096', '1291291664610062338', 'java从入门到入土', 'http://edu-longyang.oss-cn-beijing.aliyuncs.com/2020/08/06/587d5686663541d986a750be8c9b99b9java.jpg', null, '1650102847549317121', '蓝波波', '13599201049', '30.00', '1', '0', '0', '2023-04-24 21:20:55', '2023-04-24 21:20:55');
INSERT INTO `t_order` VALUES ('1650695487105814529', '20230425105727569', '1291291664610062338', 'java从入门到入土', 'http://edu-longyang.oss-cn-beijing.aliyuncs.com/2020/08/06/587d5686663541d986a750be8c9b99b9java.jpg', null, '1650102847549317121', '蓝波波', '13599201049', '30.00', '1', '0', '0', '2023-04-25 10:57:27', '2023-04-25 10:57:27');
INSERT INTO `t_order` VALUES ('1650699737521213441', '20230425111420146', '1291291664610062338', 'java从入门到入土', 'http://edu-longyang.oss-cn-beijing.aliyuncs.com/2020/08/06/587d5686663541d986a750be8c9b99b9java.jpg', null, '1650102847549317121', '蓝波波', '13599201049', '30.00', '1', '0', '0', '2023-04-25 11:14:21', '2023-04-25 11:14:21');
INSERT INTO `t_order` VALUES ('1650727301539188737', '20230425130352111', '1291291664610062338', 'java从入门到入土', 'http://edu-longyang.oss-cn-beijing.aliyuncs.com/2020/08/06/587d5686663541d986a750be8c9b99b9java.jpg', null, '1650102847549317121', '蓝波波', '13599201049', '0.00', '1', '0', '0', '2023-04-25 13:03:52', '2023-04-25 13:03:52');
INSERT INTO `t_order` VALUES ('1650728428464787458', '20230425130821136', '12', 'mysql基础', 'http://edu-longyang.oss-cn-beijing.aliyuncs.com/2020/08/06/587d5686663541d986a750be8c9b99b9java.jpg', null, '1650102847549317121', '蓝波波', '13599201049', '0.01', '1', '1', '0', '2023-04-25 13:08:21', '2023-04-25 13:10:25');
INSERT INTO `t_order` VALUES ('1650731961536839681', '20230425132223868', '12', 'mysql基础', 'http://edu-longyang.oss-cn-beijing.aliyuncs.com/2020/08/06/587d5686663541d986a750be8c9b99b9java.jpg', null, '1650102847549317121', '蓝波波', '13599201049', '0.01', '1', '0', '0', '2023-04-25 13:22:23', '2023-04-25 13:22:23');
INSERT INTO `t_order` VALUES ('1650732595648524290', '20230425132454764', '1291291664610062338', 'java从入门到入土', 'http://edu-longyang.oss-cn-beijing.aliyuncs.com/2020/08/06/587d5686663541d986a750be8c9b99b9java.jpg', null, '1650102847549317121', '蓝波波', '13599201049', '0.01', '1', '1', '0', '2023-04-25 13:24:55', '2023-04-25 13:29:51');
INSERT INTO `t_order` VALUES ('1650734168357335042', '20230425133109405', '1291293802446819330', 'mysql高级优化', 'http://edu-longyang.oss-cn-beijing.aliyuncs.com/2020/08/06/587d5686663541d986a750be8c9b99b9java.jpg', null, '1650102847549317121', '蓝波波', '13599201049', '0.01', '1', '0', '0', '2023-04-25 13:31:10', '2023-04-25 13:31:10');
INSERT INTO `t_order` VALUES ('1650754311502196738', '20230425145112787', '1291293802446819330', 'mysql高级优化', 'http://edu-longyang.oss-cn-beijing.aliyuncs.com/2020/08/06/587d5686663541d986a750be8c9b99b9java.jpg', null, '1650102847549317121', '蓝波波', '13599201049', '0.01', '1', '0', '0', '2023-04-25 14:51:12', '2023-04-25 14:51:12');
INSERT INTO `t_order` VALUES ('1650775365943644161', '20230425161451382', '1291293802446819330', 'mysql高级优化', 'http://edu-longyang.oss-cn-beijing.aliyuncs.com/2020/08/06/587d5686663541d986a750be8c9b99b9java.jpg', null, '1650102847549317121', '蓝波波', '13599201049', '0.01', '1', '0', '0', '2023-04-25 16:14:52', '2023-04-25 16:14:52');
INSERT INTO `t_order` VALUES ('1650775453667512322', '20230425161512954', '1291293802446819330', 'mysql高级优化', 'http://edu-longyang.oss-cn-beijing.aliyuncs.com/2020/08/06/587d5686663541d986a750be8c9b99b9java.jpg', null, '1650102847549317121', '蓝波波', '13599201049', '0.01', '1', '1', '0', '2023-04-25 16:15:13', '2023-04-25 16:15:28');
INSERT INTO `t_order` VALUES ('1652356342830723074', '20230430005706621', '1291298930809737218', '测试讲师下拉列表', 'http://edu-longyang.oss-cn-beijing.aliyuncs.com/2020/08/06/587d5686663541d986a750be8c9b99b9java.jpg', null, '1648653374440730625', '多看看书', '', '0.01', '1', '1', '0', '2023-04-30 00:57:06', '2023-04-30 00:57:52');
INSERT INTO `t_order` VALUES ('1656923137088540673', '20230512152354109', '1292097678242521090', '时间管理', 'http://edu-longyang.oss-cn-beijing.aliyuncs.com/2020/08/06/587d5686663541d986a750be8c9b99b9java.jpg', null, '1656922856485359617', '今心.', '', '0.01', '1', '0', '0', '2023-05-12 15:23:55', '2023-05-12 15:23:55');
INSERT INTO `t_order` VALUES ('1656929988387655681', '20230512155108666', '1292097678242521090', '时间管理', 'http://edu-longyang.oss-cn-beijing.aliyuncs.com/2020/08/06/587d5686663541d986a750be8c9b99b9java.jpg', null, '1652358426741305346', '蓝波波', '13599201049', '0.01', '1', '0', '0', '2023-05-12 15:51:08', '2023-05-12 15:51:28');
INSERT INTO `t_order` VALUES ('1657031014939705346', '20230512223234694', '1657002640489943042', 'Java基础', 'http://edu-longyang.oss-cn-beijing.aliyuncs.com/2020/08/06/587d5686663541d986a750be8c9b99b9java.jpg', null, '1652358426741305346', '蓝波波', '13599201049', '0.01', '1', '0', '0', '2023-05-12 22:32:35', '2023-05-12 22:32:35');
INSERT INTO `t_order` VALUES ('1657031028260814850', '20230512223237151', '1657002640489943042', 'Java基础', 'http://edu-longyang.oss-cn-beijing.aliyuncs.com/2020/08/06/587d5686663541d986a750be8c9b99b9java.jpg', null, '1652358426741305346', '蓝波波', '13599201049', '0.01', '1', '0', '0', '2023-05-12 22:32:38', '2023-05-12 22:32:38');

-- ----------------------------
-- Table structure for t_pay_log
-- ----------------------------
DROP TABLE IF EXISTS `t_pay_log`;
CREATE TABLE `t_pay_log` (
  `id` char(19) NOT NULL DEFAULT '',
  `order_no` varchar(20) NOT NULL DEFAULT '' COMMENT '订单号',
  `pay_time` datetime DEFAULT NULL COMMENT '支付完成时间',
  `total_fee` decimal(10,2) DEFAULT '0.01' COMMENT '支付金额（分）',
  `transaction_id` varchar(30) DEFAULT NULL COMMENT '交易流水号',
  `trade_state` char(20) DEFAULT NULL COMMENT '交易状态',
  `pay_type` tinyint NOT NULL DEFAULT '0' COMMENT '支付类型（1：微信 2：支付宝）',
  `attr` text COMMENT '其他属性',
  `is_deleted` tinyint unsigned NOT NULL DEFAULT '0' COMMENT '逻辑删除 1（true）已删除， 0（false）未删除',
  `gmt_create` datetime NOT NULL COMMENT '创建时间',
  `gmt_modified` datetime NOT NULL COMMENT '更新时间',
  PRIMARY KEY (`id`),
  UNIQUE KEY `uk_order_no` (`order_no`)
) ENGINE=InnoDB DEFAULT CHARSET=utf8mb4 COLLATE=utf8mb4_0900_ai_ci COMMENT='支付日志表';

-- ----------------------------
-- Records of t_pay_log
-- ----------------------------
INSERT INTO `t_pay_log` VALUES ('1194498446013001730', '1194498300579704832', '2019-11-13 14:13:17', '1.00', '4200000469201911130676624386', 'SUCCESS', '1', '{\"transaction_id\":\"4200000469201911130676624386\",\"nonce_str\":\"2Lc23ILl231It53M\",\"trade_state\":\"SUCCESS\",\"bank_type\":\"CFT\",\"openid\":\"oNpSGwR-QGG5DaZtDkh2UZlsFDQE\",\"sign\":\"5404850AA3ED0E844DE104651477F07A\",\"return_msg\":\"OK\",\"fee_type\":\"CNY\",\"mch_id\":\"1473426802\",\"cash_fee\":\"1\",\"out_trade_no\":\"1194498300579704832\",\"cash_fee_type\":\"CNY\",\"appid\":\"wx8397f8696b538317\",\"total_fee\":\"1\",\"trade_state_desc\":\"支付成功\",\"trade_type\":\"NATIVE\",\"result_code\":\"SUCCESS\",\"attach\":\"\",\"time_end\":\"20191113141314\",\"is_subscribe\":\"N\",\"return_code\":\"SUCCESS\"}', '0', '2019-11-13 14:13:17', '2019-11-13 14:13:17');
INSERT INTO `t_pay_log` VALUES ('1195253787449430017', '1195253049260314624', '2019-11-15 16:14:44', '1.00', '4200000454201911150981874895', 'SUCCESS', '1', '{\"transaction_id\":\"4200000454201911150981874895\",\"nonce_str\":\"MAM5UM4Xhv1lItvO\",\"trade_state\":\"SUCCESS\",\"bank_type\":\"CFT\",\"openid\":\"oNpSGwR-QGG5DaZtDkh2UZlsFDQE\",\"sign\":\"7DBDCAF4A078B30BB3EF073E6A238C20\",\"return_msg\":\"OK\",\"fee_type\":\"CNY\",\"mch_id\":\"1473426802\",\"cash_fee\":\"1\",\"out_trade_no\":\"1195253049260314624\",\"cash_fee_type\":\"CNY\",\"appid\":\"wx8397f8696b538317\",\"total_fee\":\"1\",\"trade_state_desc\":\"支付成功\",\"trade_type\":\"NATIVE\",\"result_code\":\"SUCCESS\",\"attach\":\"\",\"time_end\":\"20191115161440\",\"is_subscribe\":\"N\",\"return_code\":\"SUCCESS\"}', '0', '2019-11-15 16:14:44', '2019-11-15 16:14:44');
INSERT INTO `t_pay_log` VALUES ('1196264321397342210', '1196264005255872512', '2019-11-18 11:10:14', '1.00', '4200000453201911184025781554', 'SUCCESS', '1', '{\"transaction_id\":\"4200000453201911184025781554\",\"nonce_str\":\"D1dHexCLIFIxAAg2\",\"trade_state\":\"SUCCESS\",\"bank_type\":\"CFT\",\"openid\":\"oNpSGwR-QGG5DaZtDkh2UZlsFDQE\",\"sign\":\"C9F5CA1EE49EA7891736D73BEB423962\",\"return_msg\":\"OK\",\"fee_type\":\"CNY\",\"mch_id\":\"1473426802\",\"cash_fee\":\"1\",\"out_trade_no\":\"1196264005255872512\",\"cash_fee_type\":\"CNY\",\"appid\":\"wx8397f8696b538317\",\"total_fee\":\"1\",\"trade_state_desc\":\"支付成功\",\"trade_type\":\"NATIVE\",\"result_code\":\"SUCCESS\",\"attach\":\"\",\"time_end\":\"20191118111011\",\"is_subscribe\":\"N\",\"return_code\":\"SUCCESS\"}', '0', '2019-11-18 11:10:14', '2019-11-18 11:10:14');
INSERT INTO `t_pay_log` VALUES ('1650728949149880322', '20230425130821136', '2023-04-25 13:10:25', '0.01', '4200001733202304252092373371', 'SUCCESS', '1', '{\"transaction_id\":\"4200001733202304252092373371\",\"nonce_str\":\"QVtkmgmxovuJHlAB\",\"trade_state\":\"SUCCESS\",\"bank_type\":\"OTHERS\",\"openid\":\"oHwsHuD5O3TkS5DlRL4J01uuBDoI\",\"sign\":\"9CB53D35E4D51B8BBF1036F4113F9259\",\"return_msg\":\"OK\",\"fee_type\":\"CNY\",\"mch_id\":\"1558950191\",\"cash_fee\":\"1\",\"out_trade_no\":\"20230425130821136\",\"cash_fee_type\":\"CNY\",\"appid\":\"wx74862e0dfcf69954\",\"total_fee\":\"1\",\"trade_state_desc\":\"支付成功\",\"trade_type\":\"NATIVE\",\"result_code\":\"SUCCESS\",\"attach\":\"\",\"time_end\":\"20230425130834\",\"is_subscribe\":\"N\",\"return_code\":\"SUCCESS\"}', '0', '2023-04-25 13:10:25', '2023-04-25 13:10:25');
INSERT INTO `t_pay_log` VALUES ('1650733839796531201', '20230425132454764', '2023-04-25 13:29:51', '0.01', '4200001809202304258498218976', 'SUCCESS', '1', '{\"transaction_id\":\"4200001809202304258498218976\",\"nonce_str\":\"3o7bBMrSihWHRoee\",\"trade_state\":\"SUCCESS\",\"bank_type\":\"OTHERS\",\"openid\":\"oHwsHuD5O3TkS5DlRL4J01uuBDoI\",\"sign\":\"7CA368E0864A7B8C8F76868D7B95CEF6\",\"return_msg\":\"OK\",\"fee_type\":\"CNY\",\"mch_id\":\"1558950191\",\"cash_fee\":\"1\",\"out_trade_no\":\"20230425132454764\",\"cash_fee_type\":\"CNY\",\"appid\":\"wx74862e0dfcf69954\",\"total_fee\":\"1\",\"trade_state_desc\":\"支付成功\",\"trade_type\":\"NATIVE\",\"result_code\":\"SUCCESS\",\"attach\":\"\",\"time_end\":\"20230425132951\",\"is_subscribe\":\"N\",\"return_code\":\"SUCCESS\"}', '0', '2023-04-25 13:29:51', '2023-04-25 13:29:51');
INSERT INTO `t_pay_log` VALUES ('1650775519161569281', '20230425161512954', '2023-04-25 16:15:28', '0.01', '4200001809202304250999078480', 'SUCCESS', '1', '{\"transaction_id\":\"4200001809202304250999078480\",\"nonce_str\":\"NriQT7a3R8TQD5FU\",\"trade_state\":\"SUCCESS\",\"bank_type\":\"OTHERS\",\"openid\":\"oHwsHuD5O3TkS5DlRL4J01uuBDoI\",\"sign\":\"DEE4B557A16E82AC6006DB9D09182749\",\"return_msg\":\"OK\",\"fee_type\":\"CNY\",\"mch_id\":\"1558950191\",\"cash_fee\":\"1\",\"out_trade_no\":\"20230425161512954\",\"cash_fee_type\":\"CNY\",\"appid\":\"wx74862e0dfcf69954\",\"total_fee\":\"1\",\"trade_state_desc\":\"支付成功\",\"trade_type\":\"NATIVE\",\"result_code\":\"SUCCESS\",\"attach\":\"\",\"time_end\":\"20230425161526\",\"is_subscribe\":\"N\",\"return_code\":\"SUCCESS\"}', '0', '2023-04-25 16:15:28', '2023-04-25 16:15:28');
INSERT INTO `t_pay_log` VALUES ('1652356429950611457', '20230430005706621', '2023-04-30 00:57:27', '0.01', '4200001829202304301809339115', 'SUCCESS', '1', '{\"transaction_id\":\"4200001829202304301809339115\",\"nonce_str\":\"BhPexCp2nu4kzkX4\",\"trade_state\":\"SUCCESS\",\"bank_type\":\"OTHERS\",\"openid\":\"oHwsHuD5O3TkS5DlRL4J01uuBDoI\",\"sign\":\"085F37F4D7027DAF31A51D6FDC4E4098\",\"return_msg\":\"OK\",\"fee_type\":\"CNY\",\"mch_id\":\"1558950191\",\"cash_fee\":\"1\",\"out_trade_no\":\"20230430005706621\",\"cash_fee_type\":\"CNY\",\"appid\":\"wx74862e0dfcf69954\",\"total_fee\":\"1\",\"trade_state_desc\":\"支付成功\",\"trade_type\":\"NATIVE\",\"result_code\":\"SUCCESS\",\"attach\":\"\",\"time_end\":\"20230430005726\",\"is_subscribe\":\"N\",\"return_code\":\"SUCCESS\"}', '0', '2023-04-30 00:57:27', '2023-04-30 00:57:27');
INSERT INTO `t_pay_log` VALUES ('1656930069832650753', '20230512155108666', '2023-05-12 15:51:28', '0.01', '4200001823202305123209357146', 'SUCCESS', '1', '{\"transaction_id\":\"4200001823202305123209357146\",\"nonce_str\":\"w2TY15bSp2VgqyY8\",\"trade_state\":\"SUCCESS\",\"bank_type\":\"OTHERS\",\"openid\":\"oHwsHuD5O3TkS5DlRL4J01uuBDoI\",\"sign\":\"4F3CDE6E4EB64AF3B9C153B7EBE2E2A9\",\"return_msg\":\"OK\",\"fee_type\":\"CNY\",\"mch_id\":\"1558950191\",\"cash_fee\":\"1\",\"out_trade_no\":\"20230512155108666\",\"cash_fee_type\":\"CNY\",\"appid\":\"wx74862e0dfcf69954\",\"total_fee\":\"1\",\"trade_state_desc\":\"支付成功\",\"trade_type\":\"NATIVE\",\"result_code\":\"SUCCESS\",\"attach\":\"\",\"time_end\":\"20230512155126\",\"is_subscribe\":\"N\",\"return_code\":\"SUCCESS\"}', '0', '2023-05-12 15:51:28', '2023-05-12 15:51:28');

-- ----------------------------
-- Table structure for ucenter_member
-- ----------------------------
DROP TABLE IF EXISTS `ucenter_member`;
CREATE TABLE `ucenter_member` (
  `id` char(19) NOT NULL COMMENT '会员id',
  `openid` varchar(128) DEFAULT NULL COMMENT '微信openid',
  `mobile` varchar(11) DEFAULT '' COMMENT '手机号',
  `password` varchar(255) DEFAULT NULL COMMENT '密码',
  `nickname` varchar(50) DEFAULT NULL COMMENT '昵称',
  `sex` tinyint unsigned DEFAULT NULL COMMENT '性别 1 女，2 男',
  `age` tinyint unsigned DEFAULT NULL COMMENT '年龄',
  `avatar` varchar(255) DEFAULT NULL COMMENT '用户头像',
  `sign` varchar(100) DEFAULT NULL COMMENT '用户签名',
  `is_disabled` tinyint(1) NOT NULL DEFAULT '0' COMMENT '是否禁用 1（true）已禁用，  0（false）未禁用',
  `is_deleted` tinyint(1) NOT NULL DEFAULT '0' COMMENT '逻辑删除 1（true）已删除， 0（false）未删除',
  `gmt_create` datetime NOT NULL COMMENT '创建时间',
  `gmt_modified` datetime NOT NULL COMMENT '更新时间',
  PRIMARY KEY (`id`)
) ENGINE=InnoDB DEFAULT CHARSET=utf8mb4 COLLATE=utf8mb4_0900_ai_ci COMMENT='会员表';

-- ----------------------------
-- Records of ucenter_member
-- ----------------------------
INSERT INTO `ucenter_member` VALUES ('1', '1', '13700000001', '96e79218965eb72c92a549dd5a330112', '小三123', '1', '5', 'https://online-education-test1010.oss-cn-fuzhou.aliyuncs.com/2023/04/%E6%96%B0%E5%BB%BA%E6%96%87%E4%BB%B6%E5%A4%B9/mmexport1683430598949.jpg', '0', '0', '0', '2019-01-01 12:11:33', '2019-11-08 11:56:01');
INSERT INTO `ucenter_member` VALUES ('1080736474267144193', null, '13700000011', '96e79218965eb72c92a549dd5a330112', '用户XJtDfaYeKk', '1', '19', 'https://online-education-test1010.oss-cn-fuzhou.aliyuncs.com/2023/04/%E6%96%B0%E5%BB%BA%E6%96%87%E4%BB%B6%E5%A4%B9/mmexport1683430598949.jpg', null, '0', '0', '2019-01-02 12:12:45', '2019-01-02 12:12:56');
INSERT INTO `ucenter_member` VALUES ('1080736474355224577', null, '13700000002', '96e79218965eb72c92a549dd5a330112', '用户wUrNkzAPrc', '1', '27', 'https://online-education-test1010.oss-cn-fuzhou.aliyuncs.com/2023/04/%E6%96%B0%E5%BB%BA%E6%96%87%E4%BB%B6%E5%A4%B9/mmexport1683430598949.jpg', null, '0', '0', '2019-01-02 12:13:56', '2019-01-02 12:14:07');
INSERT INTO `ucenter_member` VALUES ('1086387099449442306', null, '13520191388', '96e79218965eb72c92a549dd5a330112', '用户XTMUeHDAoj', '2', '20', 'https://online-education-test1010.oss-cn-fuzhou.aliyuncs.com/2023/04/%E6%96%B0%E5%BB%BA%E6%96%87%E4%BB%B6%E5%A4%B9/mmexport1683430598949.jpg', null, '0', '0', '2019-01-19 06:17:23', '2019-01-19 06:17:23');
INSERT INTO `ucenter_member` VALUES ('1086387099520745473', null, '13520191389', '96e79218965eb72c92a549dd5a330112', '用户vSdKeDlimn', '1', '21', 'https://online-education-test1010.oss-cn-fuzhou.aliyuncs.com/2023/04/%E6%96%B0%E5%BB%BA%E6%96%87%E4%BB%B6%E5%A4%B9/mmexport1683430598949.jpg', null, '0', '0', '2019-01-19 06:17:23', '2019-01-19 06:17:23');
INSERT INTO `ucenter_member` VALUES ('1086387099608825858', null, '13520191381', '96e79218965eb72c92a549dd5a330112', '用户EoyWUVXQoP', '1', '18', 'https://online-education-test1010.oss-cn-fuzhou.aliyuncs.com/2023/04/%E6%96%B0%E5%BB%BA%E6%96%87%E4%BB%B6%E5%A4%B9/mmexport1683430598949.jpg', null, '0', '0', '2019-01-19 06:17:23', '2019-01-19 06:17:23');
INSERT INTO `ucenter_member` VALUES ('1086387099701100545', null, '13520191382', '96e79218965eb72c92a549dd5a330112', '用户LcAYbxLNdN', '2', '24', 'https://online-education-test1010.oss-cn-fuzhou.aliyuncs.com/2023/04/%E6%96%B0%E5%BB%BA%E6%96%87%E4%BB%B6%E5%A4%B9/mmexport1683430598949.jpg', null, '0', '0', '2019-01-19 06:17:23', '2019-01-19 06:17:23');
INSERT INTO `ucenter_member` VALUES ('1086387099776598018', null, '13520191383', '96e79218965eb72c92a549dd5a330112', '用户dZdjcgltnk', '2', '25', 'https://online-education-test1010.oss-cn-fuzhou.aliyuncs.com/2023/04/%E6%96%B0%E5%BB%BA%E6%96%87%E4%BB%B6%E5%A4%B9/mmexport1683430598949.jpg', null, '0', '0', '2019-01-19 06:17:23', '2019-01-19 06:17:23');
INSERT INTO `ucenter_member` VALUES ('1086387099852095490', null, '13520191384', '96e79218965eb72c92a549dd5a330112', '用户wNHGHlxUwX', '2', '23', 'https://online-education-test1010.oss-cn-fuzhou.aliyuncs.com/2023/04/%E6%96%B0%E5%BB%BA%E6%96%87%E4%BB%B6%E5%A4%B9/mmexport1683430598949.jpg', null, '0', '0', '2019-01-19 06:17:23', '2019-01-19 06:17:23');
INSERT INTO `ucenter_member` VALUES ('1293112972314537985', null, '13206203240', '96e79218965eb72c92a549dd5a330112', '龙达达', null, null, 'https://edu-longyang.oss-cn-https://online-education-test1010.oss-cn-fuzhou.aliyuncs.com/2023/04/%E6%96%B0%E5%BB%BA%E6%96%87%E4%BB%B6%E5%A4%B9/mmexport1683430598949.jpg', null, '0', '0', '2020-08-12 17:12:12', '2020-08-11 17:12:12');
INSERT INTO `ucenter_member` VALUES ('1293479645739515905', 'o3_SC5100iQtZIOEa1O6_wwhB61I', '', null, '龙达达', null, null, 'https://online-education-test1010.oss-cn-fuzhou.aliyuncs.com/2023/04/%E6%96%B0%E5%BB%BA%E6%96%87%E4%BB%B6%E5%A4%B9/mmexport1683430598949.jpg', null, '0', '0', '2020-08-12 17:29:14', '2020-08-12 17:29:14');
INSERT INTO `ucenter_member` VALUES ('1293485029254529025', 'o3_SC54LD44rVqQ1PohBLgQD4PhE', '', null, '牵', null, null, 'https://online-education-test1010.oss-cn-fuzhou.aliyuncs.com/2023/04/%E6%96%B0%E5%BB%BA%E6%96%87%E4%BB%B6%E5%A4%B9/mmexport1683430598949.jpg', null, '0', '0', '2020-08-12 17:50:37', '2020-08-12 17:50:37');
INSERT INTO `ucenter_member` VALUES ('1648653374440730625', 'o3_SC57X8_br-siDm-Ru-6kKA_5A', '', null, '多看看书', null, null, 'https://online-education-test1010.oss-cn-fuzhou.aliyuncs.com/2023/04/%E6%96%B0%E5%BB%BA%E6%96%87%E4%BB%B6%E5%A4%B9/mmexport1683430598949.jpg', null, '0', '0', '2023-04-19 19:42:50', '2023-04-19 19:42:50');
INSERT INTO `ucenter_member` VALUES ('1649051546824564738', null, '', 'd891cf97151b7b6a8058e8186a8f42a0', 'ab1', null, null, null, null, '0', '0', '2023-04-20 22:05:01', '2023-04-20 22:05:01');
INSERT INTO `ucenter_member` VALUES ('1649052503285260290', null, '', 'd891cf97151b7b6a8058e8186a8f42a0', 'abc1234', null, null, null, null, '0', '0', '2023-04-20 22:08:49', '2023-04-20 22:08:49');
INSERT INTO `ucenter_member` VALUES ('1649079718148399105', null, '', 'd891cf97151b7b6a8058e8186a8f42a0', 'abc12355', null, null, null, null, '0', '0', '2023-04-20 23:56:58', '2023-04-20 23:56:58');
INSERT INTO `ucenter_member` VALUES ('1649080438012600321', null, '', 'd891cf97151b7b6a8058e8186a8f42a0', 'abc12377', null, null, null, null, '0', '0', '2023-04-20 23:59:50', '2023-04-20 23:59:50');
INSERT INTO `ucenter_member` VALUES ('1649082529997217794', null, '', 'd891cf97151b7b6a8058e8186a8f42a0', 'abc12359', null, null, null, null, '0', '0', '2023-04-21 00:08:08', '2023-04-21 00:08:08');
INSERT INTO `ucenter_member` VALUES ('1652358426741305346', '1', '11111111111', 'e10adc3949ba59abbe56e057f20f883e', '蓝哇哇', '1', null, 'https://online-education-test1010.oss-cn-fuzhou.aliyuncs.com/2023/04/%E6%96%B0%E5%BB%BA%E6%96%87%E4%BB%B6%E5%A4%B9/2179794410.jpeg', '0', '0', '0', '2023-04-30 01:05:23', '2023-04-30 01:05:23');
INSERT INTO `ucenter_member` VALUES ('1656922856485359617', 'o3_SC5wv6muqLosDBkcd6qHS5Y9k', '', null, '今心.', null, null, 'https://thirdwx.qlogo.cn/mmopen/vi_32/NvIXpXfHnsaDJNicV78TuZWxBqQeAm7wqKTfpYicux1Lo0TuYOeUxku4qErrty8EcDKDj2xxgf1bFvXhzRT6MDvg/132', null, '0', '0', '2023-05-12 15:22:48', '2023-05-12 15:22:48');
